ISO-10303-21;
HEADER;
FILE_DESCRIPTION (( 'STEP AP203' ),
    '1' );
FILE_NAME ('barres_plate_millieu_Défaut_sldprt.STEP',
    '2020-11-29T13:37:08',
    ( '' ),
    ( '' ),
    'SwSTEP 2.0',
    'SolidWorks 2020',
    '' );
FILE_SCHEMA (( 'CONFIG_CONTROL_DESIGN' ));
ENDSEC;

DATA;
#1 = CARTESIAN_POINT ( 'NONE',  ( 70.00000000000000000, -65.00000000000001421, 12.00000000000000711 ) ) ;
#2 = MANIFOLD_SOLID_BREP ( 'Maintien2-1-solid1', #807 ) ;
#3 = ORIENTED_EDGE ( 'NONE', *, *, #1016, .T. ) ;
#4 = CYLINDRICAL_SURFACE ( 'NONE', #1427, 8.999999999999994671 ) ;
#5 = EDGE_LOOP ( 'NONE', ( #532, #885, #134, #450, #917, #297, #240, #836 ) ) ;
#6 = VERTEX_POINT ( 'NONE', #567 ) ;
#7 = DIRECTION ( 'NONE',  ( 0.000000000000000000, 0.000000000000000000, -1.000000000000000000 ) ) ;
#8 = ORIENTED_EDGE ( 'NONE', *, *, #391, .T. ) ;
#9 = CARTESIAN_POINT ( 'NONE',  ( -90.00000000000000000, 64.99999999999998579, 12.00000000000000711 ) ) ;
#10 = MANIFOLD_SOLID_BREP ( 'maintien-2-solid1', #209 ) ;
#11 = DIRECTION ( 'NONE',  ( -1.000000000000000000, 8.673617379884035472E-17, 0.000000000000000000 ) ) ;
#12 = DIRECTION ( 'NONE',  ( 0.000000000000000000, 0.000000000000000000, 1.000000000000000000 ) ) ;
#13 = MANIFOLD_SOLID_BREP ( 'Maintien2-2-solid1', #1109 ) ;
#14 = EDGE_LOOP ( 'NONE', ( #667, #626 ) ) ;
#15 = ORIENTED_EDGE ( 'NONE', *, *, #420, .F. ) ;
#16 = VERTEX_POINT ( 'NONE', #349 ) ;
#17 = ADVANCED_FACE ( 'NONE', ( #24 ), #796, .F. ) ;
#18 = AXIS2_PLACEMENT_3D ( 'NONE', #966, #203, #971 ) ;
#19 = DIRECTION ( 'NONE',  ( 0.000000000000000000, 1.000000000000000000, 0.000000000000000000 ) ) ;
#20 = AXIS2_PLACEMENT_3D ( 'NONE', #405, #1177, #162 ) ;
#21 = DIRECTION ( 'NONE',  ( 0.000000000000000000, 0.000000000000000000, 1.000000000000000000 ) ) ;
#22 = ORIENTED_EDGE ( 'NONE', *, *, #1218, .F. ) ;
#23 = CARTESIAN_POINT ( 'NONE',  ( 80.00000000000000000, 84.99999999999998579, 2.000000000000006217 ) ) ;
#24 = FACE_OUTER_BOUND ( 'NONE', #485, .T. ) ;
#25 = EDGE_CURVE ( 'NONE', #1225, #1214, #271, .T. ) ;
#26 = LINE ( 'NONE', #1128, #802 ) ;
#27 = CARTESIAN_POINT ( 'NONE',  ( -89.00000000000000000, -80.00000000000001421, 2.775557561562891351E-14 ) ) ;
#28 = PLANE ( 'NONE',  #1334 ) ;
#29 = EDGE_LOOP ( 'NONE', ( #1094, #346, #603, #465 ) ) ;
#30 = VERTEX_POINT ( 'NONE', #1276 ) ;
#31 = LINE ( 'NONE', #1032, #173 ) ;
#32 = DIRECTION ( 'NONE',  ( 1.000000000000000000, 0.000000000000000000, 0.000000000000000000 ) ) ;
#33 = DIRECTION ( 'NONE',  ( 0.000000000000000000, 0.000000000000000000, -1.000000000000000000 ) ) ;
#34 = EDGE_CURVE ( 'NONE', #1204, #428, #321, .T. ) ;
#35 = DATE_AND_TIME ( #1258, #1036 ) ;
#36 = VERTEX_POINT ( 'NONE', #1390 ) ;
#37 = CARTESIAN_POINT ( 'NONE',  ( -80.00000000000000000, -80.00000000000000000, 2.000000000000006217 ) ) ;
#38 = ORIENTED_EDGE ( 'NONE', *, *, #1164, .T. ) ;
#39 = CARTESIAN_POINT ( 'NONE',  ( -76.63523454626127318, 83.69842580584311520, 12.00000000000000711 ) ) ;
#40 = VECTOR ( 'NONE', #1155, 1000.000000000000000 ) ;
#41 = CARTESIAN_POINT ( 'NONE',  ( -76.63523454626127318, 83.69842580584311520, 12.00000000000000711 ) ) ;
#42 = VECTOR ( 'NONE', #1206, 1000.000000000000000 ) ;
#43 = PERSON_AND_ORGANIZATION ( #400, #1175 ) ;
#44 = ADVANCED_FACE ( 'NONE', ( #1380, #708 ), #1368, .F. ) ;
#45 = ORIENTED_EDGE ( 'NONE', *, *, #1298, .T. ) ;
#46 = LINE ( 'NONE', #814, #163 ) ;
#47 = DIRECTION ( 'NONE',  ( 0.000000000000000000, -1.000000000000000000, 0.000000000000000000 ) ) ;
#48 = DIRECTION ( 'NONE',  ( -0.000000000000000000, 0.000000000000000000, -1.000000000000000000 ) ) ;
#49 = CIRCLE ( 'NONE', #1047, 8.000000000000007105 ) ;
#50 = FACE_OUTER_BOUND ( 'NONE', #244, .T. ) ;
#51 = SECURITY_CLASSIFICATION_LEVEL ( 'unclassified' ) ;
#52 = VERTEX_POINT ( 'NONE', #616 ) ;
#53 = CARTESIAN_POINT ( 'NONE',  ( 70.00000000000000000, -88.00000000000002842, 12.00000000000000711 ) ) ;
#54 = CC_DESIGN_DATE_AND_TIME_ASSIGNMENT ( #35, #501, ( #753 ) ) ;
#55 = CARTESIAN_POINT ( 'NONE',  ( -75.00000000000000000, -80.00000000000001421, 2.775557561562891351E-14 ) ) ;
#56 = VECTOR ( 'NONE', #1365, 1000.000000000000000 ) ;
#57 = LINE ( 'NONE', #606, #623 ) ;
#58 = CARTESIAN_POINT ( 'NONE',  ( 70.00000000000000000, -95.00000000000001421, 12.00000000000000711 ) ) ;
#59 = EDGE_LOOP ( 'NONE', ( #495, #676 ) ) ;
#60 = CARTESIAN_POINT ( 'NONE',  ( -72.50000000000001421, -72.00000000000000000, 7.000000000000006217 ) ) ;
#61 = ORIENTED_EDGE ( 'NONE', *, *, #1199, .F. ) ;
#62 = ADVANCED_FACE ( 'NONE', ( #1384, #1268 ), #730, .F. ) ;
#63 = AXIS2_PLACEMENT_3D ( 'NONE', #991, #1352, #779 ) ;
#64 = VECTOR ( 'NONE', #1340, 1000.000000000000000 ) ;
#65 = CC_DESIGN_APPROVAL ( #236, ( #675 ) ) ;
#66 = ORIENTED_EDGE ( 'NONE', *, *, #601, .T. ) ;
#67 = AXIS2_PLACEMENT_3D ( 'NONE', #932, #604, #1052 ) ;
#68 = CIRCLE ( 'NONE', #1245, 5.000000000000004441 ) ;
#69 = CARTESIAN_POINT ( 'NONE',  ( 90.00000000000001421, -95.00000000000001421, 7.000000000000006217 ) ) ;
#70 = DIRECTION ( 'NONE',  ( -0.8390976183068128424, -0.5439808700237851458, 0.000000000000000000 ) ) ;
#71 = ORIENTED_EDGE ( 'NONE', *, *, #1178, .F. ) ;
#72 = DIRECTION ( 'NONE',  ( -1.000000000000000000, 0.000000000000000000, 0.000000000000000000 ) ) ;
#73 = CARTESIAN_POINT ( 'NONE',  ( -72.50000000000001421, -80.00000000000000000, 12.00000000000000711 ) ) ;
#74 = EDGE_CURVE ( 'NONE', #230, #1059, #726, .T. ) ;
#75 = CARTESIAN_POINT ( 'NONE',  ( 80.00000000000000000, 79.99999999999998579, 12.00000000000000711 ) ) ;
#76 = VERTEX_POINT ( 'NONE', #172 ) ;
#77 = DIRECTION ( 'NONE',  ( -0.000000000000000000, -0.000000000000000000, -1.000000000000000000 ) ) ;
#78 = CARTESIAN_POINT ( 'NONE',  ( -80.00000000000000000, -80.00000000000000000, 12.00000000000000711 ) ) ;
#79 = CARTESIAN_POINT ( 'NONE',  ( 87.50000000000001421, 71.99999999999998579, 7.000000000000006217 ) ) ;
#80 = DIRECTION ( 'NONE',  ( -0.000000000000000000, -0.000000000000000000, -1.000000000000000000 ) ) ;
#81 = CC_DESIGN_DATE_AND_TIME_ASSIGNMENT ( #1029, #1038, ( #675 ) ) ;
#82 = FACE_OUTER_BOUND ( 'NONE', #110, .T. ) ;
#83 = EDGE_CURVE ( 'NONE', #685, #6, #1338, .T. ) ;
#84 = ORIENTED_EDGE ( 'NONE', *, *, #594, .T. ) ;
#85 = DIRECTION ( 'NONE',  ( -4.440892098500626162E-16, 1.000000000000000000, 0.000000000000000000 ) ) ;
#86 = CARTESIAN_POINT ( 'NONE',  ( 87.50000000000000000, 79.99999999999998579, 12.00000000000000711 ) ) ;
#87 = EDGE_LOOP ( 'NONE', ( #740, #825, #1110, #614 ) ) ;
#88 = DIRECTION ( 'NONE',  ( -0.000000000000000000, -0.000000000000000000, -1.000000000000000000 ) ) ;
#89 = EDGE_LOOP ( 'NONE', ( #994, #1301 ) ) ;
#90 = AXIS2_PLACEMENT_3D ( 'NONE', #1076, #748, #1408 ) ;
#91 = ADVANCED_FACE ( 'NONE', ( #188 ), #1042, .T. ) ;
#92 = DIRECTION ( 'NONE',  ( -1.000000000000000000, 0.000000000000000000, 0.000000000000000000 ) ) ;
#93 = LINE ( 'NONE', #534, #868 ) ;
#94 = ORIENTED_EDGE ( 'NONE', *, *, #1178, .T. ) ;
#95 = AXIS2_PLACEMENT_3D ( 'NONE', #1171, #498, #823 ) ;
#96 = DIRECTION ( 'NONE',  ( -0.8390976183068128424, -0.5439808700237851458, 0.000000000000000000 ) ) ;
#97 = ORIENTED_EDGE ( 'NONE', *, *, #710, .F. ) ;
#98 = CIRCLE ( 'NONE', #515, 8.999999999999994671 ) ;
#99 = DIRECTION ( 'NONE',  ( -1.000000000000000000, 8.673617379884035472E-17, 0.000000000000000000 ) ) ;
#100 = DIRECTION ( 'NONE',  ( 0.000000000000000000, -1.000000000000000000, 0.000000000000000000 ) ) ;
#101 = CIRCLE ( 'NONE', #907, 8.999999999999994671 ) ;
#102 = CARTESIAN_POINT ( 'NONE',  ( 80.00000000000000000, 79.99999999999998579, 7.000000000000006217 ) ) ;
#103 = PLANE ( 'NONE',  #789 ) ;
#104 = ORIENTED_EDGE ( 'NONE', *, *, #724, .T. ) ;
#105 = CARTESIAN_POINT ( 'NONE',  ( 80.00000000000000000, -80.00000000000001421, 7.000000000000006217 ) ) ;
#106 = LINE ( 'NONE', #194, #920 ) ;
#107 = CARTESIAN_POINT ( 'NONE',  ( -70.00000000000000000, 71.07496207581520764, 12.00000000000000711 ) ) ;
#108 = EDGE_CURVE ( 'NONE', #736, #1356, #186, .T. ) ;
#109 = CARTESIAN_POINT ( 'NONE',  ( 80.00000000000000000, 79.99999999999998579, -35.00000000000002842 ) ) ;
#110 = EDGE_LOOP ( 'NONE', ( #1412, #1142, #22, #1127 ) ) ;
#111 = CIRCLE ( 'NONE', #1280, 8.999999999999994671 ) ;
#112 = EDGE_LOOP ( 'NONE', ( #574, #792, #598, #284 ) ) ;
#113 = ORIENTED_EDGE ( 'NONE', *, *, #1346, .F. ) ;
#114 = FACE_OUTER_BOUND ( 'NONE', #121, .T. ) ;
#115 = DIRECTION ( 'NONE',  ( 0.000000000000000000, 0.000000000000000000, 1.000000000000000000 ) ) ;
#116 = VECTOR ( 'NONE', #1185, 1000.000000000000000 ) ;
#117 = VECTOR ( 'NONE', #767, 1000.000000000000000 ) ;
#118 = CARTESIAN_POINT ( 'NONE',  ( 89.00000000000000000, 79.99999999999998579, -35.00000000000002842 ) ) ;
#119 = ADVANCED_FACE ( 'NONE', ( #833 ), #838, .T. ) ;
#120 = LINE ( 'NONE', #560, #258 ) ;
#121 = EDGE_LOOP ( 'NONE', ( #1342, #97, #1431, #435 ) ) ;
#122 = ORIENTED_EDGE ( 'NONE', *, *, #769, .T. ) ;
#123 = ORIENTED_EDGE ( 'NONE', *, *, #431, .F. ) ;
#124 = VECTOR ( 'NONE', #325, 1000.000000000000000 ) ;
#125 = ORIENTED_EDGE ( 'NONE', *, *, #1051, .F. ) ;
#126 = FACE_OUTER_BOUND ( 'NONE', #990, .T. ) ;
#127 = VECTOR ( 'NONE', #477, 1000.000000000000000 ) ;
#128 = ORIENTED_EDGE ( 'NONE', *, *, #1033, .F. ) ;
#129 = APPROVAL_DATE_TIME ( #1223, #236 ) ;
#130 = EDGE_CURVE ( 'NONE', #870, #170, #1161, .T. ) ;
#131 = ORIENTED_EDGE ( 'NONE', *, *, #1156, .T. ) ;
#132 = VERTEX_POINT ( 'NONE', #79 ) ;
#133 = CARTESIAN_POINT ( 'NONE',  ( -70.00000000000000000, 64.99999999999998579, 7.000000000000006217 ) ) ;
#134 = ORIENTED_EDGE ( 'NONE', *, *, #684, .T. ) ;
#135 = EDGE_CURVE ( 'NONE', #659, #340, #921, .T. ) ;
#136 = CARTESIAN_POINT ( 'NONE',  ( -70.00000000000000000, 71.07496207581520764, 7.000000000000006217 ) ) ;
#137 = DIRECTION ( 'NONE',  ( 0.000000000000000000, 0.000000000000000000, 1.000000000000000000 ) ) ;
#138 = ORIENTED_EDGE ( 'NONE', *, *, #1068, .T. ) ;
#139 = DIRECTION ( 'NONE',  ( -1.000000000000000000, 8.673617379884035472E-17, 0.000000000000000000 ) ) ;
#140 = EDGE_CURVE ( 'NONE', #1320, #446, #1261, .T. ) ;
#141 = ORIENTED_EDGE ( 'NONE', *, *, #704, .F. ) ;
#142 = CIRCLE ( 'NONE', #1193, 5.000000000000004441 ) ;
#143 = DIRECTION ( 'NONE',  ( 1.000000000000000000, 6.753856733136369612E-16, 0.000000000000000000 ) ) ;
#144 = VECTOR ( 'NONE', #928, 1000.000000000000000 ) ;
#145 = DIRECTION ( 'NONE',  ( -0.000000000000000000, -0.000000000000000000, -1.000000000000000000 ) ) ;
#146 = AXIS2_PLACEMENT_3D ( 'NONE', #620, #390, #947 ) ;
#147 = CYLINDRICAL_SURFACE ( 'NONE', #202, 5.000000000000004441 ) ;
#148 = ORIENTED_EDGE ( 'NONE', *, *, #130, .T. ) ;
#149 = CARTESIAN_POINT ( 'NONE',  ( -70.00000000000000000, 94.99999999999998579, 7.000000000000006217 ) ) ;
#150 = ORIENTED_EDGE ( 'NONE', *, *, #1033, .T. ) ;
#151 = ADVANCED_FACE ( 'NONE', ( #1064 ), #1162, .F. ) ;
#152 = DIRECTION ( 'NONE',  ( 0.000000000000000000, 0.000000000000000000, 1.000000000000000000 ) ) ;
#153 = LINE ( 'NONE', #1045, #434 ) ;
#154 = VECTOR ( 'NONE', #1105, 999.9999999999998863 ) ;
#155 = APPROVAL_DATE_TIME ( #1373, #189 ) ;
#156 = ORIENTED_EDGE ( 'NONE', *, *, #535, .F. ) ;
#157 = VERTEX_POINT ( 'NONE', #177 ) ;
#158 = EDGE_CURVE ( 'NONE', #834, #700, #1055, .T. ) ;
#159 = DIRECTION ( 'NONE',  ( -1.000000000000000000, -6.753856733136368626E-16, 0.000000000000000000 ) ) ;
#160 = ORIENTED_EDGE ( 'NONE', *, *, #1293, .F. ) ;
#161 = CARTESIAN_POINT ( 'NONE',  ( 70.00000000000000000, -65.00000000000001421, 12.00000000000000711 ) ) ;
#162 = DIRECTION ( 'NONE',  ( -4.440892098500626162E-16, 1.000000000000000000, 0.000000000000000000 ) ) ;
#163 = VECTOR ( 'NONE', #171, 1000.000000000000000 ) ;
#164 = CARTESIAN_POINT ( 'NONE',  ( -87.50000000000000000, -80.00000000000000000, 12.00000000000000711 ) ) ;
#165 = CARTESIAN_POINT ( 'NONE',  ( 89.00000000000000000, 79.99999999999998579, -2.775557561562891351E-14 ) ) ;
#166 = AXIS2_PLACEMENT_3D ( 'NONE', #58, #500, #943 ) ;
#167 = CARTESIAN_POINT ( 'NONE',  ( -80.00000000000000000, -75.00000000000000000, 12.00000000000000711 ) ) ;
#168 = AXIS2_PLACEMENT_3D ( 'NONE', #611, #1073, #1166 ) ;
#169 = PERSON_AND_ORGANIZATION ( #400, #1175 ) ;
#170 = VERTEX_POINT ( 'NONE', #937 ) ;
#171 = DIRECTION ( 'NONE',  ( -0.000000000000000000, -0.000000000000000000, -1.000000000000000000 ) ) ;
#172 = CARTESIAN_POINT ( 'NONE',  ( 87.50000000000000000, 88.00000000000000000, 7.000000000000006217 ) ) ;
#173 = VECTOR ( 'NONE', #490, 1000.000000000000000 ) ;
#174 = LINE ( 'NONE', #259, #1283 ) ;
#175 = ORIENTED_EDGE ( 'NONE', *, *, #158, .T. ) ;
#176 = EDGE_CURVE ( 'NONE', #1118, #170, #287, .T. ) ;
#177 = CARTESIAN_POINT ( 'NONE',  ( -90.00000000000000000, 94.99999999999998579, 12.00000000000000711 ) ) ;
#178 = ORIENTED_EDGE ( 'NONE', *, *, #1371, .F. ) ;
#179 = ORIENTED_EDGE ( 'NONE', *, *, #302, .T. ) ;
#180 = DIRECTION ( 'NONE',  ( 0.000000000000000000, 0.000000000000000000, 1.000000000000000000 ) ) ;
#181 = CARTESIAN_POINT ( 'NONE',  ( -70.00000000000000000, 88.00000000000000000, 7.000000000000006217 ) ) ;
#182 = EDGE_CURVE ( 'NONE', #696, #318, #695, .T. ) ;
#183 = VECTOR ( 'NONE', #1420, 1000.000000000000000 ) ;
#184 = CARTESIAN_POINT ( 'NONE',  ( -71.00000000000001421, -80.00000000000001421, 2.775557561562891351E-14 ) ) ;
#185 = VERTEX_POINT ( 'NONE', #1096 ) ;
#186 = CIRCLE ( 'NONE', #146, 5.000000000000004441 ) ;
#187 = DIRECTION ( 'NONE',  ( 0.000000000000000000, 1.000000000000000000, 0.000000000000000000 ) ) ;
#188 = FACE_OUTER_BOUND ( 'NONE', #719, .T. ) ;
#189 = APPROVAL ( #1148, 'UNSPECIFIED' ) ;
#190 = EDGE_CURVE ( 'NONE', #347, #1190, #93, .T. ) ;
#191 = DIRECTION ( 'NONE',  ( 1.000000000000000000, 1.734723475976807094E-16, -0.000000000000000000 ) ) ;
#192 = VERTEX_POINT ( 'NONE', #640 ) ;
#193 = DIRECTION ( 'NONE',  ( 0.000000000000000000, -0.000000000000000000, -1.000000000000000000 ) ) ;
#194 = CARTESIAN_POINT ( 'NONE',  ( 76.63523454626127318, -83.69842580584314362, 12.00000000000000711 ) ) ;
#195 = VERTEX_POINT ( 'NONE', #1404 ) ;
#196 = ADVANCED_FACE ( 'NONE', ( #969 ), #320, .T. ) ;
#197 = DIRECTION ( 'NONE',  ( -0.000000000000000000, -0.000000000000000000, -1.000000000000000000 ) ) ;
#198 = ORIENTED_EDGE ( 'NONE', *, *, #1140, .T. ) ;
#199 = CYLINDRICAL_SURFACE ( 'NONE', #338, 5.000000000000004441 ) ;
#200 = CARTESIAN_POINT ( 'NONE',  ( 80.00000000000000000, 79.99999999999998579, 12.00000000000000711 ) ) ;
#201 = FACE_OUTER_BOUND ( 'NONE', #562, .T. ) ;
#202 = AXIS2_PLACEMENT_3D ( 'NONE', #877, #668, #908 ) ;
#203 = DIRECTION ( 'NONE',  ( 0.000000000000000000, 0.000000000000000000, 1.000000000000000000 ) ) ;
#204 = VECTOR ( 'NONE', #673, 1000.000000000000000 ) ;
#205 = VERTEX_POINT ( 'NONE', #438 ) ;
#206 = CIRCLE ( 'NONE', #90, 8.000000000000007105 ) ;
#207 = DIRECTION ( 'NONE',  ( 0.8390976183068128424, 0.5439808700237851458, 0.000000000000000000 ) ) ;
#208 = CARTESIAN_POINT ( 'NONE',  ( 75.00000000000000000, 79.99999999999998579, -2.775557561562891351E-14 ) ) ;
#209 = CLOSED_SHELL ( 'NONE', ( #17, #294, #747, #91, #777, #1312, #360, #742 ) ) ;
#210 = FACE_OUTER_BOUND ( 'NONE', #967, .T. ) ;
#211 = CARTESIAN_POINT ( 'NONE',  ( 71.00000000000001421, 79.99999999999998579, -2.775557561562891351E-14 ) ) ;
#212 = ORIENTED_EDGE ( 'NONE', *, *, #523, .T. ) ;
#213 = DIRECTION ( 'NONE',  ( 0.000000000000000000, 0.000000000000000000, -1.000000000000000000 ) ) ;
#214 = FACE_OUTER_BOUND ( 'NONE', #112, .T. ) ;
#215 = CARTESIAN_POINT ( 'NONE',  ( 70.00000000000000000, -88.00000000000002842, 7.000000000000006217 ) ) ;
#216 = EDGE_CURVE ( 'NONE', #1343, #1054, #430, .T. ) ;
#217 = CARTESIAN_POINT ( 'NONE',  ( -80.00000000000000000, -80.00000000000001421, 2.775557561562891351E-14 ) ) ;
#218 = DIRECTION ( 'NONE',  ( -4.440892098500626162E-16, 1.000000000000000000, 0.000000000000000000 ) ) ;
#219 = ORIENTED_EDGE ( 'NONE', *, *, #806, .F. ) ;
#220 = DIRECTION ( 'NONE',  ( 1.000000000000000000, 0.000000000000000000, 0.000000000000000000 ) ) ;
#221 = LINE ( 'NONE', #1182, #830 ) ;
#222 = DIRECTION ( 'NONE',  ( 0.000000000000000000, 1.000000000000000000, 0.000000000000000000 ) ) ;
#223 = EDGE_CURVE ( 'NONE', #749, #1395, #1083, .T. ) ;
#224 = LINE ( 'NONE', #1, #1347 ) ;
#225 = PRODUCT_DEFINITION_SHAPE ( 'NONE', 'NONE',  #675 ) ;
#226 = CARTESIAN_POINT ( 'NONE',  ( 80.00000000000000000, 79.99999999999998579, -35.00000000000002842 ) ) ;
#227 = CARTESIAN_POINT ( 'NONE',  ( -72.50000000000000000, -88.00000000000000000, 12.00000000000000711 ) ) ;
#228 = VERTEX_POINT ( 'NONE', #419 ) ;
#229 = PERSON_AND_ORGANIZATION ( #400, #1175 ) ;
#230 = VERTEX_POINT ( 'NONE', #873 ) ;
#231 = ORIENTED_EDGE ( 'NONE', *, *, #516, .T. ) ;
#232 = LOCAL_TIME ( 14, 37, 8.000000000000000000, #1330 ) ;
#233 = LINE ( 'NONE', #133, #204 ) ;
#234 = CIRCLE ( 'NONE', #396, 5.000000000000004441 ) ;
#235 = ORIENTED_EDGE ( 'NONE', *, *, #835, .F. ) ;
#236 = APPROVAL ( #1235, 'UNSPECIFIED' ) ;
#237 = FACE_OUTER_BOUND ( 'NONE', #87, .T. ) ;
#238 = CARTESIAN_POINT ( 'NONE',  ( -70.00000000000000000, 88.00000000000000000, 7.000000000000006217 ) ) ;
#239 = EDGE_CURVE ( 'NONE', #1173, #1149, #106, .T. ) ;
#240 = ORIENTED_EDGE ( 'NONE', *, *, #410, .T. ) ;
#241 = ORIENTED_EDGE ( 'NONE', *, *, #950, .F. ) ;
#242 = ORIENTED_EDGE ( 'NONE', *, *, #397, .T. ) ;
#243 = LINE ( 'NONE', #591, #1011 ) ;
#244 = EDGE_LOOP ( 'NONE', ( #337, #403, #1198, #618 ) ) ;
#245 = LINE ( 'NONE', #682, #964 ) ;
#246 = AXIS2_PLACEMENT_3D ( 'NONE', #714, #379, #725 ) ;
#247 = EDGE_CURVE ( 'NONE', #1239, #195, #221, .T. ) ;
#248 = ORIENTED_EDGE ( 'NONE', *, *, #732, .T. ) ;
#249 = CARTESIAN_POINT ( 'NONE',  ( -87.50000000000000000, -80.00000000000000000, 7.000000000000006217 ) ) ;
#250 = ORIENTED_EDGE ( 'NONE', *, *, #468, .T. ) ;
#251 = CYLINDRICAL_SURFACE ( 'NONE', #1012, 5.000000000000004441 ) ;
#252 = EDGE_CURVE ( 'NONE', #340, #205, #424, .T. ) ;
#253 = APPROVAL_ROLE ( '' ) ;
#254 = LINE ( 'NONE', #23, #402 ) ;
#255 = VECTOR ( 'NONE', #389, 1000.000000000000000 ) ;
#256 = ORIENTED_EDGE ( 'NONE', *, *, #1199, .T. ) ;
#257 = CIRCLE ( 'NONE', #1061, 8.000000000000007105 ) ;
#258 = VECTOR ( 'NONE', #882, 1000.000000000000114 ) ;
#259 = CARTESIAN_POINT ( 'NONE',  ( 70.00000000000000000, -88.00000000000002842, 12.00000000000000711 ) ) ;
#260 = PERSON_AND_ORGANIZATION ( #400, #1175 ) ;
#261 = EDGE_LOOP ( 'NONE', ( #853, #241, #1398, #546 ) ) ;
#262 = ORIENTED_EDGE ( 'NONE', *, *, #426, .T. ) ;
#263 = ADVANCED_FACE ( 'NONE', ( #214 ), #1292, .T. ) ;
#264 = PLANE ( 'NONE',  #356 ) ;
#265 = FACE_OUTER_BOUND ( 'NONE', #1322, .T. ) ;
#266 = EDGE_CURVE ( 'NONE', #798, #1343, #313, .T. ) ;
#267 = PLANE ( 'NONE',  #509 ) ;
#268 = CALENDAR_DATE ( 2020, 29, 11 ) ;
#269 = ORIENTED_EDGE ( 'NONE', *, *, #646, .F. ) ;
#270 = DIRECTION ( 'NONE',  ( -0.8390976183068128424, -0.5439808700237851458, 0.000000000000000000 ) ) ;
#271 = LINE ( 'NONE', #283, #1015 ) ;
#272 = PLANE ( 'NONE',  #1034 ) ;
#273 = DIRECTION ( 'NONE',  ( 8.673617379884036705E-17, 1.000000000000000000, 0.000000000000000000 ) ) ;
#274 = CARTESIAN_POINT ( 'NONE',  ( 72.50000000000000000, 87.99999999999998579, 7.000000000000006217 ) ) ;
#275 = APPROVAL_STATUS ( 'not_yet_approved' ) ;
#276 = ORIENTED_EDGE ( 'NONE', *, *, #1262, .T. ) ;
#277 = CARTESIAN_POINT ( 'NONE',  ( 90.00000000000000000, -65.00000000000001421, 12.00000000000000711 ) ) ;
#278 = CARTESIAN_POINT ( 'NONE',  ( 87.50000000000001421, 71.99999999999998579, 12.00000000000000711 ) ) ;
#279 = AXIS2_PLACEMENT_3D ( 'NONE', #1212, #1139, #612 ) ;
#280 = DIRECTION ( 'NONE',  ( 0.000000000000000000, 0.000000000000000000, 1.000000000000000000 ) ) ;
#281 = EDGE_CURVE ( 'NONE', #1433, #840, #584, .T. ) ;
#282 = VERTEX_POINT ( 'NONE', #751 ) ;
#283 = CARTESIAN_POINT ( 'NONE',  ( 87.50000000000000000, 88.00000000000000000, 12.00000000000000711 ) ) ;
#284 = ORIENTED_EDGE ( 'NONE', *, *, #1020, .T. ) ;
#285 = EDGE_CURVE ( 'NONE', #52, #478, #1186, .T. ) ;
#286 = ORIENTED_EDGE ( 'NONE', *, *, #493, .F. ) ;
#287 = LINE ( 'NONE', #181, #734 ) ;
#288 = ORIENTED_EDGE ( 'NONE', *, *, #1236, .F. ) ;
#289 = AXIS2_PLACEMENT_3D ( 'NONE', #968, #1071, #745 ) ;
#290 = ORIENTED_EDGE ( 'NONE', *, *, #83, .F. ) ;
#291 = CARTESIAN_POINT ( 'NONE',  ( -80.00000000000000000, -80.00000000000001421, -34.99999999999997868 ) ) ;
#292 = DIRECTION ( 'NONE',  ( 1.000000000000000000, 0.000000000000000000, -0.000000000000000000 ) ) ;
#293 = ORIENTED_EDGE ( 'NONE', *, *, #74, .F. ) ;
#294 = ADVANCED_FACE ( 'NONE', ( #1201 ), #648, .T. ) ;
#295 = VECTOR ( 'NONE', #459, 1000.000000000000000 ) ;
#296 = DIRECTION ( 'NONE',  ( 0.000000000000000000, 1.000000000000000000, 0.000000000000000000 ) ) ;
#297 = ORIENTED_EDGE ( 'NONE', *, *, #223, .F. ) ;
#298 = CLOSED_SHELL ( 'NONE', ( #608, #418, #1274, #1413, #196, #1354 ) ) ;
#299 = DIRECTION ( 'NONE',  ( 0.000000000000000000, 0.000000000000000000, 1.000000000000000000 ) ) ;
#300 = DIRECTION ( 'NONE',  ( -1.000000000000000000, 0.000000000000000000, 0.000000000000000000 ) ) ;
#301 = ORIENTED_EDGE ( 'NONE', *, *, #985, .T. ) ;
#302 = EDGE_CURVE ( 'NONE', #399, #30, #1103, .T. ) ;
#303 = DIRECTION ( 'NONE',  ( -6.753856733136369612E-16, 1.000000000000000000, 0.000000000000000000 ) ) ;
#304 = EDGE_LOOP ( 'NONE', ( #156, #813, #1244, #861 ) ) ;
#305 = PLANE ( 'NONE',  #617 ) ;
#306 = AXIS2_PLACEMENT_3D ( 'NONE', #78, #946, #187 ) ;
#307 = DIRECTION ( 'NONE',  ( 0.000000000000000000, 0.000000000000000000, -1.000000000000000000 ) ) ;
#308 = APPROVAL ( #275, 'UNSPECIFIED' ) ;
#309 = DIRECTION ( 'NONE',  ( 1.000000000000000000, 0.000000000000000000, 0.000000000000000000 ) ) ;
#310 = ORIENTED_EDGE ( 'NONE', *, *, #1194, .F. ) ;
#311 = LINE ( 'NONE', #872, #365 ) ;
#312 = PRODUCT ( 'barres_plate_millieu_Défaut_sldprt', 'barres_plate_millieu_Défaut_sldprt', '', ( #1348 ) ) ;
#313 = LINE ( 'NONE', #1303, #42 ) ;
#314 = DIRECTION ( 'NONE',  ( -1.734723475976807094E-16, 1.000000000000000000, 0.000000000000000000 ) ) ;
#315 = FACE_OUTER_BOUND ( 'NONE', #1422, .T. ) ;
#316 = VECTOR ( 'NONE', #875, 1000.000000000000000 ) ;
#317 = EDGE_CURVE ( 'NONE', #446, #1225, #697, .T. ) ;
#318 = VERTEX_POINT ( 'NONE', #526 ) ;
#319 = PLANE ( 'NONE',  #1172 ) ;
#320 = CYLINDRICAL_SURFACE ( 'NONE', #1195, 8.999999999999994671 ) ;
#321 = CIRCLE ( 'NONE', #67, 8.999999999999994671 ) ;
#322 = VECTOR ( 'NONE', #901, 1000.000000000000000 ) ;
#323 = DIRECTION ( 'NONE',  ( 0.000000000000000000, 0.000000000000000000, -1.000000000000000000 ) ) ;
#324 = CARTESIAN_POINT ( 'NONE',  ( 75.00000000000000000, 79.99999999999998579, -35.00000000000002842 ) ) ;
#325 = DIRECTION ( 'NONE',  ( 1.734723475976807094E-16, -1.000000000000000000, 0.000000000000000000 ) ) ;
#326 = ORIENTED_EDGE ( 'NONE', *, *, #950, .T. ) ;
#327 = AXIS2_PLACEMENT_3D ( 'NONE', #519, #639, #220 ) ;
#328 = ADVANCED_FACE ( 'NONE', ( #1418 ), #442, .T. ) ;
#329 = FACE_OUTER_BOUND ( 'NONE', #1134, .T. ) ;
#330 = DIRECTION ( 'NONE',  ( 0.000000000000000000, 1.000000000000000000, 0.000000000000000000 ) ) ;
#331 = DIRECTION ( 'NONE',  ( 0.000000000000000000, 0.000000000000000000, -1.000000000000000000 ) ) ;
#332 = DIRECTION ( 'NONE',  ( 1.000000000000000000, 0.000000000000000000, 0.000000000000000000 ) ) ;
#333 = CARTESIAN_POINT ( 'NONE',  ( 89.00000000000000000, 79.99999999999998579, -2.775557561562891351E-14 ) ) ;
#334 = EDGE_LOOP ( 'NONE', ( #652, #276 ) ) ;
#335 = CARTESIAN_POINT ( 'NONE',  ( 70.00000000000000000, -95.00000000000001421, 7.000000000000006217 ) ) ;
#336 = ORIENTED_EDGE ( 'NONE', *, *, #504, .T. ) ;
#337 = ORIENTED_EDGE ( 'NONE', *, *, #1339, .F. ) ;
#338 = AXIS2_PLACEMENT_3D ( 'NONE', #849, #1291, #92 ) ;
#339 = CARTESIAN_POINT ( 'NONE',  ( 72.50000000000000000, 87.99999999999998579, 12.00000000000000711 ) ) ;
#340 = VERTEX_POINT ( 'NONE', #1210 ) ;
#341 = EDGE_CURVE ( 'NONE', #6, #1356, #1100, .T. ) ;
#342 = DIRECTION ( 'NONE',  ( 1.000000000000000000, 0.000000000000000000, 0.000000000000000000 ) ) ;
#343 = LINE ( 'NONE', #238, #1135 ) ;
#344 = ORIENTED_EDGE ( 'NONE', *, *, #1255, .T. ) ;
#345 =( NAMED_UNIT ( * ) PLANE_ANGLE_UNIT ( ) SI_UNIT ( $, .RADIAN. ) );
#346 = ORIENTED_EDGE ( 'NONE', *, *, #1075, .F. ) ;
#347 = VERTEX_POINT ( 'NONE', #227 ) ;
#348 = AXIS2_PLACEMENT_3D ( 'NONE', #102, #1179, #296 ) ;
#349 = CARTESIAN_POINT ( 'NONE',  ( -70.00000000000000000, 88.00000000000000000, 12.00000000000000711 ) ) ;
#350 = EDGE_CURVE ( 'NONE', #387, #1190, #771, .T. ) ;
#351 = DIRECTION ( 'NONE',  ( 0.000000000000000000, 0.000000000000000000, 1.000000000000000000 ) ) ;
#352 = DIRECTION ( 'NONE',  ( -1.000000000000000000, 0.000000000000000000, 0.000000000000000000 ) ) ;
#353 = DIRECTION ( 'NONE',  ( 1.000000000000000000, -8.673617379884035472E-17, 0.000000000000000000 ) ) ;
#354 = EDGE_LOOP ( 'NONE', ( #160, #1007 ) ) ;
#355 = ORIENTED_EDGE ( 'NONE', *, *, #1346, .T. ) ;
#356 = AXIS2_PLACEMENT_3D ( 'NONE', #709, #1152, #48 ) ;
#357 = DIRECTION ( 'NONE',  ( 0.000000000000000000, 1.000000000000000000, 0.000000000000000000 ) ) ;
#358 = EDGE_LOOP ( 'NONE', ( #1385, #1077 ) ) ;
#359 = LINE ( 'NONE', #136, #433 ) ;
#360 = ADVANCED_FACE ( 'NONE', ( #780, #1220 ), #1129, .F. ) ;
#361 = DIRECTION ( 'NONE',  ( 0.000000000000000000, 0.000000000000000000, 1.000000000000000000 ) ) ;
#362 = EDGE_LOOP ( 'NONE', ( #212, #1391 ) ) ;
#363 = CARTESIAN_POINT ( 'NONE',  ( -80.00000000000000000, 79.99999999999998579, 7.000000000000006217 ) ) ;
#364 = ORIENTED_EDGE ( 'NONE', *, *, #182, .F. ) ;
#365 = VECTOR ( 'NONE', #973, 1000.000000000000000 ) ;
#366 = VECTOR ( 'NONE', #99, 1000.000000000000000 ) ;
#367 = CARTESIAN_POINT ( 'NONE',  ( 70.00000000000000000, -95.00000000000001421, 12.00000000000000711 ) ) ;
#368 = CARTESIAN_POINT ( 'NONE',  ( 70.00000000000000000, -65.00000000000001421, 12.00000000000000711 ) ) ;
#369 = EDGE_CURVE ( 'NONE', #30, #478, #68, .T. ) ;
#370 = ORIENTED_EDGE ( 'NONE', *, *, #380, .F. ) ;
#371 = DIRECTION ( 'NONE',  ( 1.000000000000000000, -8.673617379884035472E-17, 0.000000000000000000 ) ) ;
#372 = EDGE_LOOP ( 'NONE', ( #310, #575, #355, #393 ) ) ;
#373 = CIRCLE ( 'NONE', #414, 5.000000000000004441 ) ;
#374 = AXIS2_PLACEMENT_3D ( 'NONE', #401, #394, #828 ) ;
#375 = DIRECTION ( 'NONE',  ( 0.000000000000000000, -1.000000000000000000, 0.000000000000000000 ) ) ;
#376 = PLANE ( 'NONE',  #1130 ) ;
#377 = COORDINATED_UNIVERSAL_TIME_OFFSET ( 1, 0, .AHEAD. ) ;
#378 = ORIENTED_EDGE ( 'NONE', *, *, #1144, .F. ) ;
#379 = DIRECTION ( 'NONE',  ( -0.000000000000000000, -0.000000000000000000, -1.000000000000000000 ) ) ;
#380 = EDGE_CURVE ( 'NONE', #428, #911, #1429, .T. ) ;
#381 = AXIS2_PLACEMENT_3D ( 'NONE', #763, #1197, #1415 ) ;
#382 = DIRECTION ( 'NONE',  ( 0.000000000000000000, 0.000000000000000000, 1.000000000000000000 ) ) ;
#383 = CIRCLE ( 'NONE', #381, 5.000000000000004441 ) ;
#384 = FACE_OUTER_BOUND ( 'NONE', #1221, .T. ) ;
#385 = CARTESIAN_POINT ( 'NONE',  ( -80.00000000000000000, -75.00000000000000000, 7.000000000000006217 ) ) ;
#386 = DATE_AND_TIME ( #268, #1264 ) ;
#387 = VERTEX_POINT ( 'NONE', #1002 ) ;
#388 = CARTESIAN_POINT ( 'NONE',  ( -90.00000000000000000, 64.99999999999998579, 12.00000000000000711 ) ) ;
#389 = DIRECTION ( 'NONE',  ( 0.000000000000000000, 0.000000000000000000, -1.000000000000000000 ) ) ;
#390 = DIRECTION ( 'NONE',  ( 0.000000000000000000, 0.000000000000000000, 1.000000000000000000 ) ) ;
#391 = EDGE_CURVE ( 'NONE', #1213, #800, #576, .T. ) ;
#392 = CARTESIAN_POINT ( 'NONE',  ( -85.00000000000000000, -80.00000000000001421, -34.99999999999997868 ) ) ;
#393 = ORIENTED_EDGE ( 'NONE', *, *, #216, .T. ) ;
#394 = DIRECTION ( 'NONE',  ( -0.6187883329615870842, -0.7855577629879422208, 0.000000000000000000 ) ) ;
#395 = AXIS2_PLACEMENT_3D ( 'NONE', #1324, #776, #1215 ) ;
#396 = AXIS2_PLACEMENT_3D ( 'NONE', #1370, #1154, #32 ) ;
#397 = EDGE_CURVE ( 'NONE', #1118, #1168, #343, .T. ) ;
#398 = AXIS2_PLACEMENT_3D ( 'NONE', #1376, #382, #1270 ) ;
#399 = VERTEX_POINT ( 'NONE', #1107 ) ;
#400 = PERSON ( 'UNSPECIFIED', 'UNSPECIFIED', 'UNSPECIFIED', ('UNSPECIFIED'), ('UNSPECIFIED'), ('UNSPECIFIED') ) ;
#401 = CARTESIAN_POINT ( 'NONE',  ( -70.00000000000000000, 71.07496207581520764, 12.00000000000000711 ) ) ;
#402 = VECTOR ( 'NONE', #581, 1000.000000000000000 ) ;
#403 = ORIENTED_EDGE ( 'NONE', *, *, #523, .F. ) ;
#404 = DIRECTION ( 'NONE',  ( -0.000000000000000000, 0.000000000000000000, -1.000000000000000000 ) ) ;
#405 = CARTESIAN_POINT ( 'NONE',  ( -72.50000000000001421, -80.00000000000000000, 7.000000000000006217 ) ) ;
#406 = ORIENTED_EDGE ( 'NONE', *, *, #34, .F. ) ;
#407 = CYLINDRICAL_SURFACE ( 'NONE', #622, 5.000000000000004441 ) ;
#408 = CARTESIAN_POINT ( 'NONE',  ( 87.50000000000000000, 79.99999999999998579, 7.000000000000006217 ) ) ;
#409 = ORIENTED_EDGE ( 'NONE', *, *, #980, .F. ) ;
#410 = EDGE_CURVE ( 'NONE', #749, #1149, #120, .T. ) ;
#411 = DIRECTION ( 'NONE',  ( -1.000000000000000000, 8.673617379884035472E-17, -0.000000000000000000 ) ) ;
#412 = CARTESIAN_POINT ( 'NONE',  ( -70.00000000000000000, 64.99999999999998579, 12.00000000000000711 ) ) ;
#413 = DIRECTION ( 'NONE',  ( 0.000000000000000000, 0.000000000000000000, 1.000000000000000000 ) ) ;
#414 = AXIS2_PLACEMENT_3D ( 'NONE', #1097, #680, #1425 ) ;
#415 = CARTESIAN_POINT ( 'NONE',  ( -70.00000000000000000, 64.99999999999998579, 7.000000000000006217 ) ) ;
#416 = ORIENTED_EDGE ( 'NONE', *, *, #693, .T. ) ;
#417 = FACE_OUTER_BOUND ( 'NONE', #1031, .T. ) ;
#418 = ADVANCED_FACE ( 'NONE', ( #126 ), #570, .T. ) ;
#419 = CARTESIAN_POINT ( 'NONE',  ( 80.00000000000000000, 74.99999999999998579, 7.000000000000006217 ) ) ;
#420 = EDGE_CURVE ( 'NONE', #36, #157, #245, .T. ) ;
#421 = DIRECTION ( 'NONE',  ( -1.000000000000000000, -6.753856733136369612E-16, 0.000000000000000000 ) ) ;
#422 = ORIENTED_EDGE ( 'NONE', *, *, #985, .F. ) ;
#423 = DIRECTION ( 'NONE',  ( 1.000000000000000000, 0.000000000000000000, 0.000000000000000000 ) ) ;
#424 = LINE ( 'NONE', #857, #491 ) ;
#425 = VECTOR ( 'NONE', #1176, 1000.000000000000000 ) ;
#426 = EDGE_CURVE ( 'NONE', #399, #52, #234, .T. ) ;
#427 = FACE_OUTER_BOUND ( 'NONE', #1269, .T. ) ;
#428 = VERTEX_POINT ( 'NONE', #165 ) ;
#429 = DIRECTION ( 'NONE',  ( 0.000000000000000000, -1.000000000000000000, 0.000000000000000000 ) ) ;
#430 = LINE ( 'NONE', #542, #117 ) ;
#431 = EDGE_CURVE ( 'NONE', #1310, #1168, #1044, .T. ) ;
#432 = DIRECTION ( 'NONE',  ( 6.753856733136368626E-16, -1.000000000000000000, 0.000000000000000000 ) ) ;
#433 = VECTOR ( 'NONE', #569, 999.9999999999998863 ) ;
#434 = VECTOR ( 'NONE', #1242, 1000.000000000000000 ) ;
#435 = ORIENTED_EDGE ( 'NONE', *, *, #1406, .T. ) ;
#436 = LOCAL_TIME ( 14, 37, 8.000000000000000000, #377 ) ;
#437 = CARTESIAN_POINT ( 'NONE',  ( 87.50000000000000000, 79.99999999999998579, 12.00000000000000711 ) ) ;
#438 = CARTESIAN_POINT ( 'NONE',  ( 76.63523454626127318, -76.30157419415688480, 7.000000000000006217 ) ) ;
#439 = VECTOR ( 'NONE', #507, 1000.000000000000000 ) ;
#440 = AXIS2_PLACEMENT_3D ( 'NONE', #1319, #361, #218 ) ;
#441 = DIRECTION ( 'NONE',  ( -1.000000000000000000, -1.988167982736677193E-16, 0.000000000000000000 ) ) ;
#442 = PLANE ( 'NONE',  #510 ) ;
#443 = EDGE_LOOP ( 'NONE', ( #445, #539, #963, #783, #502, #113, #422, #138 ) ) ;
#444 = ADVANCED_FACE ( 'NONE', ( #1026 ), #479, .T. ) ;
#445 = ORIENTED_EDGE ( 'NONE', *, *, #899, .T. ) ;
#446 = VERTEX_POINT ( 'NONE', #810 ) ;
#447 = CARTESIAN_POINT ( 'NONE',  ( 87.50000000000000000, 88.00000000000000000, 12.00000000000000711 ) ) ;
#448 = DIRECTION ( 'NONE',  ( 2.855529720725080741E-16, -1.000000000000000000, 0.000000000000000000 ) ) ;
#449 = CARTESIAN_POINT ( 'NONE',  ( -80.00000000000000000, -80.00000000000001421, -34.99999999999997868 ) ) ;
#450 = ORIENTED_EDGE ( 'NONE', *, *, #1194, .T. ) ;
#451 = FACE_BOUND ( 'NONE', #59, .T. ) ;
#452 = VERTEX_POINT ( 'NONE', #1249 ) ;
#453 = ORIENTED_EDGE ( 'NONE', *, *, #1298, .F. ) ;
#454 = CARTESIAN_POINT ( 'NONE',  ( -87.50000000000000000, -88.00000000000001421, 12.00000000000000711 ) ) ;
#455 = ADVANCED_FACE ( 'NONE', ( #265 ), #1046, .F. ) ;
#456 = EDGE_LOOP ( 'NONE', ( #874, #1344, #45, #571 ) ) ;
#457 = DIRECTION ( 'NONE',  ( 1.000000000000000000, 0.000000000000000000, 0.000000000000000000 ) ) ;
#458 = CARTESIAN_POINT ( 'NONE',  ( 80.00000000000000000, 79.99999999999998579, -2.775557561562891351E-14 ) ) ;
#459 = DIRECTION ( 'NONE',  ( -0.000000000000000000, -0.000000000000000000, -1.000000000000000000 ) ) ;
#460 = FACE_OUTER_BOUND ( 'NONE', #524, .T. ) ;
#461 = ORIENTED_EDGE ( 'NONE', *, *, #380, .T. ) ;
#462 = ORIENTED_EDGE ( 'NONE', *, *, #1371, .T. ) ;
#463 = LOCAL_TIME ( 14, 37, 8.000000000000000000, #1141 ) ;
#464 = AXIS2_PLACEMENT_3D ( 'NONE', #408, #531, #1279 ) ;
#465 = ORIENTED_EDGE ( 'NONE', *, *, #190, .T. ) ;
#466 = VECTOR ( 'NONE', #715, 1000.000000000000000 ) ;
#467 = CARTESIAN_POINT ( 'NONE',  ( 76.63523454626127318, -76.30157419415688480, 12.00000000000000711 ) ) ;
#468 = EDGE_CURVE ( 'NONE', #1433, #192, #483, .T. ) ;
#469 = APPLICATION_PROTOCOL_DEFINITION ( 'international standard', 'config_control_design', 1994, #1121 ) ;
#470 = ORIENTED_EDGE ( 'NONE', *, *, #514, .F. ) ;
#471 = CARTESIAN_POINT ( 'NONE',  ( 76.63523454626127318, -83.69842580584314362, 7.000000000000006217 ) ) ;
#472 = DIRECTION ( 'NONE',  ( 0.000000000000000000, 0.000000000000000000, 1.000000000000000000 ) ) ;
#473 = CARTESIAN_POINT ( 'NONE',  ( -72.50000000000000000, -88.00000000000000000, 7.000000000000006217 ) ) ;
#474 = EDGE_CURVE ( 'NONE', #1395, #1054, #976, .T. ) ;
#475 = CARTESIAN_POINT ( 'NONE',  ( -71.00000000000001421, -80.00000000000001421, 2.775557561562891351E-14 ) ) ;
#476 = VERTEX_POINT ( 'NONE', #958 ) ;
#477 = DIRECTION ( 'NONE',  ( 0.000000000000000000, 0.000000000000000000, -1.000000000000000000 ) ) ;
#478 = VERTEX_POINT ( 'NONE', #324 ) ;
#479 = CYLINDRICAL_SURFACE ( 'NONE', #1361, 8.000000000000007105 ) ;
#480 = ADVANCED_FACE ( 'NONE', ( #1289 ), #544, .T. ) ;
#481 = EDGE_CURVE ( 'NONE', #589, #452, #631, .T. ) ;
#482 = LINE ( 'NONE', #41, #1241 ) ;
#483 = LINE ( 'NONE', #184, #733 ) ;
#484 = PERSON_AND_ORGANIZATION_ROLE ( 'creator' ) ;
#485 = EDGE_LOOP ( 'NONE', ( #1024, #1180, #511, #378 ) ) ;
#486 = CARTESIAN_POINT ( 'NONE',  ( 90.00000000000000000, -65.00000000000001421, 7.000000000000006217 ) ) ;
#487 = EDGE_LOOP ( 'NONE', ( #904, #1122 ) ) ;
#488 = VECTOR ( 'NONE', #595, 1000.000000000000000 ) ;
#489 = MANIFOLD_SOLID_BREP ( 'Coulisse_grand-1-solid1', #556 ) ;
#490 = DIRECTION ( 'NONE',  ( 1.000000000000000000, 6.753856733136369612E-16, 0.000000000000000000 ) ) ;
#491 = VECTOR ( 'NONE', #954, 1000.000000000000114 ) ;
#492 = CARTESIAN_POINT ( 'NONE',  ( -70.00000000000000000, 88.00000000000000000, 12.00000000000000711 ) ) ;
#493 = EDGE_CURVE ( 'NONE', #157, #784, #743, .T. ) ;
#494 = CALENDAR_DATE ( 2020, 29, 11 ) ;
#495 = ORIENTED_EDGE ( 'NONE', *, *, #1051, .T. ) ;
#496 = DIRECTION ( 'NONE',  ( 0.000000000000000000, 1.000000000000000000, 0.000000000000000000 ) ) ;
#497 = ADVANCED_FACE ( 'NONE', ( #427 ), #839, .F. ) ;
#498 = DIRECTION ( 'NONE',  ( -8.673617379884035472E-17, -1.000000000000000000, 0.000000000000000000 ) ) ;
#499 = CYLINDRICAL_SURFACE ( 'NONE', #1426, 5.000000000000004441 ) ;
#500 = DIRECTION ( 'NONE',  ( 0.000000000000000000, 1.000000000000000000, 0.000000000000000000 ) ) ;
#501 = DATE_TIME_ROLE ( 'classification_date' ) ;
#502 = ORIENTED_EDGE ( 'NONE', *, *, #266, .T. ) ;
#503 = DIRECTION ( 'NONE',  ( -1.000000000000000000, -6.753856733136368626E-16, 0.000000000000000000 ) ) ;
#504 = EDGE_CURVE ( 'NONE', #282, #230, #642, .T. ) ;
#505 = FACE_OUTER_BOUND ( 'NONE', #261, .T. ) ;
#506 = ORIENTED_EDGE ( 'NONE', *, *, #1156, .F. ) ;
#507 = DIRECTION ( 'NONE',  ( -1.000000000000000000, -6.753856733136368626E-16, 0.000000000000000000 ) ) ;
#508 = ADVANCED_FACE ( 'NONE', ( #210 ), #1080, .F. ) ;
#509 = AXIS2_PLACEMENT_3D ( 'NONE', #1363, #1163, #922 ) ;
#510 = AXIS2_PLACEMENT_3D ( 'NONE', #1353, #1337, #1328 ) ;
#511 = ORIENTED_EDGE ( 'NONE', *, *, #182, .T. ) ;
#512 = CARTESIAN_POINT ( 'NONE',  ( 80.00000000000000000, 79.99999999999998579, -35.00000000000002842 ) ) ;
#513 = DIRECTION ( 'NONE',  ( -0.000000000000000000, -0.000000000000000000, -1.000000000000000000 ) ) ;
#514 = EDGE_CURVE ( 'NONE', #318, #696, #142, .T. ) ;
#515 = AXIS2_PLACEMENT_3D ( 'NONE', #765, #1396, #423 ) ;
#516 = EDGE_CURVE ( 'NONE', #16, #1237, #1294, .T. ) ;
#517 = CIRCLE ( 'NONE', #306, 5.000000000000004441 ) ;
#518 = EDGE_LOOP ( 'NONE', ( #38, #1143, #671, #1022 ) ) ;
#519 = CARTESIAN_POINT ( 'NONE',  ( 80.00000000000000000, 79.99999999999998579, -2.775557561562891351E-14 ) ) ;
#520 = DIRECTION ( 'NONE',  ( 1.000000000000000000, 0.000000000000000000, 0.000000000000000000 ) ) ;
#521 = DIRECTION ( 'NONE',  ( -0.000000000000000000, -0.000000000000000000, -1.000000000000000000 ) ) ;
#522 = PLANE ( 'NONE',  #1382 ) ;
#523 = EDGE_CURVE ( 'NONE', #1271, #228, #1157, .T. ) ;
#524 = EDGE_LOOP ( 'NONE', ( #336, #775, #888, #1252 ) ) ;
#525 = CARTESIAN_POINT ( 'NONE',  ( 72.50000000000001421, 71.99999999999998579, 12.00000000000000711 ) ) ;
#526 = CARTESIAN_POINT ( 'NONE',  ( 80.00000000000000000, 84.99999999999998579, 12.00000000000000711 ) ) ;
#527 = ORIENTED_EDGE ( 'NONE', *, *, #816, .T. ) ;
#528 = VECTOR ( 'NONE', #894, 1000.000000000000000 ) ;
#529 = DIRECTION ( 'NONE',  ( -4.440892098500626162E-16, 1.000000000000000000, 0.000000000000000000 ) ) ;
#530 = VECTOR ( 'NONE', #11, 1000.000000000000000 ) ;
#531 = DIRECTION ( 'NONE',  ( 0.000000000000000000, 0.000000000000000000, 1.000000000000000000 ) ) ;
#532 = ORIENTED_EDGE ( 'NONE', *, *, #252, .F. ) ;
#533 = LINE ( 'NONE', #1410, #955 ) ;
#534 = CARTESIAN_POINT ( 'NONE',  ( -72.50000000000000000, -88.00000000000000000, 12.00000000000000711 ) ) ;
#535 = EDGE_CURVE ( 'NONE', #195, #1349, #859, .T. ) ;
#536 = CIRCLE ( 'NONE', #1345, 8.000000000000007105 ) ;
#537 = DIRECTION ( 'NONE',  ( 1.000000000000000000, 0.000000000000000000, 0.000000000000000000 ) ) ;
#538 = CARTESIAN_POINT ( 'NONE',  ( 90.00000000000000000, -65.00000000000001421, 7.000000000000006217 ) ) ;
#539 = ORIENTED_EDGE ( 'NONE', *, *, #1006, .T. ) ;
#540 = EDGE_CURVE ( 'NONE', #132, #76, #716, .T. ) ;
#541 = LINE ( 'NONE', #1417, #978 ) ;
#542 = CARTESIAN_POINT ( 'NONE',  ( 90.00000000000001421, -95.00000000000001421, 12.00000000000000711 ) ) ;
#543 = EDGE_CURVE ( 'NONE', #230, #282, #580, .T. ) ;
#544 = PLANE ( 'NONE',  #1265 ) ;
#545 = CARTESIAN_POINT ( 'NONE',  ( -72.50000000000001421, -72.00000000000000000, 12.00000000000000711 ) ) ;
#546 = ORIENTED_EDGE ( 'NONE', *, *, #135, .T. ) ;
#547 = PLANE ( 'NONE',  #649 ) ;
#548 = DIRECTION ( 'NONE',  ( 0.000000000000000000, 0.000000000000000000, -1.000000000000000000 ) ) ;
#549 = ADVANCED_BREP_SHAPE_REPRESENTATION ( 'barres_plate_millieu_DÚfaut_sldprt', ( #957, #10, #489, #965, #2, #13, #1282 ), #936 ) ;
#550 = EDGE_CURVE ( 'NONE', #347, #1230, #206, .T. ) ;
#551 = AXIS2_PLACEMENT_3D ( 'NONE', #226, #152, #332 ) ;
#552 = EDGE_LOOP ( 'NONE', ( #1434, #998 ) ) ;
#553 = PRODUCT_DEFINITION_FORMATION_WITH_SPECIFIED_SOURCE ( 'ANY', '', #312, .NOT_KNOWN. ) ;
#554 = FACE_OUTER_BOUND ( 'NONE', #89, .T. ) ;
#555 = ORIENTED_EDGE ( 'NONE', *, *, #702, .T. ) ;
#556 = CLOSED_SHELL ( 'NONE', ( #1394, #1419, #1098, #44, #263, #497 ) ) ;
#557 = CARTESIAN_POINT ( 'NONE',  ( -70.00000000000000000, 71.07496207581520764, 7.000000000000006217 ) ) ;
#558 = DIRECTION ( 'NONE',  ( 1.000000000000000000, 0.000000000000000000, -0.000000000000000000 ) ) ;
#559 = CARTESIAN_POINT ( 'NONE',  ( -76.63523454626127318, 76.30157419415685638, 7.000000000000006217 ) ) ;
#560 = CARTESIAN_POINT ( 'NONE',  ( 70.00000000000000000, -88.00000000000002842, 7.000000000000006217 ) ) ;
#561 = ADVANCED_FACE ( 'NONE', ( #82 ), #522, .F. ) ;
#562 = EDGE_LOOP ( 'NONE', ( #786, #1113, #898, #326 ) ) ;
#563 = PERSON_AND_ORGANIZATION_ROLE ( 'design_owner' ) ;
#564 = ORIENTED_EDGE ( 'NONE', *, *, #1027, .T. ) ;
#565 = ORIENTED_EDGE ( 'NONE', *, *, #130, .F. ) ;
#566 = CARTESIAN_POINT ( 'NONE',  ( 70.00000000000000000, -95.00000000000001421, 12.00000000000000711 ) ) ;
#567 = CARTESIAN_POINT ( 'NONE',  ( -80.00000000000000000, -85.00000000000000000, 7.000000000000006217 ) ) ;
#568 = CIRCLE ( 'NONE', #246, 5.000000000000004441 ) ;
#569 = DIRECTION ( 'NONE',  ( -0.7855577629879422208, 0.6187883329615871952, 0.000000000000000000 ) ) ;
#570 = CYLINDRICAL_SURFACE ( 'NONE', #1336, 8.999999999999994671 ) ;
#571 = ORIENTED_EDGE ( 'NONE', *, *, #140, .T. ) ;
#572 = CARTESIAN_POINT ( 'NONE',  ( -80.00000000000000000, -80.00000000000001421, 2.775557561562891351E-14 ) ) ;
#573 = EDGE_LOOP ( 'NONE', ( #1081, #290, #198, #1409 ) ) ;
#574 = ORIENTED_EDGE ( 'NONE', *, *, #468, .F. ) ;
#575 = ORIENTED_EDGE ( 'NONE', *, *, #741, .F. ) ;
#576 = LINE ( 'NONE', #1228, #871 ) ;
#577 = VECTOR ( 'NONE', #88, 1000.000000000000000 ) ;
#578 = CARTESIAN_POINT ( 'NONE',  ( 80.00000000000000000, 79.99999999999998579, -35.00000000000002842 ) ) ;
#579 = ORIENTED_EDGE ( 'NONE', *, *, #281, .F. ) ;
#580 = CIRCLE ( 'NONE', #18, 5.000000000000004441 ) ;
#581 = DIRECTION ( 'NONE',  ( 0.000000000000000000, 0.000000000000000000, 1.000000000000000000 ) ) ;
#582 = EDGE_LOOP ( 'NONE', ( #104, #674, #804, #764 ) ) ;
#583 = EDGE_CURVE ( 'NONE', #1168, #784, #754, .T. ) ;
#584 = CIRCLE ( 'NONE', #897, 8.999999999999994671 ) ;
#585 = FACE_OUTER_BOUND ( 'NONE', #518, .T. ) ;
#586 = DIRECTION ( 'NONE',  ( -1.000000000000000000, 0.000000000000000000, 0.000000000000000000 ) ) ;
#587 = DIRECTION ( 'NONE',  ( -0.000000000000000000, -0.000000000000000000, -1.000000000000000000 ) ) ;
#588 = LINE ( 'NONE', #1003, #528 ) ;
#589 = VERTEX_POINT ( 'NONE', #1432 ) ;
#590 = AXIS2_PLACEMENT_3D ( 'NONE', #755, #658, #1093 ) ;
#591 = CARTESIAN_POINT ( 'NONE',  ( -70.00000000000000000, 64.99999999999998579, 12.00000000000000711 ) ) ;
#592 = DIRECTION ( 'NONE',  ( 0.000000000000000000, 0.000000000000000000, 1.000000000000000000 ) ) ;
#593 = ORIENTED_EDGE ( 'NONE', *, *, #266, .F. ) ;
#594 = EDGE_CURVE ( 'NONE', #1204, #1400, #1222, .T. ) ;
#595 = DIRECTION ( 'NONE',  ( 0.000000000000000000, 0.000000000000000000, -1.000000000000000000 ) ) ;
#596 = CARTESIAN_POINT ( 'NONE',  ( -72.50000000000001421, -80.00000000000000000, 7.000000000000006217 ) ) ;
#597 = SHAPE_DEFINITION_REPRESENTATION ( #225, #549 ) ;
#598 = ORIENTED_EDGE ( 'NONE', *, *, #630, .T. ) ;
#599 = ORIENTED_EDGE ( 'NONE', *, *, #1108, .T. ) ;
#600 = DIRECTION ( 'NONE',  ( 0.000000000000000000, 1.000000000000000000, 0.000000000000000000 ) ) ;
#601 = EDGE_CURVE ( 'NONE', #798, #1395, #1119, .T. ) ;
#602 = APPROVAL_ROLE ( '' ) ;
#603 = ORIENTED_EDGE ( 'NONE', *, *, #550, .F. ) ;
#604 = DIRECTION ( 'NONE',  ( 0.000000000000000000, 0.000000000000000000, 1.000000000000000000 ) ) ;
#605 = AXIS2_PLACEMENT_3D ( 'NONE', #1314, #999, #1114 ) ;
#606 = CARTESIAN_POINT ( 'NONE',  ( 90.00000000000000000, -65.00000000000001421, 12.00000000000000711 ) ) ;
#607 = APPROVAL_ROLE ( '' ) ;
#608 = ADVANCED_FACE ( 'NONE', ( #801 ), #251, .F. ) ;
#609 = ORIENTED_EDGE ( 'NONE', *, *, #1117, .F. ) ;
#610 = CYLINDRICAL_SURFACE ( 'NONE', #854, 5.000000000000004441 ) ;
#611 = CARTESIAN_POINT ( 'NONE',  ( -80.00000000000000000, 79.99999999999998579, 7.000000000000006217 ) ) ;
#612 = DIRECTION ( 'NONE',  ( 0.000000000000000000, 0.000000000000000000, 1.000000000000000000 ) ) ;
#613 = AXIS2_PLACEMENT_3D ( 'NONE', #1285, #404, #300 ) ;
#614 = ORIENTED_EDGE ( 'NONE', *, *, #493, .T. ) ;
#615 = CC_DESIGN_PERSON_AND_ORGANIZATION_ASSIGNMENT ( #43, #484, ( #553 ) ) ;
#616 = CARTESIAN_POINT ( 'NONE',  ( 75.00000000000000000, 79.99999999999998579, -2.775557561562891351E-14 ) ) ;
#617 = AXIS2_PLACEMENT_3D ( 'NONE', #437, #299, #85 ) ;
#618 = ORIENTED_EDGE ( 'NONE', *, *, #514, .T. ) ;
#619 = DIRECTION ( 'NONE',  ( 0.000000000000000000, 0.000000000000000000, 1.000000000000000000 ) ) ;
#620 = CARTESIAN_POINT ( 'NONE',  ( -80.00000000000000000, -80.00000000000000000, 12.00000000000000711 ) ) ;
#621 = ORIENTED_EDGE ( 'NONE', *, *, #1236, .T. ) ;
#622 = AXIS2_PLACEMENT_3D ( 'NONE', #1288, #351, #19 ) ;
#623 = VECTOR ( 'NONE', #914, 1000.000000000000000 ) ;
#624 = EDGE_CURVE ( 'NONE', #228, #1271, #752, .T. ) ;
#625 = VECTOR ( 'NONE', #145, 1000.000000000000000 ) ;
#626 = ORIENTED_EDGE ( 'NONE', *, *, #281, .T. ) ;
#627 = FACE_OUTER_BOUND ( 'NONE', #1358, .T. ) ;
#628 = CARTESIAN_POINT ( 'NONE',  ( 72.50000000000001421, 79.99999999999998579, 12.00000000000000711 ) ) ;
#629 = VECTOR ( 'NONE', #1238, 1000.000000000000000 ) ;
#630 = EDGE_CURVE ( 'NONE', #840, #1125, #1131, .T. ) ;
#631 = LINE ( 'NONE', #643, #577 ) ;
#632 = ORIENTED_EDGE ( 'NONE', *, *, #1108, .F. ) ;
#633 = FACE_OUTER_BOUND ( 'NONE', #456, .T. ) ;
#634 = DIRECTION ( 'NONE',  ( 0.000000000000000000, 0.000000000000000000, 1.000000000000000000 ) ) ;
#635 = UNCERTAINTY_MEASURE_WITH_UNIT (LENGTH_MEASURE( 1.000000000000000082E-05 ), #791, 'distance_accuracy_value', 'NONE');
#636 = DIRECTION ( 'NONE',  ( 0.000000000000000000, 0.000000000000000000, -1.000000000000000000 ) ) ;
#637 = ADVANCED_FACE ( 'NONE', ( #1321 ), #773, .F. ) ;
#638 = EDGE_LOOP ( 'NONE', ( #175, #609, #644, #1049 ) ) ;
#639 = DIRECTION ( 'NONE',  ( 0.000000000000000000, 0.000000000000000000, 1.000000000000000000 ) ) ;
#640 = CARTESIAN_POINT ( 'NONE',  ( -71.00000000000001421, -80.00000000000001421, -34.99999999999997868 ) ) ;
#641 = AXIS2_PLACEMENT_3D ( 'NONE', #368, #1341, #1124 ) ;
#642 = CIRCLE ( 'NONE', #829, 5.000000000000004441 ) ;
#643 = CARTESIAN_POINT ( 'NONE',  ( 70.00000000000000000, -65.00000000000001421, 12.00000000000000711 ) ) ;
#644 = ORIENTED_EDGE ( 'NONE', *, *, #702, .F. ) ;
#645 = VECTOR ( 'NONE', #863, 1000.000000000000000 ) ;
#646 = EDGE_CURVE ( 'NONE', #1379, #749, #174, .T. ) ;
#647 = LINE ( 'NONE', #1089, #366 ) ;
#648 = CYLINDRICAL_SURFACE ( 'NONE', #1267, 8.000000000000007105 ) ;
#649 = AXIS2_PLACEMENT_3D ( 'NONE', #1284, #1078, #1311 ) ;
#650 = CARTESIAN_POINT ( 'NONE',  ( -70.00000000000000000, 88.00000000000000000, 12.00000000000000711 ) ) ;
#651 = FACE_OUTER_BOUND ( 'NONE', #638, .T. ) ;
#652 = ORIENTED_EDGE ( 'NONE', *, *, #34, .T. ) ;
#653 = CARTESIAN_POINT ( 'NONE',  ( 80.00000000000000000, 84.99999999999998579, 7.000000000000006217 ) ) ;
#654 = DIRECTION ( 'NONE',  ( -0.000000000000000000, -0.000000000000000000, -1.000000000000000000 ) ) ;
#655 = PLANE ( 'NONE',  #605 ) ;
#656 = AXIS2_PLACEMENT_3D ( 'NONE', #291, #619, #738 ) ;
#657 = FACE_OUTER_BOUND ( 'NONE', #14, .T. ) ;
#658 = DIRECTION ( 'NONE',  ( 0.000000000000000000, 1.000000000000000000, 0.000000000000000000 ) ) ;
#659 = VERTEX_POINT ( 'NONE', #819 ) ;
#660 = CARTESIAN_POINT ( 'NONE',  ( 80.00000000000000000, 79.99999999999998579, -2.775557561562891351E-14 ) ) ;
#661 = CARTESIAN_POINT ( 'NONE',  ( 87.50000000000000000, 79.99999999999998579, 12.00000000000000711 ) ) ;
#662 = CARTESIAN_POINT ( 'NONE',  ( -87.50000000000001421, -72.00000000000001421, 12.00000000000000711 ) ) ;
#663 = ADVANCED_FACE ( 'NONE', ( #1250 ), #376, .T. ) ;
#664 = DESIGN_CONTEXT ( 'detailed design', #1187, 'design' ) ;
#665 = DIRECTION ( 'NONE',  ( 0.000000000000000000, 0.000000000000000000, -1.000000000000000000 ) ) ;
#666 = VECTOR ( 'NONE', #159, 1000.000000000000000 ) ;
#667 = ORIENTED_EDGE ( 'NONE', *, *, #924, .T. ) ;
#668 = DIRECTION ( 'NONE',  ( -0.000000000000000000, -0.000000000000000000, -1.000000000000000000 ) ) ;
#669 = VECTOR ( 'NONE', #1082, 1000.000000000000000 ) ;
#670 = ORIENTED_EDGE ( 'NONE', *, *, #391, .F. ) ;
#671 = ORIENTED_EDGE ( 'NONE', *, *, #1255, .F. ) ;
#672 = AXIS2_PLACEMENT_3D ( 'NONE', #1297, #654, #1192 ) ;
#673 = DIRECTION ( 'NONE',  ( -1.988167982736677193E-16, 1.000000000000000000, 0.000000000000000000 ) ) ;
#674 = ORIENTED_EDGE ( 'NONE', *, *, #135, .F. ) ;
#675 = PRODUCT_DEFINITION ( 'UNKNOWN', '', #553, #664 ) ;
#676 = ORIENTED_EDGE ( 'NONE', *, *, #369, .T. ) ;
#677 = ORIENTED_EDGE ( 'NONE', *, *, #350, .F. ) ;
#678 = ORIENTED_EDGE ( 'NONE', *, *, #1140, .F. ) ;
#679 = ADVANCED_FACE ( 'NONE', ( #505 ), #267, .F. ) ;
#680 = DIRECTION ( 'NONE',  ( 0.000000000000000000, 0.000000000000000000, 1.000000000000000000 ) ) ;
#681 = ORIENTED_EDGE ( 'NONE', *, *, #1027, .F. ) ;
#682 = CARTESIAN_POINT ( 'NONE',  ( -90.00000000000000000, 64.99999999999998579, 12.00000000000000711 ) ) ;
#683 = FACE_OUTER_BOUND ( 'NONE', #1224, .T. ) ;
#684 = EDGE_CURVE ( 'NONE', #452, #972, #1372, .T. ) ;
#685 = VERTEX_POINT ( 'NONE', #385 ) ;
#686 = CARTESIAN_POINT ( 'NONE',  ( -89.00000000000000000, -80.00000000000001421, -34.99999999999997868 ) ) ;
#687 = VERTEX_POINT ( 'NONE', #392 ) ;
#688 = CARTESIAN_POINT ( 'NONE',  ( -80.00000000000000000, -85.00000000000000000, 2.000000000000006217 ) ) ;
#689 = CARTESIAN_POINT ( 'NONE',  ( 80.00000000000000000, 79.99999999999998579, 7.000000000000006217 ) ) ;
#690 = VECTOR ( 'NONE', #1053, 1000.000000000000000 ) ;
#691 = PERSON_AND_ORGANIZATION ( #400, #1175 ) ;
#692 = EDGE_LOOP ( 'NONE', ( #979, #506, #632, #8 ) ) ;
#693 = EDGE_CURVE ( 'NONE', #1349, #784, #811, .T. ) ;
#694 = LINE ( 'NONE', #1232, #1315 ) ;
#695 = CIRCLE ( 'NONE', #717, 5.000000000000004441 ) ;
#696 = VERTEX_POINT ( 'NONE', #1028 ) ;
#697 = CIRCLE ( 'NONE', #1067, 8.000000000000007105 ) ;
#698 = CARTESIAN_POINT ( 'NONE',  ( 70.00000000000000000, -65.00000000000001421, 7.000000000000006217 ) ) ;
#699 = COORDINATED_UNIVERSAL_TIME_OFFSET ( 1, 0, .AHEAD. ) ;
#700 = VERTEX_POINT ( 'NONE', #1263 ) ;
#701 = ORIENTED_EDGE ( 'NONE', *, *, #285, .T. ) ;
#702 = EDGE_CURVE ( 'NONE', #1230, #1039, #1035, .T. ) ;
#703 = CARTESIAN_POINT ( 'NONE',  ( -70.00000000000000000, 94.99999999999998579, 12.00000000000000711 ) ) ;
#704 = EDGE_CURVE ( 'NONE', #1190, #834, #257, .T. ) ;
#705 = DIRECTION ( 'NONE',  ( -8.673617379884035472E-17, 1.000000000000000000, 0.000000000000000000 ) ) ;
#706 = VERTEX_POINT ( 'NONE', #274 ) ;
#707 = DIRECTION ( 'NONE',  ( -1.000000000000000000, -6.753856733136368626E-16, 0.000000000000000000 ) ) ;
#708 = FACE_BOUND ( 'NONE', #951, .T. ) ;
#709 = CARTESIAN_POINT ( 'NONE',  ( 70.00000000000000000, -88.00000000000002842, 12.00000000000000711 ) ) ;
#710 = EDGE_CURVE ( 'NONE', #446, #132, #153, .T. ) ;
#711 = LINE ( 'NONE', #698, #40 ) ;
#712 = COORDINATED_UNIVERSAL_TIME_OFFSET ( 1, 0, .AHEAD. ) ;
#713 = ORIENTED_EDGE ( 'NONE', *, *, #216, .F. ) ;
#714 = CARTESIAN_POINT ( 'NONE',  ( 80.00000000000000000, -80.00000000000001421, 12.00000000000000711 ) ) ;
#715 = DIRECTION ( 'NONE',  ( 1.000000000000000000, 6.753856733136369612E-16, 0.000000000000000000 ) ) ;
#716 = CIRCLE ( 'NONE', #464, 8.000000000000007105 ) ;
#717 = AXIS2_PLACEMENT_3D ( 'NONE', #200, #1286, #330 ) ;
#718 = CARTESIAN_POINT ( 'NONE',  ( 70.00000000000000000, -65.00000000000001421, 7.000000000000006217 ) ) ;
#719 = EDGE_LOOP ( 'NONE', ( #256, #1374, #453, #122 ) ) ;
#720 = DIRECTION ( 'NONE',  ( 0.000000000000000000, 0.000000000000000000, -1.000000000000000000 ) ) ;
#721 = EDGE_LOOP ( 'NONE', ( #599, #94, #1388, #621, #462, #15, #235, #564 ) ) ;
#722 = AXIS2_PLACEMENT_3D ( 'NONE', #53, #918, #270 ) ;
#723 = ORIENTED_EDGE ( 'NONE', *, *, #864, .F. ) ;
#724 = EDGE_CURVE ( 'NONE', #452, #340, #711, .T. ) ;
#725 = DIRECTION ( 'NONE',  ( -1.000000000000000000, 0.000000000000000000, 0.000000000000000000 ) ) ;
#726 = LINE ( 'NONE', #55, #1407 ) ;
#727 = ORIENTED_EDGE ( 'NONE', *, *, #223, .T. ) ;
#728 = EDGE_LOOP ( 'NONE', ( #848, #1017, #61, #409 ) ) ;
#729 = LINE ( 'NONE', #412, #425 ) ;
#730 = PLANE ( 'NONE',  #20 ) ;
#731 = ORIENTED_EDGE ( 'NONE', *, *, #543, .T. ) ;
#732 = EDGE_CURVE ( 'NONE', #1237, #170, #482, .T. ) ;
#733 = VECTOR ( 'NONE', #1414, 1000.000000000000000 ) ;
#734 = VECTOR ( 'NONE', #70, 1000.000000000000114 ) ;
#735 = CARTESIAN_POINT ( 'NONE',  ( -90.00000000000000000, 94.99999999999998579, 12.00000000000000711 ) ) ;
#736 = VERTEX_POINT ( 'NONE', #167 ) ;
#737 = CARTESIAN_POINT ( 'NONE',  ( 80.00000000000000000, 74.99999999999998579, 2.000000000000006217 ) ) ;
#738 = DIRECTION ( 'NONE',  ( 1.000000000000000000, 0.000000000000000000, 0.000000000000000000 ) ) ;
#739 = CARTESIAN_POINT ( 'NONE',  ( 80.00000000000000000, 79.99999999999998579, -2.775557561562891351E-14 ) ) ;
#740 = ORIENTED_EDGE ( 'NONE', *, *, #693, .F. ) ;
#741 = EDGE_CURVE ( 'NONE', #1000, #972, #57, .T. ) ;
#742 = ADVANCED_FACE ( 'NONE', ( #50 ), #499, .F. ) ;
#743 = LINE ( 'NONE', #735, #893 ) ;
#744 = EDGE_LOOP ( 'NONE', ( #1159, #555, #344, #938 ) ) ;
#745 = DIRECTION ( 'NONE',  ( 0.000000000000000000, 1.000000000000000000, 0.000000000000000000 ) ) ;
#746 = DIRECTION ( 'NONE',  ( 1.000000000000000000, 0.000000000000000000, 0.000000000000000000 ) ) ;
#747 = ADVANCED_FACE ( 'NONE', ( #794 ), #1202, .F. ) ;
#748 = DIRECTION ( 'NONE',  ( 0.000000000000000000, 0.000000000000000000, 1.000000000000000000 ) ) ;
#749 = VERTEX_POINT ( 'NONE', #215 ) ;
#750 = LINE ( 'NONE', #961, #116 ) ;
#751 = CARTESIAN_POINT ( 'NONE',  ( -85.00000000000000000, -80.00000000000001421, 2.775557561562891351E-14 ) ) ;
#752 = CIRCLE ( 'NONE', #1106, 5.000000000000004441 ) ;
#753 = SECURITY_CLASSIFICATION ( '', '', #51 ) ;
#754 = LINE ( 'NONE', #1188, #530 ) ;
#755 = CARTESIAN_POINT ( 'NONE',  ( 70.00000000000000000, -65.00000000000001421, 12.00000000000000711 ) ) ;
#756 = CC_DESIGN_PERSON_AND_ORGANIZATION_ASSIGNMENT ( #691, #1133, ( #675 ) ) ;
#757 = ORIENTED_EDGE ( 'NONE', *, *, #1262, .F. ) ;
#758 = CARTESIAN_POINT ( 'NONE',  ( -80.00000000000000000, 79.99999999999998579, 12.00000000000000711 ) ) ;
#759 = CARTESIAN_POINT ( 'NONE',  ( -80.00000000000000000, -80.00000000000001421, 2.775557561562891351E-14 ) ) ;
#760 = FACE_BOUND ( 'NONE', #487, .T. ) ;
#761 = AXIS2_PLACEMENT_3D ( 'NONE', #105, #77, #1205 ) ;
#762 = CARTESIAN_POINT ( 'NONE',  ( -80.00000000000000000, 79.99999999999998579, 12.00000000000000711 ) ) ;
#763 = CARTESIAN_POINT ( 'NONE',  ( -80.00000000000000000, 79.99999999999998579, 12.00000000000000711 ) ) ;
#764 = ORIENTED_EDGE ( 'NONE', *, *, #481, .T. ) ;
#765 = CARTESIAN_POINT ( 'NONE',  ( 80.00000000000000000, 79.99999999999998579, -2.775557561562891351E-14 ) ) ;
#766 = VECTOR ( 'NONE', #323, 1000.000000000000000 ) ;
#767 = DIRECTION ( 'NONE',  ( -0.000000000000000000, -0.000000000000000000, -1.000000000000000000 ) ) ;
#768 = CARTESIAN_POINT ( 'NONE',  ( -80.00000000000000000, -80.00000000000000000, 7.000000000000006217 ) ) ;
#769 = EDGE_CURVE ( 'NONE', #1214, #706, #880, .T. ) ;
#770 = CARTESIAN_POINT ( 'NONE',  ( -72.50000000000001421, -72.00000000000000000, 12.00000000000000711 ) ) ;
#771 = LINE ( 'NONE', #473, #322 ) ;
#772 = ORIENTED_EDGE ( 'NONE', *, *, #831, .T. ) ;
#773 = PLANE ( 'NONE',  #279 ) ;
#774 = ORIENTED_EDGE ( 'NONE', *, *, #317, .F. ) ;
#775 = ORIENTED_EDGE ( 'NONE', *, *, #74, .T. ) ;
#776 = DIRECTION ( 'NONE',  ( 0.000000000000000000, 0.000000000000000000, 1.000000000000000000 ) ) ;
#777 = ADVANCED_FACE ( 'NONE', ( #114 ), #655, .F. ) ;
#778 = ORIENTED_EDGE ( 'NONE', *, *, #797, .F. ) ;
#779 = DIRECTION ( 'NONE',  ( 0.000000000000000000, -1.000000000000000000, 0.000000000000000000 ) ) ;
#780 = FACE_BOUND ( 'NONE', #362, .T. ) ;
#781 = ORIENTED_EDGE ( 'NONE', *, *, #916, .T. ) ;
#782 = CALENDAR_DATE ( 2020, 29, 11 ) ;
#783 = ORIENTED_EDGE ( 'NONE', *, *, #1377, .T. ) ;
#784 = VERTEX_POINT ( 'NONE', #887 ) ;
#785 = CARTESIAN_POINT ( 'NONE',  ( -72.50000000000001421, -72.00000000000000000, 7.000000000000006217 ) ) ;
#786 = ORIENTED_EDGE ( 'NONE', *, *, #1287, .T. ) ;
#787 = CARTESIAN_POINT ( 'NONE',  ( -80.00000000000000000, -80.00000000000001421, 2.775557561562891351E-14 ) ) ;
#788 = EDGE_CURVE ( 'NONE', #1059, #687, #373, .T. ) ;
#789 = AXIS2_PLACEMENT_3D ( 'NONE', #545, #432, #977 ) ;
#790 = DIRECTION ( 'NONE',  ( 0.000000000000000000, 0.000000000000000000, 1.000000000000000000 ) ) ;
#791 =( LENGTH_UNIT ( ) NAMED_UNIT ( * ) SI_UNIT ( .MILLI., .METRE. ) );
#792 = ORIENTED_EDGE ( 'NONE', *, *, #924, .F. ) ;
#793 = CIRCLE ( 'NONE', #1318, 5.000000000000004441 ) ;
#794 = FACE_OUTER_BOUND ( 'NONE', #1266, .T. ) ;
#795 = PLANE ( 'NONE',  #929 ) ;
#796 = CYLINDRICAL_SURFACE ( 'NONE', #1307, 5.000000000000004441 ) ;
#797 = EDGE_CURVE ( 'NONE', #6, #685, #1174, .T. ) ;
#798 = VERTEX_POINT ( 'NONE', #566 ) ;
#799 = CARTESIAN_POINT ( 'NONE',  ( -80.00000000000000000, -75.00000000000000000, 2.000000000000006217 ) ) ;
#800 = VERTEX_POINT ( 'NONE', #557 ) ;
#801 = FACE_OUTER_BOUND ( 'NONE', #1056, .T. ) ;
#802 = VECTOR ( 'NONE', #143, 1000.000000000000000 ) ;
#803 = AXIS2_PLACEMENT_3D ( 'NONE', #1231, #1226, #1104 ) ;
#804 = ORIENTED_EDGE ( 'NONE', *, *, #1068, .F. ) ;
#805 = CARTESIAN_POINT ( 'NONE',  ( -89.00000000000000000, -80.00000000000001421, 2.775557561562891351E-14 ) ) ;
#806 = EDGE_CURVE ( 'NONE', #1225, #76, #1435, .T. ) ;
#807 = CLOSED_SHELL ( 'NONE', ( #151, #508, #663, #1333, #637, #933, #119, #1057, #1386, #1138 ) ) ;
#808 = VERTEX_POINT ( 'NONE', #454 ) ;
#809 = CARTESIAN_POINT ( 'NONE',  ( -70.00000000000000000, 71.07496207581520764, 12.00000000000000711 ) ) ;
#810 = CARTESIAN_POINT ( 'NONE',  ( 87.50000000000001421, 71.99999999999998579, 12.00000000000000711 ) ) ;
#811 = LINE ( 'NONE', #1257, #865 ) ;
#812 = PERSON_AND_ORGANIZATION ( #400, #1175 ) ;
#813 = ORIENTED_EDGE ( 'NONE', *, *, #247, .F. ) ;
#814 = CARTESIAN_POINT ( 'NONE',  ( 76.63523454626127318, -76.30157419415688480, 12.00000000000000711 ) ) ;
#815 = CARTESIAN_POINT ( 'NONE',  ( -80.00000000000000000, -80.00000000000001421, -34.99999999999997868 ) ) ;
#816 = EDGE_CURVE ( 'NONE', #687, #1059, #826, .T. ) ;
#817 = AXIS2_PLACEMENT_3D ( 'NONE', #217, #115, #558 ) ;
#818 = CARTESIAN_POINT ( 'NONE',  ( 72.50000000000000000, 87.99999999999998579, 12.00000000000000711 ) ) ;
#819 = CARTESIAN_POINT ( 'NONE',  ( 70.00000000000000000, -71.07496207581523606, 12.00000000000000711 ) ) ;
#820 = PERSON_AND_ORGANIZATION_ROLE ( 'classification_officer' ) ;
#821 = ORIENTED_EDGE ( 'NONE', *, *, #176, .T. ) ;
#822 = DIRECTION ( 'NONE',  ( 0.000000000000000000, 0.000000000000000000, -1.000000000000000000 ) ) ;
#823 = DIRECTION ( 'NONE',  ( 0.000000000000000000, 0.000000000000000000, 1.000000000000000000 ) ) ;
#824 = DIRECTION ( 'NONE',  ( -0.000000000000000000, -0.000000000000000000, -1.000000000000000000 ) ) ;
#825 = ORIENTED_EDGE ( 'NONE', *, *, #996, .F. ) ;
#826 = CIRCLE ( 'NONE', #395, 5.000000000000004441 ) ;
#827 = APPROVAL_PERSON_ORGANIZATION ( #169, #189, #607 ) ;
#828 = DIRECTION ( 'NONE',  ( 0.7855577629879422208, -0.6187883329615870842, 0.000000000000000000 ) ) ;
#829 = AXIS2_PLACEMENT_3D ( 'NONE', #1399, #852, #1092 ) ;
#830 = VECTOR ( 'NONE', #850, 1000.000000000000000 ) ;
#831 = EDGE_CURVE ( 'NONE', #195, #800, #233, .T. ) ;
#832 = ORIENTED_EDGE ( 'NONE', *, *, #410, .F. ) ;
#833 = FACE_OUTER_BOUND ( 'NONE', #304, .T. ) ;
#834 = VERTEX_POINT ( 'NONE', #785 ) ;
#835 = EDGE_CURVE ( 'NONE', #1239, #36, #243, .T. ) ;
#836 = ORIENTED_EDGE ( 'NONE', *, *, #1287, .F. ) ;
#837 = DIRECTION ( 'NONE',  ( 0.000000000000000000, 0.000000000000000000, 1.000000000000000000 ) ) ;
#838 = PLANE ( 'NONE',  #95 ) ;
#839 = CYLINDRICAL_SURFACE ( 'NONE', #1305, 5.000000000000004441 ) ;
#840 = VERTEX_POINT ( 'NONE', #805 ) ;
#841 = LINE ( 'NONE', #737, #669 ) ;
#842 = FACE_OUTER_BOUND ( 'NONE', #443, .T. ) ;
#843 = DIRECTION ( 'NONE',  ( 0.000000000000000000, 1.000000000000000000, 0.000000000000000000 ) ) ;
#844 = AXIS2_PLACEMENT_3D ( 'NONE', #9, #890, #1008 ) ;
#845 = EDGE_CURVE ( 'NONE', #808, #387, #919, .T. ) ;
#846 = VECTOR ( 'NONE', #96, 1000.000000000000114 ) ;
#847 = CARTESIAN_POINT ( 'NONE',  ( -72.50000000000000000, -88.00000000000000000, 12.00000000000000711 ) ) ;
#848 = ORIENTED_EDGE ( 'NONE', *, *, #540, .F. ) ;
#849 = CARTESIAN_POINT ( 'NONE',  ( 80.00000000000000000, 79.99999999999998579, -2.775557561562891351E-14 ) ) ;
#850 = DIRECTION ( 'NONE',  ( 0.000000000000000000, 0.000000000000000000, -1.000000000000000000 ) ) ;
#851 = ADVANCED_FACE ( 'NONE', ( #201 ), #1066, .F. ) ;
#852 = DIRECTION ( 'NONE',  ( 0.000000000000000000, 0.000000000000000000, 1.000000000000000000 ) ) ;
#853 = ORIENTED_EDGE ( 'NONE', *, *, #252, .T. ) ;
#854 = AXIS2_PLACEMENT_3D ( 'NONE', #37, #1160, #496 ) ;
#855 = VECTOR ( 'NONE', #822, 1000.000000000000000 ) ;
#856 = DIRECTION ( 'NONE',  ( 0.000000000000000000, 1.000000000000000000, 0.000000000000000000 ) ) ;
#857 = CARTESIAN_POINT ( 'NONE',  ( 70.00000000000000000, -71.07496207581523606, 7.000000000000006217 ) ) ;
#858 = ADVANCED_FACE ( 'NONE', ( #948 ), #407, .F. ) ;
#859 = LINE ( 'NONE', #415, #183 ) ;
#860 = DIRECTION ( 'NONE',  ( 0.000000000000000000, 1.000000000000000000, 0.000000000000000000 ) ) ;
#861 = ORIENTED_EDGE ( 'NONE', *, *, #996, .T. ) ;
#862 = CARTESIAN_POINT ( 'NONE',  ( 70.00000000000000000, -88.00000000000002842, 12.00000000000000711 ) ) ;
#863 = DIRECTION ( 'NONE',  ( 0.000000000000000000, -1.000000000000000000, 0.000000000000000000 ) ) ;
#864 = EDGE_CURVE ( 'NONE', #800, #870, #359, .T. ) ;
#865 = VECTOR ( 'NONE', #705, 1000.000000000000000 ) ;
#866 = CC_DESIGN_APPROVAL ( #189, ( #753 ) ) ;
#867 = DIRECTION ( 'NONE',  ( 0.000000000000000000, 0.000000000000000000, 1.000000000000000000 ) ) ;
#868 = VECTOR ( 'NONE', #307, 1000.000000000000000 ) ;
#869 = EDGE_CURVE ( 'NONE', #911, #1400, #1424, .T. ) ;
#870 = VERTEX_POINT ( 'NONE', #559 ) ;
#871 = VECTOR ( 'NONE', #665, 1000.000000000000000 ) ;
#872 = CARTESIAN_POINT ( 'NONE',  ( -85.00000000000000000, -80.00000000000001421, 2.775557561562891351E-14 ) ) ;
#873 = CARTESIAN_POINT ( 'NONE',  ( -75.00000000000000000, -80.00000000000001421, 2.775557561562891351E-14 ) ) ;
#874 = ORIENTED_EDGE ( 'NONE', *, *, #317, .T. ) ;
#875 = DIRECTION ( 'NONE',  ( -0.000000000000000000, -0.000000000000000000, -1.000000000000000000 ) ) ;
#876 = EDGE_CURVE ( 'NONE', #476, #132, #26, .T. ) ;
#877 = CARTESIAN_POINT ( 'NONE',  ( -80.00000000000000000, -80.00000000000001421, 2.775557561562891351E-14 ) ) ;
#878 = ORIENTED_EDGE ( 'NONE', *, *, #1091, .F. ) ;
#879 = ORIENTED_EDGE ( 'NONE', *, *, #431, .T. ) ;
#880 = LINE ( 'NONE', #339, #983 ) ;
#881 = LINE ( 'NONE', #1306, #766 ) ;
#882 = DIRECTION ( 'NONE',  ( 0.8390976183068128424, 0.5439808700237851458, 0.000000000000000000 ) ) ;
#883 = ORIENTED_EDGE ( 'NONE', *, *, #535, .T. ) ;
#884 = PERSON_AND_ORGANIZATION ( #400, #1175 ) ;
#885 = ORIENTED_EDGE ( 'NONE', *, *, #724, .F. ) ;
#886 = ORIENTED_EDGE ( 'NONE', *, *, #108, .F. ) ;
#887 = CARTESIAN_POINT ( 'NONE',  ( -90.00000000000000000, 94.99999999999998579, 7.000000000000006217 ) ) ;
#888 = ORIENTED_EDGE ( 'NONE', *, *, #816, .F. ) ;
#889 = ADVANCED_FACE ( 'NONE', ( #585 ), #1018, .T. ) ;
#890 = DIRECTION ( 'NONE',  ( -1.000000000000000000, -8.673617379884035472E-17, 0.000000000000000000 ) ) ;
#891 = DIRECTION ( 'NONE',  ( -0.000000000000000000, -0.000000000000000000, -1.000000000000000000 ) ) ;
#892 = CIRCLE ( 'NONE', #1381, 8.999999999999994671 ) ;
#893 = VECTOR ( 'NONE', #1086, 1000.000000000000000 ) ;
#894 = DIRECTION ( 'NONE',  ( 0.000000000000000000, 0.000000000000000000, -1.000000000000000000 ) ) ;
#895 = ORIENTED_EDGE ( 'NONE', *, *, #741, .T. ) ;
#896 = EDGE_LOOP ( 'NONE', ( #141, #677, #1405, #1273 ) ) ;
#897 = AXIS2_PLACEMENT_3D ( 'NONE', #759, #634, #746 ) ;
#898 = ORIENTED_EDGE ( 'NONE', *, *, #1006, .F. ) ;
#899 = EDGE_CURVE ( 'NONE', #659, #926, #1001, .T. ) ;
#900 = FACE_BOUND ( 'NONE', #931, .T. ) ;
#901 = DIRECTION ( 'NONE',  ( 1.000000000000000000, 6.753856733136369612E-16, 0.000000000000000000 ) ) ;
#902 = CARTESIAN_POINT ( 'NONE',  ( 71.00000000000001421, 79.99999999999998579, -2.775557561562891351E-14 ) ) ;
#903 = DIRECTION ( 'NONE',  ( 1.000000000000000000, 0.000000000000000000, 0.000000000000000000 ) ) ;
#904 = ORIENTED_EDGE ( 'NONE', *, *, #504, .F. ) ;
#905 = CARTESIAN_POINT ( 'NONE',  ( -70.00000000000000000, 88.00000000000000000, 7.000000000000006217 ) ) ;
#906 = DIRECTION ( 'NONE',  ( 0.000000000000000000, 1.000000000000000000, 0.000000000000000000 ) ) ;
#907 = AXIS2_PLACEMENT_3D ( 'NONE', #512, #837, #1275 ) ;
#908 = DIRECTION ( 'NONE',  ( -1.000000000000000000, 0.000000000000000000, 0.000000000000000000 ) ) ;
#909 = EDGE_LOOP ( 'NONE', ( #1137, #219, #774, #1004 ) ) ;
#910 = LINE ( 'NONE', #799, #629 ) ;
#911 = VERTEX_POINT ( 'NONE', #118 ) ;
#912 = CARTESIAN_POINT ( 'NONE',  ( 87.50000000000000000, 88.00000000000000000, 12.00000000000000711 ) ) ;
#913 = CARTESIAN_POINT ( 'NONE',  ( -72.50000000000001421, -80.00000000000000000, 12.00000000000000711 ) ) ;
#914 = DIRECTION ( 'NONE',  ( -0.000000000000000000, -0.000000000000000000, -1.000000000000000000 ) ) ;
#915 = VECTOR ( 'NONE', #309, 1000.000000000000000 ) ;
#916 = EDGE_CURVE ( 'NONE', #192, #1125, #892, .T. ) ;
#917 = ORIENTED_EDGE ( 'NONE', *, *, #474, .F. ) ;
#918 = DIRECTION ( 'NONE',  ( -0.5439808700237851458, 0.8390976183068128424, 0.000000000000000000 ) ) ;
#919 = LINE ( 'NONE', #1366, #255 ) ;
#920 = VECTOR ( 'NONE', #1313, 1000.000000000000000 ) ;
#921 = LINE ( 'NONE', #1254, #144 ) ;
#922 = DIRECTION ( 'NONE',  ( -0.7855577629879423318, 0.6187883329615870842, 0.000000000000000000 ) ) ;
#923 = CIRCLE ( 'NONE', #992, 8.000000000000007105 ) ;
#924 = EDGE_CURVE ( 'NONE', #840, #1433, #111, .T. ) ;
#925 = APPROVAL_DATE_TIME ( #386, #308 ) ;
#926 = VERTEX_POINT ( 'NONE', #467 ) ;
#927 = CARTESIAN_POINT ( 'NONE',  ( 87.50000000000000000, 88.00000000000000000, 7.000000000000006217 ) ) ;
#928 = DIRECTION ( 'NONE',  ( -0.000000000000000000, -0.000000000000000000, -1.000000000000000000 ) ) ;
#929 = AXIS2_PLACEMENT_3D ( 'NONE', #363, #1126, #371 ) ;
#930 = CARTESIAN_POINT ( 'NONE',  ( 80.00000000000000000, 79.99999999999998579, 2.000000000000006217 ) ) ;
#931 = EDGE_LOOP ( 'NONE', ( #886, #128 ) ) ;
#932 = CARTESIAN_POINT ( 'NONE',  ( 80.00000000000000000, 79.99999999999998579, -2.775557561562891351E-14 ) ) ;
#933 = ADVANCED_FACE ( 'NONE', ( #237 ), #1116, .T. ) ;
#934 = CARTESIAN_POINT ( 'NONE',  ( -72.50000000000001421, -72.00000000000000000, 12.00000000000000711 ) ) ;
#935 = ORIENTED_EDGE ( 'NONE', *, *, #1367, .T. ) ;
#936 =( GEOMETRIC_REPRESENTATION_CONTEXT ( 3 ) GLOBAL_UNCERTAINTY_ASSIGNED_CONTEXT ( ( #635 ) ) GLOBAL_UNIT_ASSIGNED_CONTEXT ( ( #791, #345, #1120 ) ) REPRESENTATION_CONTEXT ( 'NONE', 'WORKASPACE' ) );
#937 = CARTESIAN_POINT ( 'NONE',  ( -76.63523454626127318, 83.69842580584311520, 7.000000000000006217 ) ) ;
#938 = ORIENTED_EDGE ( 'NONE', *, *, #1218, .T. ) ;
#939 = AXIS2_PLACEMENT_3D ( 'NONE', #1200, #411, #193 ) ;
#940 = CLOSED_SHELL ( 'NONE', ( #858, #444, #1209, #889, #561, #942, #62, #960 ) ) ;
#941 = AXIS2_PLACEMENT_3D ( 'NONE', #628, #720, #47 ) ;
#942 = ADVANCED_FACE ( 'NONE', ( #900, #1058 ), #272, .T. ) ;
#943 = DIRECTION ( 'NONE',  ( 0.000000000000000000, -0.000000000000000000, 1.000000000000000000 ) ) ;
#944 = ORIENTED_EDGE ( 'NONE', *, *, #285, .F. ) ;
#945 = CIRCLE ( 'NONE', #327, 5.000000000000004441 ) ;
#946 = DIRECTION ( 'NONE',  ( 0.000000000000000000, 0.000000000000000000, 1.000000000000000000 ) ) ;
#947 = DIRECTION ( 'NONE',  ( 0.000000000000000000, 1.000000000000000000, 0.000000000000000000 ) ) ;
#948 = FACE_OUTER_BOUND ( 'NONE', #997, .T. ) ;
#949 = DIRECTION ( 'NONE',  ( 0.000000000000000000, 0.000000000000000000, 1.000000000000000000 ) ) ;
#950 = EDGE_CURVE ( 'NONE', #926, #205, #46, .T. ) ;
#951 = EDGE_LOOP ( 'NONE', ( #527, #989 ) ) ;
#952 = PLANE ( 'NONE',  #939 ) ;
#953 = CARTESIAN_POINT ( 'NONE',  ( -70.00000000000000000, 64.99999999999998579, 12.00000000000000711 ) ) ;
#954 = DIRECTION ( 'NONE',  ( 0.7855577629879423318, -0.6187883329615870842, 0.000000000000000000 ) ) ;
#955 = VECTOR ( 'NONE', #207, 1000.000000000000114 ) ;
#956 = DIRECTION ( 'NONE',  ( 0.000000000000000000, 0.000000000000000000, 1.000000000000000000 ) ) ;
#957 = MANIFOLD_SOLID_BREP ( 'maintien-1-solid1', #940 ) ;
#958 = CARTESIAN_POINT ( 'NONE',  ( 72.50000000000001421, 71.99999999999998579, 7.000000000000006217 ) ) ;
#959 = ORIENTED_EDGE ( 'NONE', *, *, #583, .F. ) ;
#960 = ADVANCED_FACE ( 'NONE', ( #1050 ), #610, .F. ) ;
#961 = CARTESIAN_POINT ( 'NONE',  ( 90.00000000000000000, -65.00000000000001421, 12.00000000000000711 ) ) ;
#962 = DIRECTION ( 'NONE',  ( -0.000000000000000000, -0.000000000000000000, -1.000000000000000000 ) ) ;
#963 = ORIENTED_EDGE ( 'NONE', *, *, #1367, .F. ) ;
#964 = VECTOR ( 'NONE', #1146, 1000.000000000000000 ) ;
#965 = MANIFOLD_SOLID_BREP ( 'Coulisse_grand-2-solid1', #298 ) ;
#966 = CARTESIAN_POINT ( 'NONE',  ( -80.00000000000000000, -80.00000000000001421, 2.775557561562891351E-14 ) ) ;
#967 = EDGE_LOOP ( 'NONE', ( #148, #1383, #71, #131 ) ) ;
#968 = CARTESIAN_POINT ( 'NONE',  ( 72.50000000000001421, 79.99999999999998579, 12.00000000000000711 ) ) ;
#969 = FACE_OUTER_BOUND ( 'NONE', #1323, .T. ) ;
#970 = VECTOR ( 'NONE', #273, 1000.000000000000000 ) ;
#971 = DIRECTION ( 'NONE',  ( 1.000000000000000000, 0.000000000000000000, 0.000000000000000000 ) ) ;
#972 = VERTEX_POINT ( 'NONE', #486 ) ;
#973 = DIRECTION ( 'NONE',  ( -0.000000000000000000, -0.000000000000000000, -1.000000000000000000 ) ) ;
#974 = CARTESIAN_POINT ( 'NONE',  ( 85.00000000000000000, 79.99999999999998579, -2.775557561562891351E-14 ) ) ;
#975 = ADVANCED_FACE ( 'NONE', ( #1260 ), #1253, .T. ) ;
#976 = LINE ( 'NONE', #1299, #915 ) ;
#977 = DIRECTION ( 'NONE',  ( 1.000000000000000000, 6.753856733136368626E-16, 0.000000000000000000 ) ) ;
#978 = VECTOR ( 'NONE', #429, 1000.000000000000000 ) ;
#979 = ORIENTED_EDGE ( 'NONE', *, *, #864, .T. ) ;
#980 = EDGE_CURVE ( 'NONE', #76, #706, #1150, .T. ) ;
#981 = FACE_BOUND ( 'NONE', #354, .T. ) ;
#982 = DIRECTION ( 'NONE',  ( 1.988167982736677193E-16, -1.000000000000000000, 0.000000000000000000 ) ) ;
#983 = VECTOR ( 'NONE', #331, 1000.000000000000000 ) ;
#984 = APPROVAL_PERSON_ORGANIZATION ( #260, #308, #602 ) ;
#985 = EDGE_CURVE ( 'NONE', #589, #1000, #1040, .T. ) ;
#986 = DIRECTION ( 'NONE',  ( 1.000000000000000000, 0.000000000000000000, 0.000000000000000000 ) ) ;
#987 = EDGE_LOOP ( 'NONE', ( #832, #269, #935, #1416 ) ) ;
#988 = DIRECTION ( 'NONE',  ( 1.000000000000000000, 0.000000000000000000, -0.000000000000000000 ) ) ;
#989 = ORIENTED_EDGE ( 'NONE', *, *, #788, .T. ) ;
#990 = EDGE_LOOP ( 'NONE', ( #757, #461, #1030, #1332 ) ) ;
#991 = CARTESIAN_POINT ( 'NONE',  ( -87.50000000000000000, -80.00000000000000000, 12.00000000000000711 ) ) ;
#992 = AXIS2_PLACEMENT_3D ( 'NONE', #249, #592, #1023 ) ;
#993 = CC_DESIGN_PERSON_AND_ORGANIZATION_ASSIGNMENT ( #229, #563, ( #312 ) ) ;
#994 = ORIENTED_EDGE ( 'NONE', *, *, #1016, .F. ) ;
#995 = APPLICATION_PROTOCOL_DEFINITION ( 'international standard', 'config_control_design', 1994, #1187 ) ;
#996 = EDGE_CURVE ( 'NONE', #36, #1349, #1375, .T. ) ;
#997 = EDGE_LOOP ( 'NONE', ( #778, #1277, #150, #678 ) ) ;
#998 = ORIENTED_EDGE ( 'NONE', *, *, #916, .F. ) ;
#999 = DIRECTION ( 'NONE',  ( -6.753856733136369612E-16, 1.000000000000000000, 0.000000000000000000 ) ) ;
#1000 = VERTEX_POINT ( 'NONE', #277 ) ;
#1001 = LINE ( 'NONE', #1240, #1360 ) ;
#1002 = CARTESIAN_POINT ( 'NONE',  ( -87.50000000000000000, -88.00000000000001421, 7.000000000000006217 ) ) ;
#1003 = CARTESIAN_POINT ( 'NONE',  ( 72.50000000000001421, 71.99999999999998579, 12.00000000000000711 ) ) ;
#1004 = ORIENTED_EDGE ( 'NONE', *, *, #710, .T. ) ;
#1005 = EDGE_LOOP ( 'NONE', ( #1227, #286, #178, #879 ) ) ;
#1006 = EDGE_CURVE ( 'NONE', #926, #1173, #568, .T. ) ;
#1007 = ORIENTED_EDGE ( 'NONE', *, *, #426, .F. ) ;
#1008 = DIRECTION ( 'NONE',  ( 8.673617379884035472E-17, -1.000000000000000000, 0.000000000000000000 ) ) ;
#1009 = ADVANCED_FACE ( 'NONE', ( #842 ), #1072, .F. ) ;
#1010 = DIRECTION ( 'NONE',  ( 8.673617379884036705E-17, 1.000000000000000000, 0.000000000000000000 ) ) ;
#1011 = VECTOR ( 'NONE', #139, 1000.000000000000000 ) ;
#1012 = AXIS2_PLACEMENT_3D ( 'NONE', #660, #587, #352 ) ;
#1013 = CARTESIAN_POINT ( 'NONE',  ( 0.000000000000000000, 0.000000000000000000, 0.000000000000000000 ) ) ;
#1014 = ORIENTED_EDGE ( 'NONE', *, *, #397, .F. ) ;
#1015 = VECTOR ( 'NONE', #503, 1000.000000000000000 ) ;
#1016 = EDGE_CURVE ( 'NONE', #1400, #911, #101, .T. ) ;
#1017 = ORIENTED_EDGE ( 'NONE', *, *, #876, .F. ) ;
#1018 = CYLINDRICAL_SURFACE ( 'NONE', #63, 8.000000000000007105 ) ;
#1019 = DIRECTION ( 'NONE',  ( 0.000000000000000000, 0.000000000000000000, 1.000000000000000000 ) ) ;
#1020 = EDGE_CURVE ( 'NONE', #1125, #192, #1272, .T. ) ;
#1021 = FACE_OUTER_BOUND ( 'NONE', #582, .T. ) ;
#1022 = ORIENTED_EDGE ( 'NONE', *, *, #1117, .T. ) ;
#1023 = DIRECTION ( 'NONE',  ( 0.000000000000000000, 1.000000000000000000, 0.000000000000000000 ) ) ;
#1024 = ORIENTED_EDGE ( 'NONE', *, *, #624, .F. ) ;
#1025 = VECTOR ( 'NONE', #707, 1000.000000000000000 ) ;
#1026 = FACE_OUTER_BOUND ( 'NONE', #29, .T. ) ;
#1027 = EDGE_CURVE ( 'NONE', #1239, #1213, #729, .T. ) ;
#1028 = CARTESIAN_POINT ( 'NONE',  ( 80.00000000000000000, 74.99999999999998579, 12.00000000000000711 ) ) ;
#1029 = DATE_AND_TIME ( #1251, #436 ) ;
#1030 = ORIENTED_EDGE ( 'NONE', *, *, #869, .T. ) ;
#1031 = EDGE_LOOP ( 'NONE', ( #1295, #262, #701, #1290 ) ) ;
#1032 = CARTESIAN_POINT ( 'NONE',  ( -72.50000000000000000, -88.00000000000000000, 12.00000000000000711 ) ) ;
#1033 = EDGE_CURVE ( 'NONE', #1356, #736, #517, .T. ) ;
#1034 = AXIS2_PLACEMENT_3D ( 'NONE', #73, #956, #529 ) ;
#1035 = LINE ( 'NONE', #934, #666 ) ;
#1036 = LOCAL_TIME ( 14, 37, 8.000000000000000000, #699 ) ;
#1037 = AXIS2_PLACEMENT_3D ( 'NONE', #762, #636, #537 ) ;
#1038 = DATE_TIME_ROLE ( 'creation_date' ) ;
#1039 = VERTEX_POINT ( 'NONE', #1063 ) ;
#1040 = LINE ( 'NONE', #161, #56 ) ;
#1041 = VECTOR ( 'NONE', #1079, 1000.000000000000000 ) ;
#1042 = CYLINDRICAL_SURFACE ( 'NONE', #941, 8.000000000000007105 ) ;
#1043 = DIRECTION ( 'NONE',  ( 0.000000000000000000, 0.000000000000000000, 1.000000000000000000 ) ) ;
#1044 = LINE ( 'NONE', #703, #488 ) ;
#1045 = CARTESIAN_POINT ( 'NONE',  ( 87.50000000000001421, 71.99999999999998579, 12.00000000000000711 ) ) ;
#1046 = PLANE ( 'NONE',  #166 ) ;
#1047 = AXIS2_PLACEMENT_3D ( 'NONE', #1300, #867, #860 ) ;
#1048 = PERSON_AND_ORGANIZATION ( #400, #1175 ) ;
#1049 = ORIENTED_EDGE ( 'NONE', *, *, #1075, .T. ) ;
#1050 = FACE_OUTER_BOUND ( 'NONE', #573, .T. ) ;
#1051 = EDGE_CURVE ( 'NONE', #478, #30, #793, .T. ) ;
#1052 = DIRECTION ( 'NONE',  ( 1.000000000000000000, 0.000000000000000000, 0.000000000000000000 ) ) ;
#1053 = DIRECTION ( 'NONE',  ( 1.000000000000000000, 0.000000000000000000, 0.000000000000000000 ) ) ;
#1054 = VERTEX_POINT ( 'NONE', #69 ) ;
#1055 = LINE ( 'NONE', #60, #439 ) ;
#1056 = EDGE_LOOP ( 'NONE', ( #1123, #179, #125, #944 ) ) ;
#1057 = ADVANCED_FACE ( 'NONE', ( #627 ), #1389, .F. ) ;
#1058 = FACE_OUTER_BOUND ( 'NONE', #744, .T. ) ;
#1059 = VERTEX_POINT ( 'NONE', #1428 ) ;
#1060 = AXIS2_PLACEMENT_3D ( 'NONE', #1278, #80, #72 ) ;
#1061 = AXIS2_PLACEMENT_3D ( 'NONE', #596, #280, #600 ) ;
#1062 = APPROVAL_PERSON_ORGANIZATION ( #884, #236, #253 ) ;
#1063 = CARTESIAN_POINT ( 'NONE',  ( -87.50000000000001421, -72.00000000000001421, 12.00000000000000711 ) ) ;
#1064 = FACE_OUTER_BOUND ( 'NONE', #692, .T. ) ;
#1065 = ORIENTED_EDGE ( 'NONE', *, *, #247, .T. ) ;
#1066 = CYLINDRICAL_SURFACE ( 'NONE', #1060, 5.000000000000004441 ) ;
#1067 = AXIS2_PLACEMENT_3D ( 'NONE', #86, #413, #843 ) ;
#1068 = EDGE_CURVE ( 'NONE', #589, #659, #224, .T. ) ;
#1069 = CARTESIAN_POINT ( 'NONE',  ( -80.00000000000000000, -80.00000000000001421, 2.775557561562891351E-14 ) ) ;
#1070 = ORIENTED_EDGE ( 'NONE', *, *, #831, .F. ) ;
#1071 = DIRECTION ( 'NONE',  ( 0.000000000000000000, 0.000000000000000000, 1.000000000000000000 ) ) ;
#1072 = PLANE ( 'NONE',  #613 ) ;
#1073 = DIRECTION ( 'NONE',  ( 0.000000000000000000, 0.000000000000000000, -1.000000000000000000 ) ) ;
#1074 = AXIS2_PLACEMENT_3D ( 'NONE', #953, #441, #982 ) ;
#1075 = EDGE_CURVE ( 'NONE', #1230, #834, #1316, .T. ) ;
#1076 = CARTESIAN_POINT ( 'NONE',  ( -72.50000000000001421, -80.00000000000000000, 12.00000000000000711 ) ) ;
#1077 = ORIENTED_EDGE ( 'NONE', *, *, #797, .T. ) ;
#1078 = DIRECTION ( 'NONE',  ( 0.000000000000000000, 0.000000000000000000, 1.000000000000000000 ) ) ;
#1079 = DIRECTION ( 'NONE',  ( -0.000000000000000000, -0.000000000000000000, -1.000000000000000000 ) ) ;
#1080 = CYLINDRICAL_SURFACE ( 'NONE', #1037, 5.000000000000004441 ) ;
#1081 = ORIENTED_EDGE ( 'NONE', *, *, #341, .F. ) ;
#1082 = DIRECTION ( 'NONE',  ( 0.000000000000000000, 0.000000000000000000, 1.000000000000000000 ) ) ;
#1083 = LINE ( 'NONE', #1411, #645 ) ;
#1084 = CC_DESIGN_APPROVAL ( #308, ( #553 ) ) ;
#1085 = VECTOR ( 'NONE', #521, 1000.000000000000000 ) ;
#1086 = DIRECTION ( 'NONE',  ( 0.000000000000000000, 0.000000000000000000, -1.000000000000000000 ) ) ;
#1087 = CARTESIAN_POINT ( 'NONE',  ( -72.50000000000000000, -88.00000000000000000, 7.000000000000006217 ) ) ;
#1088 = EDGE_LOOP ( 'NONE', ( #723, #1070, #883, #416, #959, #1014, #821, #565 ) ) ;
#1089 = CARTESIAN_POINT ( 'NONE',  ( -70.00000000000000000, 94.99999999999998579, 12.00000000000000711 ) ) ;
#1090 = DIRECTION ( 'NONE',  ( 0.000000000000000000, 0.000000000000000000, -1.000000000000000000 ) ) ;
#1091 = EDGE_CURVE ( 'NONE', #16, #1118, #881, .T. ) ;
#1092 = DIRECTION ( 'NONE',  ( 1.000000000000000000, 0.000000000000000000, 0.000000000000000000 ) ) ;
#1093 = DIRECTION ( 'NONE',  ( 0.000000000000000000, -0.000000000000000000, 1.000000000000000000 ) ) ;
#1094 = ORIENTED_EDGE ( 'NONE', *, *, #704, .T. ) ;
#1095 = CARTESIAN_POINT ( 'NONE',  ( -70.00000000000000000, 94.99999999999998579, 12.00000000000000711 ) ) ;
#1096 = CARTESIAN_POINT ( 'NONE',  ( -76.63523454626127318, 76.30157419415685638, 12.00000000000000711 ) ) ;
#1097 = CARTESIAN_POINT ( 'NONE',  ( -80.00000000000000000, -80.00000000000001421, -34.99999999999997868 ) ) ;
#1098 = ADVANCED_FACE ( 'NONE', ( #657, #760 ), #1203, .T. ) ;
#1099 = LINE ( 'NONE', #107, #154 ) ;
#1100 = LINE ( 'NONE', #688, #1308 ) ;
#1101 = ORIENTED_EDGE ( 'NONE', *, *, #646, .T. ) ;
#1102 = PLANE ( 'NONE',  #641 ) ;
#1103 = LINE ( 'NONE', #974, #1085 ) ;
#1104 = DIRECTION ( 'NONE',  ( 1.000000000000000000, 6.753856733136368626E-16, 0.000000000000000000 ) ) ;
#1105 = DIRECTION ( 'NONE',  ( -0.7855577629879422208, 0.6187883329615871952, 0.000000000000000000 ) ) ;
#1106 = AXIS2_PLACEMENT_3D ( 'NONE', #689, #790, #1229 ) ;
#1107 = CARTESIAN_POINT ( 'NONE',  ( 85.00000000000000000, 79.99999999999998579, -2.775557561562891351E-14 ) ) ;
#1108 = EDGE_CURVE ( 'NONE', #1213, #185, #1099, .T. ) ;
#1109 = CLOSED_SHELL ( 'NONE', ( #679, #851, #975, #1246, #455, #480, #1189, #1430, #1009, #328 ) ) ;
#1110 = ORIENTED_EDGE ( 'NONE', *, *, #420, .T. ) ;
#1111 = DIRECTION ( 'NONE',  ( -0.000000000000000000, -0.000000000000000000, -1.000000000000000000 ) ) ;
#1112 = ORIENTED_EDGE ( 'NONE', *, *, #769, .F. ) ;
#1113 = ORIENTED_EDGE ( 'NONE', *, *, #239, .F. ) ;
#1114 = DIRECTION ( 'NONE',  ( -1.000000000000000000, -6.753856733136369612E-16, 0.000000000000000000 ) ) ;
#1115 = ORIENTED_EDGE ( 'NONE', *, *, #788, .F. ) ;
#1116 = PLANE ( 'NONE',  #844 ) ;
#1117 = EDGE_CURVE ( 'NONE', #1039, #700, #1208, .T. ) ;
#1118 = VERTEX_POINT ( 'NONE', #905 ) ;
#1119 = LINE ( 'NONE', #367, #295 ) ;
#1120 =( NAMED_UNIT ( * ) SI_UNIT ( $, .STERADIAN. ) SOLID_ANGLE_UNIT ( ) );
#1121 = APPLICATION_CONTEXT ( 'configuration controlled 3d designs of mechanical parts and assemblies' ) ;
#1122 = ORIENTED_EDGE ( 'NONE', *, *, #543, .F. ) ;
#1123 = ORIENTED_EDGE ( 'NONE', *, *, #1293, .T. ) ;
#1124 = DIRECTION ( 'NONE',  ( -2.855529720725080741E-16, 1.000000000000000000, 0.000000000000000000 ) ) ;
#1125 = VERTEX_POINT ( 'NONE', #686 ) ;
#1126 = DIRECTION ( 'NONE',  ( 0.000000000000000000, 0.000000000000000000, -1.000000000000000000 ) ) ;
#1127 = ORIENTED_EDGE ( 'NONE', *, *, #845, .T. ) ;
#1128 = CARTESIAN_POINT ( 'NONE',  ( 87.50000000000001421, 71.99999999999998579, 7.000000000000006217 ) ) ;
#1129 = PLANE ( 'NONE',  #440 ) ;
#1130 = AXIS2_PLACEMENT_3D ( 'NONE', #492, #1378, #1147 ) ;
#1131 = LINE ( 'NONE', #27, #316 ) ;
#1132 = AXIS2_PLACEMENT_3D ( 'NONE', #815, #1151, #292 ) ;
#1133 = PERSON_AND_ORGANIZATION_ROLE ( 'creator' ) ;
#1134 = EDGE_LOOP ( 'NONE', ( #242, #123, #288, #1211 ) ) ;
#1135 = VECTOR ( 'NONE', #1010, 1000.000000000000000 ) ;
#1136 = DIRECTION ( 'NONE',  ( 0.000000000000000000, 0.000000000000000000, -1.000000000000000000 ) ) ;
#1137 = ORIENTED_EDGE ( 'NONE', *, *, #540, .T. ) ;
#1138 = ADVANCED_FACE ( 'NONE', ( #1350 ), #795, .T. ) ;
#1139 = DIRECTION ( 'NONE',  ( -8.673617379884035472E-17, -1.000000000000000000, 0.000000000000000000 ) ) ;
#1140 = EDGE_CURVE ( 'NONE', #685, #736, #910, .T. ) ;
#1141 = COORDINATED_UNIVERSAL_TIME_OFFSET ( 1, 0, .AHEAD. ) ;
#1142 = ORIENTED_EDGE ( 'NONE', *, *, #190, .F. ) ;
#1143 = ORIENTED_EDGE ( 'NONE', *, *, #845, .F. ) ;
#1144 = EDGE_CURVE ( 'NONE', #1271, #318, #254, .T. ) ;
#1145 = LINE ( 'NONE', #1248, #970 ) ;
#1146 = DIRECTION ( 'NONE',  ( -8.673617379884035472E-17, 1.000000000000000000, 0.000000000000000000 ) ) ;
#1147 = DIRECTION ( 'NONE',  ( 0.8390976183068128424, 0.5439808700237850347, 0.000000000000000000 ) ) ;
#1148 = APPROVAL_STATUS ( 'not_yet_approved' ) ;
#1149 = VERTEX_POINT ( 'NONE', #471 ) ;
#1150 = LINE ( 'NONE', #927, #1025 ) ;
#1151 = DIRECTION ( 'NONE',  ( 0.000000000000000000, 0.000000000000000000, 1.000000000000000000 ) ) ;
#1152 = DIRECTION ( 'NONE',  ( 1.000000000000000000, 0.000000000000000000, -0.000000000000000000 ) ) ;
#1153 = PRODUCT_RELATED_PRODUCT_CATEGORY ( 'detail', '', ( #312 ) ) ;
#1154 = DIRECTION ( 'NONE',  ( 0.000000000000000000, 0.000000000000000000, 1.000000000000000000 ) ) ;
#1155 = DIRECTION ( 'NONE',  ( 2.855529720725080741E-16, -1.000000000000000000, 0.000000000000000000 ) ) ;
#1156 = EDGE_CURVE ( 'NONE', #185, #870, #694, .T. ) ;
#1157 = CIRCLE ( 'NONE', #348, 5.000000000000004441 ) ;
#1158 = PERSON_AND_ORGANIZATION_ROLE ( 'design_supplier' ) ;
#1159 = ORIENTED_EDGE ( 'NONE', *, *, #550, .T. ) ;
#1160 = DIRECTION ( 'NONE',  ( 0.000000000000000000, 0.000000000000000000, 1.000000000000000000 ) ) ;
#1161 = CIRCLE ( 'NONE', #168, 5.000000000000004441 ) ;
#1162 = PLANE ( 'NONE',  #374 ) ;
#1163 = DIRECTION ( 'NONE',  ( 0.6187883329615870842, 0.7855577629879423318, -0.000000000000000000 ) ) ;
#1164 = EDGE_CURVE ( 'NONE', #700, #387, #923, .T. ) ;
#1165 = EDGE_LOOP ( 'NONE', ( #1326, #878, #231, #248 ) ) ;
#1166 = DIRECTION ( 'NONE',  ( 1.000000000000000000, 0.000000000000000000, 0.000000000000000000 ) ) ;
#1167 = ORIENTED_EDGE ( 'NONE', *, *, #481, .F. ) ;
#1168 = VERTEX_POINT ( 'NONE', #149 ) ;
#1169 = CC_DESIGN_PERSON_AND_ORGANIZATION_ASSIGNMENT ( #812, #1158, ( #553 ) ) ;
#1170 = CARTESIAN_POINT ( 'NONE',  ( 80.00000000000000000, 79.99999999999998579, -35.00000000000002842 ) ) ;
#1171 = CARTESIAN_POINT ( 'NONE',  ( -70.00000000000000000, 64.99999999999998579, 12.00000000000000711 ) ) ;
#1172 = AXIS2_PLACEMENT_3D ( 'NONE', #758, #213, #353 ) ;
#1173 = VERTEX_POINT ( 'NONE', #1357 ) ;
#1174 = CIRCLE ( 'NONE', #1217, 5.000000000000004441 ) ;
#1175 = ORGANIZATION ( 'UNSPECIFIED', 'UNSPECIFIED', '' ) ;
#1176 = DIRECTION ( 'NONE',  ( -1.988167982736677193E-16, 1.000000000000000000, 0.000000000000000000 ) ) ;
#1177 = DIRECTION ( 'NONE',  ( 0.000000000000000000, 0.000000000000000000, 1.000000000000000000 ) ) ;
#1178 = EDGE_CURVE ( 'NONE', #185, #1237, #383, .T. ) ;
#1179 = DIRECTION ( 'NONE',  ( 0.000000000000000000, 0.000000000000000000, 1.000000000000000000 ) ) ;
#1180 = ORIENTED_EDGE ( 'NONE', *, *, #1339, .T. ) ;
#1181 = CARTESIAN_POINT ( 'NONE',  ( 90.00000000000001421, -95.00000000000001421, 12.00000000000000711 ) ) ;
#1182 = CARTESIAN_POINT ( 'NONE',  ( -70.00000000000000000, 64.99999999999998579, 12.00000000000000711 ) ) ;
#1183 = CARTESIAN_POINT ( 'NONE',  ( 90.00000000000000000, -65.00000000000001421, 12.00000000000000711 ) ) ;
#1184 = ORIENTED_EDGE ( 'NONE', *, *, #806, .T. ) ;
#1185 = DIRECTION ( 'NONE',  ( 1.734723475976807094E-16, -1.000000000000000000, 0.000000000000000000 ) ) ;
#1186 = LINE ( 'NONE', #208, #1041 ) ;
#1187 = APPLICATION_CONTEXT ( 'configuration controlled 3d designs of mechanical parts and assemblies' ) ;
#1188 = CARTESIAN_POINT ( 'NONE',  ( -70.00000000000000000, 94.99999999999998579, 7.000000000000006217 ) ) ;
#1189 = ADVANCED_FACE ( 'NONE', ( #315 ), #1421, .T. ) ;
#1190 = VERTEX_POINT ( 'NONE', #1087 ) ;
#1191 = CARTESIAN_POINT ( 'NONE',  ( -80.00000000000000000, -85.00000000000000000, 12.00000000000000711 ) ) ;
#1192 = DIRECTION ( 'NONE',  ( -1.000000000000000000, 0.000000000000000000, 0.000000000000000000 ) ) ;
#1193 = AXIS2_PLACEMENT_3D ( 'NONE', #75, #949, #1393 ) ;
#1194 = EDGE_CURVE ( 'NONE', #972, #1054, #1309, .T. ) ;
#1195 = AXIS2_PLACEMENT_3D ( 'NONE', #739, #962, #1397 ) ;
#1196 = DIRECTION ( 'NONE',  ( -1.000000000000000000, 0.000000000000000000, 0.000000000000000000 ) ) ;
#1197 = DIRECTION ( 'NONE',  ( 0.000000000000000000, 0.000000000000000000, -1.000000000000000000 ) ) ;
#1198 = ORIENTED_EDGE ( 'NONE', *, *, #1144, .T. ) ;
#1199 = EDGE_CURVE ( 'NONE', #706, #476, #49, .T. ) ;
#1200 = CARTESIAN_POINT ( 'NONE',  ( -70.00000000000000000, 88.00000000000000000, 12.00000000000000711 ) ) ;
#1201 = FACE_OUTER_BOUND ( 'NONE', #909, .T. ) ;
#1202 = PLANE ( 'NONE',  #803 ) ;
#1203 = PLANE ( 'NONE',  #817 ) ;
#1204 = VERTEX_POINT ( 'NONE', #211 ) ;
#1205 = DIRECTION ( 'NONE',  ( -1.000000000000000000, 0.000000000000000000, 0.000000000000000000 ) ) ;
#1206 = DIRECTION ( 'NONE',  ( 1.000000000000000000, 0.000000000000000000, 0.000000000000000000 ) ) ;
#1207 = DIRECTION ( 'NONE',  ( 0.000000000000000000, 0.000000000000000000, 1.000000000000000000 ) ) ;
#1208 = LINE ( 'NONE', #662, #127 ) ;
#1209 = ADVANCED_FACE ( 'NONE', ( #651 ), #103, .F. ) ;
#1210 = CARTESIAN_POINT ( 'NONE',  ( 70.00000000000000000, -71.07496207581523606, 7.000000000000006217 ) ) ;
#1211 = ORIENTED_EDGE ( 'NONE', *, *, #1091, .T. ) ;
#1212 = CARTESIAN_POINT ( 'NONE',  ( -70.00000000000000000, 94.99999999999998579, 12.00000000000000711 ) ) ;
#1213 = VERTEX_POINT ( 'NONE', #809 ) ;
#1214 = VERTEX_POINT ( 'NONE', #818 ) ;
#1215 = DIRECTION ( 'NONE',  ( 1.000000000000000000, 0.000000000000000000, 0.000000000000000000 ) ) ;
#1216 = ORIENTED_EDGE ( 'NONE', *, *, #1325, .T. ) ;
#1217 = AXIS2_PLACEMENT_3D ( 'NONE', #768, #1207, #222 ) ;
#1218 = EDGE_CURVE ( 'NONE', #808, #347, #31, .T. ) ;
#1219 = DIRECTION ( 'NONE',  ( 0.000000000000000000, 0.000000000000000000, 1.000000000000000000 ) ) ;
#1220 = FACE_OUTER_BOUND ( 'NONE', #728, .T. ) ;
#1221 = EDGE_LOOP ( 'NONE', ( #727, #1259, #1335, #1101 ) ) ;
#1222 = LINE ( 'NONE', #902, #64 ) ;
#1223 = DATE_AND_TIME ( #782, #232 ) ;
#1224 = EDGE_LOOP ( 'NONE', ( #579, #250, #781, #1331 ) ) ;
#1225 = VERTEX_POINT ( 'NONE', #912 ) ;
#1226 = DIRECTION ( 'NONE',  ( 6.753856733136368626E-16, -1.000000000000000000, 0.000000000000000000 ) ) ;
#1227 = ORIENTED_EDGE ( 'NONE', *, *, #583, .T. ) ;
#1228 = CARTESIAN_POINT ( 'NONE',  ( -70.00000000000000000, 71.07496207581520764, 12.00000000000000711 ) ) ;
#1229 = DIRECTION ( 'NONE',  ( 0.000000000000000000, 1.000000000000000000, 0.000000000000000000 ) ) ;
#1230 = VERTEX_POINT ( 'NONE', #1256 ) ;
#1231 = CARTESIAN_POINT ( 'NONE',  ( 87.50000000000000000, 88.00000000000000000, 12.00000000000000711 ) ) ;
#1232 = CARTESIAN_POINT ( 'NONE',  ( -76.63523454626127318, 76.30157419415685638, 12.00000000000000711 ) ) ;
#1233 = CARTESIAN_POINT ( 'NONE',  ( 80.00000000000000000, 79.99999999999998579, 2.000000000000006217 ) ) ;
#1234 = CIRCLE ( 'NONE', #289, 8.000000000000007105 ) ;
#1235 = APPROVAL_STATUS ( 'not_yet_approved' ) ;
#1236 = EDGE_CURVE ( 'NONE', #16, #1310, #1145, .T. ) ;
#1237 = VERTEX_POINT ( 'NONE', #39 ) ;
#1238 = DIRECTION ( 'NONE',  ( 0.000000000000000000, 0.000000000000000000, 1.000000000000000000 ) ) ;
#1239 = VERTEX_POINT ( 'NONE', #1369 ) ;
#1240 = CARTESIAN_POINT ( 'NONE',  ( 70.00000000000000000, -71.07496207581523606, 12.00000000000000711 ) ) ;
#1241 = VECTOR ( 'NONE', #33, 1000.000000000000000 ) ;
#1242 = DIRECTION ( 'NONE',  ( 0.000000000000000000, 0.000000000000000000, -1.000000000000000000 ) ) ;
#1243 = CARTESIAN_POINT ( 'NONE',  ( 71.00000000000001421, 79.99999999999998579, -35.00000000000002842 ) ) ;
#1244 = ORIENTED_EDGE ( 'NONE', *, *, #835, .T. ) ;
#1245 = AXIS2_PLACEMENT_3D ( 'NONE', #109, #137, #986 ) ;
#1246 = ADVANCED_FACE ( 'NONE', ( #384 ), #264, .F. ) ;
#1247 = ORIENTED_EDGE ( 'NONE', *, *, #684, .F. ) ;
#1248 = CARTESIAN_POINT ( 'NONE',  ( -70.00000000000000000, 88.00000000000000000, 12.00000000000000711 ) ) ;
#1249 = CARTESIAN_POINT ( 'NONE',  ( 70.00000000000000000, -65.00000000000001421, 7.000000000000006217 ) ) ;
#1250 = FACE_OUTER_BOUND ( 'NONE', #1165, .T. ) ;
#1251 = CALENDAR_DATE ( 2020, 29, 11 ) ;
#1252 = ORIENTED_EDGE ( 'NONE', *, *, #1325, .F. ) ;
#1253 = PLANE ( 'NONE',  #722 ) ;
#1254 = CARTESIAN_POINT ( 'NONE',  ( 70.00000000000000000, -71.07496207581523606, 12.00000000000000711 ) ) ;
#1255 = EDGE_CURVE ( 'NONE', #1039, #808, #536, .T. ) ;
#1256 = CARTESIAN_POINT ( 'NONE',  ( -72.50000000000001421, -72.00000000000000000, 12.00000000000000711 ) ) ;
#1257 = CARTESIAN_POINT ( 'NONE',  ( -90.00000000000000000, 64.99999999999998579, 7.000000000000006217 ) ) ;
#1258 = CALENDAR_DATE ( 2020, 29, 11 ) ;
#1259 = ORIENTED_EDGE ( 'NONE', *, *, #601, .F. ) ;
#1260 = FACE_OUTER_BOUND ( 'NONE', #987, .T. ) ;
#1261 = LINE ( 'NONE', #278, #466 ) ;
#1262 = EDGE_CURVE ( 'NONE', #428, #1204, #98, .T. ) ;
#1263 = CARTESIAN_POINT ( 'NONE',  ( -87.50000000000001421, -72.00000000000001421, 7.000000000000006217 ) ) ;
#1264 = LOCAL_TIME ( 14, 37, 8.000000000000000000, #712 ) ;
#1265 = AXIS2_PLACEMENT_3D ( 'NONE', #1183, #191, #314 ) ;
#1266 = EDGE_LOOP ( 'NONE', ( #1281, #1112, #1329, #1184 ) ) ;
#1267 = AXIS2_PLACEMENT_3D ( 'NONE', #661, #1090, #100 ) ;
#1268 = FACE_OUTER_BOUND ( 'NONE', #896, .T. ) ;
#1269 = EDGE_LOOP ( 'NONE', ( #293, #731, #1216, #1115 ) ) ;
#1270 = DIRECTION ( 'NONE',  ( 0.000000000000000000, 1.000000000000000000, 0.000000000000000000 ) ) ;
#1271 = VERTEX_POINT ( 'NONE', #653 ) ;
#1272 = CIRCLE ( 'NONE', #656, 8.999999999999994671 ) ;
#1273 = ORIENTED_EDGE ( 'NONE', *, *, #158, .F. ) ;
#1274 = ADVANCED_FACE ( 'NONE', ( #1296, #981 ), #547, .T. ) ;
#1275 = DIRECTION ( 'NONE',  ( 1.000000000000000000, 0.000000000000000000, 0.000000000000000000 ) ) ;
#1276 = CARTESIAN_POINT ( 'NONE',  ( 85.00000000000000000, 79.99999999999998579, -35.00000000000002842 ) ) ;
#1277 = ORIENTED_EDGE ( 'NONE', *, *, #341, .T. ) ;
#1278 = CARTESIAN_POINT ( 'NONE',  ( 80.00000000000000000, -80.00000000000001421, 12.00000000000000711 ) ) ;
#1279 = DIRECTION ( 'NONE',  ( 0.000000000000000000, 1.000000000000000000, 0.000000000000000000 ) ) ;
#1280 = AXIS2_PLACEMENT_3D ( 'NONE', #787, #1219, #342 ) ;
#1281 = ORIENTED_EDGE ( 'NONE', *, *, #980, .T. ) ;
#1282 = AXIS2_PLACEMENT_3D ( 'NONE', #1013, #21, #903 ) ;
#1283 = VECTOR ( 'NONE', #824, 1000.000000000000000 ) ;
#1284 = CARTESIAN_POINT ( 'NONE',  ( 80.00000000000000000, 79.99999999999998579, -2.775557561562891351E-14 ) ) ;
#1285 = CARTESIAN_POINT ( 'NONE',  ( 80.00000000000000000, -80.00000000000001421, 12.00000000000000711 ) ) ;
#1286 = DIRECTION ( 'NONE',  ( 0.000000000000000000, 0.000000000000000000, 1.000000000000000000 ) ) ;
#1287 = EDGE_CURVE ( 'NONE', #205, #1149, #1387, .T. ) ;
#1288 = CARTESIAN_POINT ( 'NONE',  ( -80.00000000000000000, -80.00000000000000000, 2.000000000000006217 ) ) ;
#1289 = FACE_OUTER_BOUND ( 'NONE', #372, .T. ) ;
#1290 = ORIENTED_EDGE ( 'NONE', *, *, #369, .F. ) ;
#1291 = DIRECTION ( 'NONE',  ( -0.000000000000000000, -0.000000000000000000, -1.000000000000000000 ) ) ;
#1292 = CYLINDRICAL_SURFACE ( 'NONE', #672, 8.999999999999994671 ) ;
#1293 = EDGE_CURVE ( 'NONE', #52, #399, #945, .T. ) ;
#1294 = LINE ( 'NONE', #650, #846 ) ;
#1295 = ORIENTED_EDGE ( 'NONE', *, *, #302, .F. ) ;
#1296 = FACE_OUTER_BOUND ( 'NONE', #334, .T. ) ;
#1297 = CARTESIAN_POINT ( 'NONE',  ( -80.00000000000000000, -80.00000000000001421, 2.775557561562891351E-14 ) ) ;
#1298 = EDGE_CURVE ( 'NONE', #1214, #1320, #1234, .T. ) ;
#1299 = CARTESIAN_POINT ( 'NONE',  ( 70.00000000000000000, -95.00000000000001421, 7.000000000000006217 ) ) ;
#1300 = CARTESIAN_POINT ( 'NONE',  ( 72.50000000000001421, 79.99999999999998579, 7.000000000000006217 ) ) ;
#1301 = ORIENTED_EDGE ( 'NONE', *, *, #869, .F. ) ;
#1302 = FACE_OUTER_BOUND ( 'NONE', #721, .T. ) ;
#1303 = CARTESIAN_POINT ( 'NONE',  ( 70.00000000000000000, -95.00000000000001421, 12.00000000000000711 ) ) ;
#1304 = DIRECTION ( 'NONE',  ( 0.000000000000000000, 0.000000000000000000, 1.000000000000000000 ) ) ;
#1305 = AXIS2_PLACEMENT_3D ( 'NONE', #1069, #197, #1196 ) ;
#1306 = CARTESIAN_POINT ( 'NONE',  ( -70.00000000000000000, 88.00000000000000000, 12.00000000000000711 ) ) ;
#1307 = AXIS2_PLACEMENT_3D ( 'NONE', #1233, #472, #906 ) ;
#1308 = VECTOR ( 'NONE', #1019, 1000.000000000000000 ) ;
#1309 = LINE ( 'NONE', #538, #124 ) ;
#1310 = VERTEX_POINT ( 'NONE', #1095 ) ;
#1311 = DIRECTION ( 'NONE',  ( 1.000000000000000000, 0.000000000000000000, -0.000000000000000000 ) ) ;
#1312 = ADVANCED_FACE ( 'NONE', ( #1423, #633 ), #305, .T. ) ;
#1313 = DIRECTION ( 'NONE',  ( -0.000000000000000000, -0.000000000000000000, -1.000000000000000000 ) ) ;
#1314 = CARTESIAN_POINT ( 'NONE',  ( 87.50000000000001421, 71.99999999999998579, 12.00000000000000711 ) ) ;
#1315 = VECTOR ( 'NONE', #1136, 1000.000000000000000 ) ;
#1316 = LINE ( 'NONE', #770, #1392 ) ;
#1317 = DIRECTION ( 'NONE',  ( 0.7855577629879423318, -0.6187883329615870842, 0.000000000000000000 ) ) ;
#1318 = AXIS2_PLACEMENT_3D ( 'NONE', #1170, #180, #520 ) ;
#1319 = CARTESIAN_POINT ( 'NONE',  ( 87.50000000000000000, 79.99999999999998579, 7.000000000000006217 ) ) ;
#1320 = VERTEX_POINT ( 'NONE', #525 ) ;
#1321 = FACE_OUTER_BOUND ( 'NONE', #1005, .T. ) ;
#1322 = EDGE_LOOP ( 'NONE', ( #1351, #713, #593, #66 ) ) ;
#1323 = EDGE_LOOP ( 'NONE', ( #370, #406, #84, #3 ) ) ;
#1324 = CARTESIAN_POINT ( 'NONE',  ( -80.00000000000000000, -80.00000000000001421, -34.99999999999997868 ) ) ;
#1325 = EDGE_CURVE ( 'NONE', #282, #687, #311, .T. ) ;
#1326 = ORIENTED_EDGE ( 'NONE', *, *, #176, .F. ) ;
#1327 = DIRECTION ( 'NONE',  ( 0.000000000000000000, 0.000000000000000000, 1.000000000000000000 ) ) ;
#1328 = DIRECTION ( 'NONE',  ( -1.000000000000000000, 0.000000000000000000, 0.000000000000000000 ) ) ;
#1329 = ORIENTED_EDGE ( 'NONE', *, *, #25, .F. ) ;
#1330 = COORDINATED_UNIVERSAL_TIME_OFFSET ( 1, 0, .AHEAD. ) ;
#1331 = ORIENTED_EDGE ( 'NONE', *, *, #630, .F. ) ;
#1332 = ORIENTED_EDGE ( 'NONE', *, *, #594, .F. ) ;
#1333 = ADVANCED_FACE ( 'NONE', ( #329 ), #952, .F. ) ;
#1334 = AXIS2_PLACEMENT_3D ( 'NONE', #578, #12, #988 ) ;
#1335 = ORIENTED_EDGE ( 'NONE', *, *, #1377, .F. ) ;
#1336 = AXIS2_PLACEMENT_3D ( 'NONE', #458, #891, #586 ) ;
#1337 = DIRECTION ( 'NONE',  ( -0.000000000000000000, 0.000000000000000000, -1.000000000000000000 ) ) ;
#1338 = CIRCLE ( 'NONE', #398, 5.000000000000004441 ) ;
#1339 = EDGE_CURVE ( 'NONE', #228, #696, #841, .T. ) ;
#1340 = DIRECTION ( 'NONE',  ( -0.000000000000000000, -0.000000000000000000, -1.000000000000000000 ) ) ;
#1341 = DIRECTION ( 'NONE',  ( 1.000000000000000000, 2.855529720725080741E-16, -0.000000000000000000 ) ) ;
#1342 = ORIENTED_EDGE ( 'NONE', *, *, #876, .T. ) ;
#1343 = VERTEX_POINT ( 'NONE', #1181 ) ;
#1344 = ORIENTED_EDGE ( 'NONE', *, *, #25, .T. ) ;
#1345 = AXIS2_PLACEMENT_3D ( 'NONE', #164, #1043, #856 ) ;
#1346 = EDGE_CURVE ( 'NONE', #1000, #1343, #750, .T. ) ;
#1347 = VECTOR ( 'NONE', #448, 1000.000000000000000 ) ;
#1348 = MECHANICAL_CONTEXT ( 'NONE', #1121, 'mechanical' ) ;
#1349 = VERTEX_POINT ( 'NONE', #1403 ) ;
#1350 = FACE_OUTER_BOUND ( 'NONE', #1088, .T. ) ;
#1351 = ORIENTED_EDGE ( 'NONE', *, *, #474, .T. ) ;
#1352 = DIRECTION ( 'NONE',  ( 0.000000000000000000, 0.000000000000000000, -1.000000000000000000 ) ) ;
#1353 = CARTESIAN_POINT ( 'NONE',  ( 80.00000000000000000, -80.00000000000001421, 7.000000000000006217 ) ) ;
#1354 = ADVANCED_FACE ( 'NONE', ( #417 ), #199, .F. ) ;
#1355 = DIRECTION ( 'NONE',  ( -1.000000000000000000, 0.000000000000000000, 0.000000000000000000 ) ) ;
#1356 = VERTEX_POINT ( 'NONE', #1191 ) ;
#1357 = CARTESIAN_POINT ( 'NONE',  ( 76.63523454626127318, -83.69842580584314362, 12.00000000000000711 ) ) ;
#1358 = EDGE_LOOP ( 'NONE', ( #772, #670, #681, #1065 ) ) ;
#1359 = DIRECTION ( 'NONE',  ( 0.000000000000000000, 0.000000000000000000, -1.000000000000000000 ) ) ;
#1360 = VECTOR ( 'NONE', #1317, 1000.000000000000114 ) ;
#1361 = AXIS2_PLACEMENT_3D ( 'NONE', #913, #1359, #375 ) ;
#1362 = CC_DESIGN_SECURITY_CLASSIFICATION ( #753, ( #553 ) ) ;
#1363 = CARTESIAN_POINT ( 'NONE',  ( 70.00000000000000000, -71.07496207581523606, 12.00000000000000711 ) ) ;
#1364 = EDGE_LOOP ( 'NONE', ( #470, #364 ) ) ;
#1365 = DIRECTION ( 'NONE',  ( 1.000000000000000000, 0.000000000000000000, 0.000000000000000000 ) ) ;
#1366 = CARTESIAN_POINT ( 'NONE',  ( -87.50000000000000000, -88.00000000000001421, 12.00000000000000711 ) ) ;
#1367 = EDGE_CURVE ( 'NONE', #1379, #1173, #533, .T. ) ;
#1368 = PLANE ( 'NONE',  #1132 ) ;
#1369 = CARTESIAN_POINT ( 'NONE',  ( -70.00000000000000000, 64.99999999999998579, 12.00000000000000711 ) ) ;
#1370 = CARTESIAN_POINT ( 'NONE',  ( 80.00000000000000000, 79.99999999999998579, -2.775557561562891351E-14 ) ) ;
#1371 = EDGE_CURVE ( 'NONE', #1310, #157, #647, .T. ) ;
#1372 = LINE ( 'NONE', #718, #690 ) ;
#1373 = DATE_AND_TIME ( #494, #463 ) ;
#1374 = ORIENTED_EDGE ( 'NONE', *, *, #1406, .F. ) ;
#1375 = LINE ( 'NONE', #388, #855 ) ;
#1376 = CARTESIAN_POINT ( 'NONE',  ( -80.00000000000000000, -80.00000000000000000, 7.000000000000006217 ) ) ;
#1377 = EDGE_CURVE ( 'NONE', #1379, #798, #541, .T. ) ;
#1378 = DIRECTION ( 'NONE',  ( 0.5439808700237851458, -0.8390976183068129535, 0.000000000000000000 ) ) ;
#1379 = VERTEX_POINT ( 'NONE', #862 ) ;
#1380 = FACE_OUTER_BOUND ( 'NONE', #552, .T. ) ;
#1381 = AXIS2_PLACEMENT_3D ( 'NONE', #449, #1327, #457 ) ;
#1382 = AXIS2_PLACEMENT_3D ( 'NONE', #847, #303, #421 ) ;
#1383 = ORIENTED_EDGE ( 'NONE', *, *, #732, .F. ) ;
#1384 = FACE_BOUND ( 'NONE', #358, .T. ) ;
#1385 = ORIENTED_EDGE ( 'NONE', *, *, #83, .T. ) ;
#1386 = ADVANCED_FACE ( 'NONE', ( #1302 ), #319, .F. ) ;
#1387 = CIRCLE ( 'NONE', #761, 5.000000000000004441 ) ;
#1388 = ORIENTED_EDGE ( 'NONE', *, *, #516, .F. ) ;
#1389 = PLANE ( 'NONE',  #1074 ) ;
#1390 = CARTESIAN_POINT ( 'NONE',  ( -90.00000000000000000, 64.99999999999998579, 12.00000000000000711 ) ) ;
#1391 = ORIENTED_EDGE ( 'NONE', *, *, #624, .T. ) ;
#1392 = VECTOR ( 'NONE', #548, 1000.000000000000000 ) ;
#1393 = DIRECTION ( 'NONE',  ( 0.000000000000000000, 1.000000000000000000, 0.000000000000000000 ) ) ;
#1394 = ADVANCED_FACE ( 'NONE', ( #460 ), #147, .F. ) ;
#1395 = VERTEX_POINT ( 'NONE', #335 ) ;
#1396 = DIRECTION ( 'NONE',  ( 0.000000000000000000, 0.000000000000000000, 1.000000000000000000 ) ) ;
#1397 = DIRECTION ( 'NONE',  ( -1.000000000000000000, 0.000000000000000000, 0.000000000000000000 ) ) ;
#1398 = ORIENTED_EDGE ( 'NONE', *, *, #899, .F. ) ;
#1399 = CARTESIAN_POINT ( 'NONE',  ( -80.00000000000000000, -80.00000000000001421, 2.775557561562891351E-14 ) ) ;
#1400 = VERTEX_POINT ( 'NONE', #1243 ) ;
#1401 = CC_DESIGN_PERSON_AND_ORGANIZATION_ASSIGNMENT ( #1048, #820, ( #753 ) ) ;
#1402 = VECTOR ( 'NONE', #7, 1000.000000000000000 ) ;
#1403 = CARTESIAN_POINT ( 'NONE',  ( -90.00000000000000000, 64.99999999999998579, 7.000000000000006217 ) ) ;
#1404 = CARTESIAN_POINT ( 'NONE',  ( -70.00000000000000000, 64.99999999999998579, 7.000000000000006217 ) ) ;
#1405 = ORIENTED_EDGE ( 'NONE', *, *, #1164, .F. ) ;
#1406 = EDGE_CURVE ( 'NONE', #1320, #476, #588, .T. ) ;
#1407 = VECTOR ( 'NONE', #513, 1000.000000000000000 ) ;
#1408 = DIRECTION ( 'NONE',  ( 0.000000000000000000, 1.000000000000000000, 0.000000000000000000 ) ) ;
#1409 = ORIENTED_EDGE ( 'NONE', *, *, #108, .T. ) ;
#1410 = CARTESIAN_POINT ( 'NONE',  ( 70.00000000000000000, -88.00000000000002842, 12.00000000000000711 ) ) ;
#1411 = CARTESIAN_POINT ( 'NONE',  ( 70.00000000000000000, -88.00000000000002842, 7.000000000000006217 ) ) ;
#1412 = ORIENTED_EDGE ( 'NONE', *, *, #350, .T. ) ;
#1413 = ADVANCED_FACE ( 'NONE', ( #554, #451 ), #28, .F. ) ;
#1414 = DIRECTION ( 'NONE',  ( -0.000000000000000000, -0.000000000000000000, -1.000000000000000000 ) ) ;
#1415 = DIRECTION ( 'NONE',  ( 1.000000000000000000, 0.000000000000000000, 0.000000000000000000 ) ) ;
#1416 = ORIENTED_EDGE ( 'NONE', *, *, #239, .T. ) ;
#1417 = CARTESIAN_POINT ( 'NONE',  ( 70.00000000000000000, -88.00000000000002842, 12.00000000000000711 ) ) ;
#1418 = FACE_OUTER_BOUND ( 'NONE', #5, .T. ) ;
#1419 = ADVANCED_FACE ( 'NONE', ( #683 ), #4, .T. ) ;
#1420 = DIRECTION ( 'NONE',  ( -1.000000000000000000, 8.673617379884035472E-17, 0.000000000000000000 ) ) ;
#1421 = PLANE ( 'NONE',  #590 ) ;
#1422 = EDGE_LOOP ( 'NONE', ( #1247, #1167, #301, #895 ) ) ;
#1423 = FACE_BOUND ( 'NONE', #1364, .T. ) ;
#1424 = CIRCLE ( 'NONE', #551, 8.999999999999994671 ) ;
#1425 = DIRECTION ( 'NONE',  ( 1.000000000000000000, 0.000000000000000000, 0.000000000000000000 ) ) ;
#1426 = AXIS2_PLACEMENT_3D ( 'NONE', #930, #1304, #357 ) ;
#1427 = AXIS2_PLACEMENT_3D ( 'NONE', #572, #1111, #1355 ) ;
#1428 = CARTESIAN_POINT ( 'NONE',  ( -75.00000000000000000, -80.00000000000001421, -34.99999999999997868 ) ) ;
#1429 = LINE ( 'NONE', #333, #625 ) ;
#1430 = ADVANCED_FACE ( 'NONE', ( #1021 ), #1102, .F. ) ;
#1431 = ORIENTED_EDGE ( 'NONE', *, *, #140, .F. ) ;
#1432 = CARTESIAN_POINT ( 'NONE',  ( 70.00000000000000000, -65.00000000000001421, 12.00000000000000711 ) ) ;
#1433 = VERTEX_POINT ( 'NONE', #475 ) ;
#1434 = ORIENTED_EDGE ( 'NONE', *, *, #1020, .F. ) ;
#1435 = LINE ( 'NONE', #447, #1402 ) ;
ENDSEC;
END-ISO-10303-21;
