ISO-10303-21;
HEADER;
FILE_DESCRIPTION (( 'STEP AP203' ),
    '1' );
FILE_NAME ('base_opt_Défaut_sldprt.STEP',
    '2020-11-29T13:37:11',
    ( '' ),
    ( '' ),
    'SwSTEP 2.0',
    'SolidWorks 2020',
    '' );
FILE_SCHEMA (( 'CONFIG_CONTROL_DESIGN' ));
ENDSEC;

DATA;
#1 = ORIENTED_EDGE ( 'NONE', *, *, #1136, .F. ) ;
#2 = CYLINDRICAL_SURFACE ( 'NONE', #2380, 10.00000000000000888 ) ;
#3 = CARTESIAN_POINT ( 'NONE',  ( -80.00000000000000000, 79.99999999999998579, 0.000000000000000000 ) ) ;
#4 = ORIENTED_EDGE ( 'NONE', *, *, #2139, .F. ) ;
#5 = CARTESIAN_POINT ( 'NONE',  ( 74.99999999999998579, 79.99999999999998579, 610.0000000000000000 ) ) ;
#6 = CARTESIAN_POINT ( 'NONE',  ( -137.5000000000000568, -152.4999999999999432, 9.999999999999994671 ) ) ;
#7 = AXIS2_PLACEMENT_3D ( 'NONE', #2255, #666, #181 ) ;
#8 = CARTESIAN_POINT ( 'NONE',  ( -152.5000000000000284, -137.4999999999999432, 610.0000000000000000 ) ) ;
#9 = CARTESIAN_POINT ( 'NONE',  ( -152.4999999999999716, 152.5000000000000284, 610.0000000000000000 ) ) ;
#10 = EDGE_LOOP ( 'NONE', ( #3286, #1717, #2340, #105, #397, #2267, #15, #2205 ) ) ;
#11 = ORIENTED_EDGE ( 'NONE', *, *, #232, .T. ) ;
#12 = DIRECTION ( 'NONE',  ( 0.000000000000000000, 0.000000000000000000, 1.000000000000000000 ) ) ;
#13 = LINE ( 'NONE', #1092, #530 ) ;
#14 = ORIENTED_EDGE ( 'NONE', *, *, #2707, .F. ) ;
#15 = ORIENTED_EDGE ( 'NONE', *, *, #2533, .T. ) ;
#16 = CARTESIAN_POINT ( 'NONE',  ( 152.5000000000000284, 137.4999999999999716, 0.000000000000000000 ) ) ;
#17 = DIRECTION ( 'NONE',  ( 0.000000000000000000, 0.000000000000000000, 1.000000000000000000 ) ) ;
#18 = AXIS2_PLACEMENT_3D ( 'NONE', #1924, #317, #3273 ) ;
#19 = VERTEX_POINT ( 'NONE', #1055 ) ;
#20 = ORIENTED_EDGE ( 'NONE', *, *, #1849, .F. ) ;
#21 = EDGE_CURVE ( 'NONE', #2458, #3065, #205, .T. ) ;
#22 = LINE ( 'NONE', #1101, #686 ) ;
#23 = VERTEX_POINT ( 'NONE', #16 ) ;
#24 = AXIS2_PLACEMENT_3D ( 'NONE', #1091, #803, #1874 ) ;
#25 = PRODUCT_DEFINITION_FORMATION_WITH_SPECIFIED_SOURCE ( 'ANY', '', #928, .NOT_KNOWN. ) ;
#26 = EDGE_CURVE ( 'NONE', #2051, #1110, #1582, .T. ) ;
#27 = CARTESIAN_POINT ( 'NONE',  ( 80.00000000000000000, 79.99999999999998579, 200.0000000000000000 ) ) ;
#28 = DIRECTION ( 'NONE',  ( 0.000000000000000000, 0.000000000000000000, -1.000000000000000000 ) ) ;
#29 = DIRECTION ( 'NONE',  ( 1.000000000000000000, 0.000000000000000000, 0.000000000000000000 ) ) ;
#30 = CIRCLE ( 'NONE', #1990, 5.000000000000000888 ) ;
#31 = DIRECTION ( 'NONE',  ( 0.000000000000000000, 0.000000000000000000, 1.000000000000000000 ) ) ;
#32 = VERTEX_POINT ( 'NONE', #39 ) ;
#33 = ORIENTED_EDGE ( 'NONE', *, *, #927, .T. ) ;
#34 = CARTESIAN_POINT ( 'NONE',  ( -147.4999999999999716, 137.5000000000000000, 0.000000000000000000 ) ) ;
#35 = CARTESIAN_POINT ( 'NONE',  ( -137.4999999999999432, -137.4999999999999432, 200.0000000000000000 ) ) ;
#36 = EDGE_LOOP ( 'NONE', ( #1303, #1020 ) ) ;
#37 = ADVANCED_FACE ( 'NONE', ( #1602 ), #304, .F. ) ;
#38 = VERTEX_POINT ( 'NONE', #285 ) ;
#39 = CARTESIAN_POINT ( 'NONE',  ( 85.00000000000000000, -80.00000000000000000, 190.0000000000000000 ) ) ;
#40 = EDGE_LOOP ( 'NONE', ( #580, #948 ) ) ;
#41 = LINE ( 'NONE', #3245, #2092 ) ;
#42 = ORIENTED_EDGE ( 'NONE', *, *, #2361, .T. ) ;
#43 = VERTEX_POINT ( 'NONE', #2701 ) ;
#44 = DIRECTION ( 'NONE',  ( 1.000000000000000000, 0.000000000000000000, 0.000000000000000000 ) ) ;
#45 = EDGE_LOOP ( 'NONE', ( #774, #1162, #1699, #823 ) ) ;
#46 = DIRECTION ( 'NONE',  ( 1.000000000000000000, 0.000000000000000000, 0.000000000000000000 ) ) ;
#47 = FACE_OUTER_BOUND ( 'NONE', #2170, .T. ) ;
#48 = CARTESIAN_POINT ( 'NONE',  ( 80.00000000000000000, 79.99999999999998579, 190.0000000000000000 ) ) ;
#49 = EDGE_LOOP ( 'NONE', ( #309, #834, #861, #2469 ) ) ;
#50 = LINE ( 'NONE', #1124, #3433 ) ;
#51 = VERTEX_POINT ( 'NONE', #3243 ) ;
#52 = LINE ( 'NONE', #1383, #2873 ) ;
#53 = DIRECTION ( 'NONE',  ( -0.000000000000000000, -0.000000000000000000, 1.000000000000000000 ) ) ;
#54 = DIRECTION ( 'NONE',  ( -1.000000000000000000, 1.009293658750142892E-16, 0.000000000000000000 ) ) ;
#55 = EDGE_LOOP ( 'NONE', ( #3330, #2183, #3210, #1871 ) ) ;
#56 = ORIENTED_EDGE ( 'NONE', *, *, #2948, .F. ) ;
#57 = VECTOR ( 'NONE', #1883, 1000.000000000000000 ) ;
#58 = ORIENTED_EDGE ( 'NONE', *, *, #3234, .T. ) ;
#59 = DIRECTION ( 'NONE',  ( 1.000000000000000000, 0.000000000000000000, 0.000000000000000000 ) ) ;
#60 = AXIS2_PLACEMENT_3D ( 'NONE', #3070, #3039, #1171 ) ;
#61 = ORIENTED_EDGE ( 'NONE', *, *, #573, .T. ) ;
#62 = LINE ( 'NONE', #1672, #2200 ) ;
#63 = ORIENTED_EDGE ( 'NONE', *, *, #2787, .T. ) ;
#64 = DIRECTION ( 'NONE',  ( -1.000000000000000000, 0.000000000000000000, 0.000000000000000000 ) ) ;
#65 = FACE_BOUND ( 'NONE', #790, .T. ) ;
#66 = EDGE_CURVE ( 'NONE', #2573, #1608, #2888, .T. ) ;
#67 = DIRECTION ( 'NONE',  ( 0.000000000000000000, 0.000000000000000000, -1.000000000000000000 ) ) ;
#68 = EDGE_CURVE ( 'NONE', #227, #2525, #1485, .T. ) ;
#69 = VECTOR ( 'NONE', #3194, 1000.000000000000000 ) ;
#70 = CARTESIAN_POINT ( 'NONE',  ( -152.5000000000000000, 152.5000000000000284, 9.999999999999994671 ) ) ;
#71 = VERTEX_POINT ( 'NONE', #2661 ) ;
#72 = CARTESIAN_POINT ( 'NONE',  ( -137.4999999999999432, 137.4999999999999716, 10.00000000000000000 ) ) ;
#73 = CARTESIAN_POINT ( 'NONE',  ( 80.00000000000000000, -80.00000000000000000, 190.0000000000000000 ) ) ;
#74 = AXIS2_PLACEMENT_3D ( 'NONE', #1800, #1056, #1821 ) ;
#75 = EDGE_LOOP ( 'NONE', ( #2558, #1388, #2942, #2401, #888, #342, #1649, #784 ) ) ;
#76 = EDGE_CURVE ( 'NONE', #2376, #2789, #3438, .T. ) ;
#77 = LINE ( 'NONE', #1097, #2643 ) ;
#78 = ORIENTED_EDGE ( 'NONE', *, *, #1968, .T. ) ;
#79 = DIRECTION ( 'NONE',  ( -1.820037745287142165E-16, -1.000000000000000000, -0.000000000000000000 ) ) ;
#80 = AXIS2_PLACEMENT_3D ( 'NONE', #431, #446, #2260 ) ;
#81 = AXIS2_PLACEMENT_3D ( 'NONE', #168, #2055, #1232 ) ;
#82 = DIRECTION ( 'NONE',  ( -1.000000000000000000, 0.000000000000000000, 0.000000000000000000 ) ) ;
#83 = VECTOR ( 'NONE', #2269, 1000.000000000000000 ) ;
#84 = CARTESIAN_POINT ( 'NONE',  ( -152.5000000000000284, -137.4999999999999432, 10.00000000000000000 ) ) ;
#85 = VECTOR ( 'NONE', #3199, 1000.000000000000000 ) ;
#86 = CARTESIAN_POINT ( 'NONE',  ( 137.4999999999999147, 137.4999999999999716, 9.999999999999994671 ) ) ;
#87 = CARTESIAN_POINT ( 'NONE',  ( 15.00000000000000000, 1.836970198721029589E-15, 20.00000000000000000 ) ) ;
#88 = ORIENTED_EDGE ( 'NONE', *, *, #1413, .F. ) ;
#89 = DIRECTION ( 'NONE',  ( -0.000000000000000000, -0.000000000000000000, 1.000000000000000000 ) ) ;
#90 =( NAMED_UNIT ( * ) SI_UNIT ( $, .STERADIAN. ) SOLID_ANGLE_UNIT ( ) );
#91 = ADVANCED_FACE ( 'NONE', ( #2384 ), #2119, .F. ) ;
#92 = EDGE_CURVE ( 'NONE', #1527, #2487, #1434, .T. ) ;
#93 = ORIENTED_EDGE ( 'NONE', *, *, #2586, .T. ) ;
#94 = AXIS2_PLACEMENT_3D ( 'NONE', #2828, #153, #414 ) ;
#95 = ORIENTED_EDGE ( 'NONE', *, *, #3059, .F. ) ;
#96 = LINE ( 'NONE', #330, #759 ) ;
#97 = DIRECTION ( 'NONE',  ( 1.000000000000000000, 0.000000000000000000, 0.000000000000000000 ) ) ;
#98 = CYLINDRICAL_SURFACE ( 'NONE', #1459, 15.00000000000000000 ) ;
#99 = CIRCLE ( 'NONE', #3442, 10.00000000000000888 ) ;
#100 = CARTESIAN_POINT ( 'NONE',  ( 152.5000000000000284, 137.4999999999999716, 610.0000000000000000 ) ) ;
#101 = DIRECTION ( 'NONE',  ( -0.000000000000000000, -0.000000000000000000, 1.000000000000000000 ) ) ;
#102 = ADVANCED_FACE ( 'NONE', ( #2681 ), #2, .F. ) ;
#103 = CARTESIAN_POINT ( 'NONE',  ( -137.5000000000000000, 152.5000000000000284, 190.0000000000000000 ) ) ;
#104 = DIRECTION ( 'NONE',  ( -1.000000000000000000, 0.000000000000000000, 0.000000000000000000 ) ) ;
#105 = ORIENTED_EDGE ( 'NONE', *, *, #3078, .T. ) ;
#106 = EDGE_LOOP ( 'NONE', ( #3019, #368, #3325, #937 ) ) ;
#107 = ORIENTED_EDGE ( 'NONE', *, *, #792, .T. ) ;
#108 = EDGE_LOOP ( 'NONE', ( #2441, #160 ) ) ;
#109 = EDGE_CURVE ( 'NONE', #1262, #3268, #812, .T. ) ;
#110 = CARTESIAN_POINT ( 'NONE',  ( -85.00000000000000000, 79.99999999999998579, 190.0000000000000000 ) ) ;
#111 = CARTESIAN_POINT ( 'NONE',  ( -152.4999999999999716, 152.5000000000000284, 190.0000000000000000 ) ) ;
#112 = PLANE ( 'NONE',  #3364 ) ;
#113 = CARTESIAN_POINT ( 'NONE',  ( 137.4999999999999432, -152.4999999999999432, 610.0000000000000000 ) ) ;
#114 = ORIENTED_EDGE ( 'NONE', *, *, #626, .T. ) ;
#115 = CYLINDRICAL_SURFACE ( 'NONE', #2423, 5.000000000000004441 ) ;
#116 = EDGE_CURVE ( 'NONE', #1622, #2264, #1325, .T. ) ;
#117 = VECTOR ( 'NONE', #3106, 1000.000000000000000 ) ;
#118 = CIRCLE ( 'NONE', #2068, 15.00000000000001421 ) ;
#119 = LINE ( 'NONE', #1979, #2299 ) ;
#120 = CARTESIAN_POINT ( 'NONE',  ( 74.99999999999998579, -80.00000000000000000, 610.0000000000000000 ) ) ;
#121 = ORIENTED_EDGE ( 'NONE', *, *, #66, .F. ) ;
#122 = APPROVAL_STATUS ( 'not_yet_approved' ) ;
#123 = CIRCLE ( 'NONE', #3131, 10.00000000000000888 ) ;
#124 = ORIENTED_EDGE ( 'NONE', *, *, #438, .T. ) ;
#125 = AXIS2_PLACEMENT_3D ( 'NONE', #3038, #1904, #1046 ) ;
#126 = VERTEX_POINT ( 'NONE', #243 ) ;
#127 = ORIENTED_EDGE ( 'NONE', *, *, #1584, .F. ) ;
#128 = CIRCLE ( 'NONE', #1616, 10.00000000000000888 ) ;
#129 = VECTOR ( 'NONE', #3202, 1000.000000000000000 ) ;
#130 = CARTESIAN_POINT ( 'NONE',  ( 85.00000000000000000, 79.99999999999998579, 10.00000000000000000 ) ) ;
#131 = DIRECTION ( 'NONE',  ( 1.000000000000000000, 0.000000000000000000, 0.000000000000000000 ) ) ;
#132 = EDGE_CURVE ( 'NONE', #3282, #1389, #1536, .T. ) ;
#133 = CC_DESIGN_PERSON_AND_ORGANIZATION_ASSIGNMENT ( #422, #3031, ( #2496 ) ) ;
#134 = CARTESIAN_POINT ( 'NONE',  ( 137.4999999999999432, -137.4999999999999432, 0.000000000000000000 ) ) ;
#135 = CARTESIAN_POINT ( 'NONE',  ( -137.4999999999999432, -137.4999999999999432, 10.00000000000000000 ) ) ;
#136 = VECTOR ( 'NONE', #2207, 1000.000000000000000 ) ;
#137 = ADVANCED_FACE ( 'NONE', ( #1580, #1054 ), #1072, .F. ) ;
#138 = VECTOR ( 'NONE', #2310, 1000.000000000000000 ) ;
#139 = AXIS2_PLACEMENT_3D ( 'NONE', #1414, #2486, #2520 ) ;
#140 = CARTESIAN_POINT ( 'NONE',  ( -152.4999999999999716, 137.4999999999999716, 0.000000000000000000 ) ) ;
#141 = DIRECTION ( 'NONE',  ( -1.820037745287142165E-16, -1.000000000000000000, -0.000000000000000000 ) ) ;
#142 = EDGE_LOOP ( 'NONE', ( #1872, #1364, #2623, #2159 ) ) ;
#143 = AXIS2_PLACEMENT_3D ( 'NONE', #2079, #3143, #756 ) ;
#144 = PERSON_AND_ORGANIZATION ( #1041, #1034 ) ;
#145 = ORIENTED_EDGE ( 'NONE', *, *, #2871, .T. ) ;
#146 = VERTEX_POINT ( 'NONE', #2098 ) ;
#147 = DIRECTION ( 'NONE',  ( 1.000000000000000000, 0.000000000000000000, 0.000000000000000000 ) ) ;
#148 = AXIS2_PLACEMENT_3D ( 'NONE', #3159, #2915, #1513 ) ;
#149 = EDGE_CURVE ( 'NONE', #1608, #607, #3163, .T. ) ;
#150 = VECTOR ( 'NONE', #600, 1000.000000000000000 ) ;
#151 = DIRECTION ( 'NONE',  ( 1.000000000000000000, 2.018587317500285784E-16, 0.000000000000000000 ) ) ;
#152 = AXIS2_PLACEMENT_3D ( 'NONE', #1330, #1880, #550 ) ;
#153 = DIRECTION ( 'NONE',  ( 0.000000000000000000, 0.000000000000000000, 1.000000000000000000 ) ) ;
#154 = CARTESIAN_POINT ( 'NONE',  ( -152.5000000000000000, 137.4999999999999716, 190.0000000000000000 ) ) ;
#155 = EDGE_CURVE ( 'NONE', #2027, #1854, #3385, .T. ) ;
#156 = AXIS2_PLACEMENT_3D ( 'NONE', #1614, #3028, #3254 ) ;
#157 = CARTESIAN_POINT ( 'NONE',  ( 79.99999999999998579, -80.00000000000000000, 600.0000000000000000 ) ) ;
#158 = LINE ( 'NONE', #1173, #3251 ) ;
#159 = CYLINDRICAL_SURFACE ( 'NONE', #1491, 10.00000000000000888 ) ;
#160 = ORIENTED_EDGE ( 'NONE', *, *, #3162, .T. ) ;
#161 = EDGE_CURVE ( 'NONE', #1608, #3402, #434, .T. ) ;
#162 =( NAMED_UNIT ( * ) PLANE_ANGLE_UNIT ( ) SI_UNIT ( $, .RADIAN. ) );
#163 = ORIENTED_EDGE ( 'NONE', *, *, #1458, .F. ) ;
#164 = VERTEX_POINT ( 'NONE', #3104 ) ;
#165 = CYLINDRICAL_SURFACE ( 'NONE', #3333, 10.00000000000000888 ) ;
#166 = DIRECTION ( 'NONE',  ( 1.000000000000000000, 0.000000000000000000, 0.000000000000000000 ) ) ;
#167 = FACE_OUTER_BOUND ( 'NONE', #1653, .T. ) ;
#168 = CARTESIAN_POINT ( 'NONE',  ( -80.00000000000001421, 79.99999999999998579, 600.0000000000000000 ) ) ;
#169 = AXIS2_PLACEMENT_3D ( 'NONE', #1864, #185, #3382 ) ;
#170 = DIRECTION ( 'NONE',  ( 0.000000000000000000, 0.000000000000000000, -1.000000000000000000 ) ) ;
#171 = FACE_OUTER_BOUND ( 'NONE', #75, .T. ) ;
#172 = CARTESIAN_POINT ( 'NONE',  ( -137.5000000000000000, -152.4999999999999432, 0.000000000000000000 ) ) ;
#173 = ORIENTED_EDGE ( 'NONE', *, *, #1058, .F. ) ;
#174 = EDGE_CURVE ( 'NONE', #2111, #444, #715, .T. ) ;
#175 = EDGE_LOOP ( 'NONE', ( #2248, #642, #2282, #3174, #925, #1897, #718, #11 ) ) ;
#176 = ORIENTED_EDGE ( 'NONE', *, *, #2053, .T. ) ;
#177 = DIRECTION ( 'NONE',  ( 1.820037745287142411E-16, 1.000000000000000000, 0.000000000000000000 ) ) ;
#178 = DIRECTION ( 'NONE',  ( 1.000000000000000000, 0.000000000000000000, 0.000000000000000000 ) ) ;
#179 = EDGE_CURVE ( 'NONE', #2804, #471, #2657, .T. ) ;
#180 = VECTOR ( 'NONE', #833, 1000.000000000000000 ) ;
#181 = DIRECTION ( 'NONE',  ( 1.000000000000000000, 0.000000000000000000, 0.000000000000000000 ) ) ;
#182 = ORIENTED_EDGE ( 'NONE', *, *, #927, .F. ) ;
#183 = DIRECTION ( 'NONE',  ( -0.000000000000000000, -0.000000000000000000, 1.000000000000000000 ) ) ;
#184 = CARTESIAN_POINT ( 'NONE',  ( -127.4999999999999432, 137.5000000000000000, 190.0000000000000000 ) ) ;
#185 = DIRECTION ( 'NONE',  ( -0.000000000000000000, -0.000000000000000000, 1.000000000000000000 ) ) ;
#186 = CARTESIAN_POINT ( 'NONE',  ( 137.4999999999999432, -137.4999999999999432, 190.0000000000000000 ) ) ;
#187 = EDGE_LOOP ( 'NONE', ( #3242, #596, #1914, #95 ) ) ;
#188 = AXIS2_PLACEMENT_3D ( 'NONE', #717, #2026, #1775 ) ;
#189 = AXIS2_PLACEMENT_3D ( 'NONE', #2813, #402, #3071 ) ;
#190 = ORIENTED_EDGE ( 'NONE', *, *, #971, .T. ) ;
#191 = EDGE_LOOP ( 'NONE', ( #127, #840, #268, #333 ) ) ;
#192 = VECTOR ( 'NONE', #562, 1000.000000000000000 ) ;
#193 = ADVANCED_FACE ( 'NONE', ( #2455 ), #1128, .F. ) ;
#194 = CARTESIAN_POINT ( 'NONE',  ( -152.5000000000000284, -137.4999999999999432, 0.000000000000000000 ) ) ;
#195 = LINE ( 'NONE', #1782, #3211 ) ;
#196 = LOCAL_TIME ( 14, 37, 11.00000000000000000, #658 ) ;
#197 = DIRECTION ( 'NONE',  ( 1.000000000000000000, 0.000000000000000000, 0.000000000000000000 ) ) ;
#198 = VERTEX_POINT ( 'NONE', #1647 ) ;
#199 = AXIS2_PLACEMENT_3D ( 'NONE', #3084, #650, #3318 ) ;
#200 = CARTESIAN_POINT ( 'NONE',  ( -137.5000000000000000, -137.4999999999999432, 10.00000000000000000 ) ) ;
#201 = DIRECTION ( 'NONE',  ( 1.000000000000000000, 0.000000000000000000, 0.000000000000000000 ) ) ;
#202 = MANIFOLD_SOLID_BREP ( 'BaseMillieu-1-solid1', #2607 ) ;
#203 = FACE_OUTER_BOUND ( 'NONE', #3062, .T. ) ;
#204 = CARTESIAN_POINT ( 'NONE',  ( 80.00000000000000000, 79.99999999999998579, 190.0000000000000000 ) ) ;
#205 = CIRCLE ( 'NONE', #665, 15.00000000000000000 ) ;
#206 = EDGE_CURVE ( 'NONE', #2012, #821, #485, .T. ) ;
#207 = CARTESIAN_POINT ( 'NONE',  ( 152.4999999999999432, -137.4999999999999432, 9.999999999999994671 ) ) ;
#208 = EDGE_LOOP ( 'NONE', ( #2175, #292 ) ) ;
#209 = ORIENTED_EDGE ( 'NONE', *, *, #2579, .T. ) ;
#210 = DIRECTION ( 'NONE',  ( -1.000000000000000000, 1.820037745287142411E-16, 0.000000000000000000 ) ) ;
#211 = CARTESIAN_POINT ( 'NONE',  ( 152.4999999999999716, -152.4999999999999432, 600.0000000000000000 ) ) ;
#212 = EDGE_CURVE ( 'NONE', #3219, #1078, #3400, .T. ) ;
#213 = DIRECTION ( 'NONE',  ( -0.000000000000000000, -0.000000000000000000, 1.000000000000000000 ) ) ;
#214 = ORIENTED_EDGE ( 'NONE', *, *, #1202, .T. ) ;
#215 = ADVANCED_FACE ( 'NONE', ( #1338 ), #2059, .F. ) ;
#216 = CARTESIAN_POINT ( 'NONE',  ( 137.4999999999999432, -152.4999999999999432, 200.0000000000000000 ) ) ;
#217 = LINE ( 'NONE', #745, #3047 ) ;
#218 = FACE_BOUND ( 'NONE', #2373, .T. ) ;
#219 = DIRECTION ( 'NONE',  ( 1.000000000000000000, 0.000000000000000000, 0.000000000000000000 ) ) ;
#220 = CARTESIAN_POINT ( 'NONE',  ( -85.00000000000000000, 79.99999999999998579, 10.00000000000000000 ) ) ;
#221 = VERTEX_POINT ( 'NONE', #2865 ) ;
#222 = ORIENTED_EDGE ( 'NONE', *, *, #842, .T. ) ;
#223 = CYLINDRICAL_SURFACE ( 'NONE', #1936, 5.000000000000004441 ) ;
#224 = CARTESIAN_POINT ( 'NONE',  ( 85.00000000000000000, 79.99999999999998579, 190.0000000000000000 ) ) ;
#225 = AXIS2_PLACEMENT_3D ( 'NONE', #2553, #2519, #393 ) ;
#226 = DIRECTION ( 'NONE',  ( 1.000000000000000000, 0.000000000000000000, 0.000000000000000000 ) ) ;
#227 = VERTEX_POINT ( 'NONE', #1268 ) ;
#228 = AXIS2_PLACEMENT_3D ( 'NONE', #200, #1246, #461 ) ;
#229 = CIRCLE ( 'NONE', #2692, 5.000000000000004441 ) ;
#230 = DIRECTION ( 'NONE',  ( 0.000000000000000000, 0.000000000000000000, 1.000000000000000000 ) ) ;
#231 = LINE ( 'NONE', #1587, #2488 ) ;
#232 = EDGE_CURVE ( 'NONE', #2307, #164, #1011, .T. ) ;
#233 = VECTOR ( 'NONE', #3464, 1000.000000000000000 ) ;
#234 = CARTESIAN_POINT ( 'NONE',  ( 0.000000000000000000, 0.000000000000000000, 0.000000000000000000 ) ) ;
#235 = DIRECTION ( 'NONE',  ( 1.000000000000000000, 0.000000000000000000, 0.000000000000000000 ) ) ;
#236 = DIRECTION ( 'NONE',  ( 0.000000000000000000, 0.000000000000000000, 1.000000000000000000 ) ) ;
#237 = VERTEX_POINT ( 'NONE', #2074 ) ;
#238 = ORIENTED_EDGE ( 'NONE', *, *, #1738, .T. ) ;
#239 = VECTOR ( 'NONE', #2710, 1000.000000000000000 ) ;
#240 = DIRECTION ( 'NONE',  ( 1.000000000000000000, 0.000000000000000000, 0.000000000000000000 ) ) ;
#241 = CARTESIAN_POINT ( 'NONE',  ( -15.00000000000000000, 0.000000000000000000, 10.00000000000000000 ) ) ;
#242 = AXIS2_PLACEMENT_3D ( 'NONE', #697, #1457, #992 ) ;
#243 = CARTESIAN_POINT ( 'NONE',  ( 152.4999999999999716, -137.4999999999999432, 200.0000000000000000 ) ) ;
#244 = AXIS2_PLACEMENT_3D ( 'NONE', #2724, #828, #2743 ) ;
#245 = DIRECTION ( 'NONE',  ( 1.000000000000000000, 0.000000000000000000, 0.000000000000000000 ) ) ;
#246 = EDGE_CURVE ( 'NONE', #1078, #2490, #99, .T. ) ;
#247 = VECTOR ( 'NONE', #1287, 1000.000000000000000 ) ;
#248 = ORIENTED_EDGE ( 'NONE', *, *, #2243, .F. ) ;
#249 = DIRECTION ( 'NONE',  ( -1.000000000000000000, 0.000000000000000000, 0.000000000000000000 ) ) ;
#250 = DIRECTION ( 'NONE',  ( -1.000000000000000000, 0.000000000000000000, -0.000000000000000000 ) ) ;
#251 = CC_DESIGN_APPROVAL ( #337, ( #25 ) ) ;
#252 = CARTESIAN_POINT ( 'NONE',  ( 147.4999999999999716, -137.4999999999999432, 200.0000000000000000 ) ) ;
#253 = ORIENTED_EDGE ( 'NONE', *, *, #1945, .F. ) ;
#254 = DIRECTION ( 'NONE',  ( -1.000000000000000000, 0.000000000000000000, 0.000000000000000000 ) ) ;
#255 = FACE_OUTER_BOUND ( 'NONE', #2595, .T. ) ;
#256 = ADVANCED_FACE ( 'NONE', ( #538 ), #752, .F. ) ;
#257 = DIRECTION ( 'NONE',  ( -0.000000000000000000, -0.000000000000000000, 1.000000000000000000 ) ) ;
#258 = MANIFOLD_SOLID_BREP ( 'BASE2-1-solid1', #3287 ) ;
#259 = FACE_BOUND ( 'NONE', #2044, .T. ) ;
#260 = ORIENTED_EDGE ( 'NONE', *, *, #3381, .F. ) ;
#261 = AXIS2_PLACEMENT_3D ( 'NONE', #1309, #2379, #524 ) ;
#262 = EDGE_CURVE ( 'NONE', #3219, #2972, #432, .T. ) ;
#263 = ORIENTED_EDGE ( 'NONE', *, *, #941, .T. ) ;
#264 = CARTESIAN_POINT ( 'NONE',  ( -75.00000000000000000, -80.00000000000000000, 0.000000000000000000 ) ) ;
#265 = DIRECTION ( 'NONE',  ( -0.000000000000000000, -0.000000000000000000, 1.000000000000000000 ) ) ;
#266 = VECTOR ( 'NONE', #839, 1000.000000000000000 ) ;
#267 = VERTEX_POINT ( 'NONE', #1847 ) ;
#268 = ORIENTED_EDGE ( 'NONE', *, *, #2324, .T. ) ;
#269 = DIRECTION ( 'NONE',  ( -1.000000000000000000, 0.000000000000000000, 0.000000000000000000 ) ) ;
#270 = ORIENTED_EDGE ( 'NONE', *, *, #1572, .T. ) ;
#271 = DIRECTION ( 'NONE',  ( -1.000000000000000000, 0.000000000000000000, 0.000000000000000000 ) ) ;
#272 = VECTOR ( 'NONE', #141, 1000.000000000000000 ) ;
#273 = DIRECTION ( 'NONE',  ( 1.000000000000000000, 0.000000000000000000, 0.000000000000000000 ) ) ;
#274 = ORIENTED_EDGE ( 'NONE', *, *, #2007, .T. ) ;
#275 = LINE ( 'NONE', #2987, #150 ) ;
#276 = DIRECTION ( 'NONE',  ( 0.000000000000000000, 0.000000000000000000, 1.000000000000000000 ) ) ;
#277 = CYLINDRICAL_SURFACE ( 'NONE', #457, 5.000000000000004441 ) ;
#278 = CYLINDRICAL_SURFACE ( 'NONE', #3108, 15.00000000000000000 ) ;
#279 = VERTEX_POINT ( 'NONE', #207 ) ;
#280 = ORIENTED_EDGE ( 'NONE', *, *, #92, .T. ) ;
#281 = DIRECTION ( 'NONE',  ( 0.000000000000000000, 0.000000000000000000, 1.000000000000000000 ) ) ;
#282 = DIRECTION ( 'NONE',  ( 1.000000000000000000, 0.000000000000000000, 0.000000000000000000 ) ) ;
#283 = EDGE_CURVE ( 'NONE', #1463, #2111, #2408, .T. ) ;
#284 = ORIENTED_EDGE ( 'NONE', *, *, #2547, .F. ) ;
#285 = CARTESIAN_POINT ( 'NONE',  ( 75.00000000000000000, -80.00000000000000000, 190.0000000000000000 ) ) ;
#286 = MANIFOLD_SOLID_BREP ( 'Couverture-1-solid1', #2164 ) ;
#287 = CARTESIAN_POINT ( 'NONE',  ( -152.5000000000000284, -137.4999999999999432, 610.0000000000000000 ) ) ;
#288 = ORIENTED_EDGE ( 'NONE', *, *, #710, .T. ) ;
#289 = EDGE_LOOP ( 'NONE', ( #3384, #2679, #1050, #311 ) ) ;
#290 = DIRECTION ( 'NONE',  ( 1.000000000000000000, 0.000000000000000000, 0.000000000000000000 ) ) ;
#291 = DIRECTION ( 'NONE',  ( 0.000000000000000000, 0.000000000000000000, -1.000000000000000000 ) ) ;
#292 = ORIENTED_EDGE ( 'NONE', *, *, #1025, .T. ) ;
#293 = LINE ( 'NONE', #3010, #2849 ) ;
#294 = CARTESIAN_POINT ( 'NONE',  ( 75.00000000000000000, -80.00000000000000000, 0.000000000000000000 ) ) ;
#295 = VECTOR ( 'NONE', #1972, 1000.000000000000000 ) ;
#296 = DIRECTION ( 'NONE',  ( -0.000000000000000000, -0.000000000000000000, 1.000000000000000000 ) ) ;
#297 = DIRECTION ( 'NONE',  ( 1.000000000000000000, 0.000000000000000000, 0.000000000000000000 ) ) ;
#298 = ORIENTED_EDGE ( 'NONE', *, *, #724, .F. ) ;
#299 = ORIENTED_EDGE ( 'NONE', *, *, #179, .T. ) ;
#300 = CARTESIAN_POINT ( 'NONE',  ( 74.99999999999998579, -80.00000000000000000, 600.0000000000000000 ) ) ;
#301 = FACE_OUTER_BOUND ( 'NONE', #1667, .T. ) ;
#302 = ORIENTED_EDGE ( 'NONE', *, *, #3280, .T. ) ;
#303 = VERTEX_POINT ( 'NONE', #1542 ) ;
#304 = PLANE ( 'NONE',  #2224 ) ;
#305 = EDGE_CURVE ( 'NONE', #1415, #2902, #1317, .T. ) ;
#306 = ADVANCED_FACE ( 'NONE', ( #3195 ), #278, .T. ) ;
#307 = CYLINDRICAL_SURFACE ( 'NONE', #3145, 15.00000000000001421 ) ;
#308 = AXIS2_PLACEMENT_3D ( 'NONE', #1569, #818, #1298 ) ;
#309 = ORIENTED_EDGE ( 'NONE', *, *, #1495, .T. ) ;
#310 = VECTOR ( 'NONE', #1197, 1000.000000000000000 ) ;
#311 = ORIENTED_EDGE ( 'NONE', *, *, #847, .F. ) ;
#312 = DIRECTION ( 'NONE',  ( 0.000000000000000000, 0.000000000000000000, 1.000000000000000000 ) ) ;
#313 = EDGE_LOOP ( 'NONE', ( #2493, #4, #2884, #965, #3246, #1652, #56, #3094 ) ) ;
#314 = VECTOR ( 'NONE', #1559, 1000.000000000000000 ) ;
#315 = AXIS2_PLACEMENT_3D ( 'NONE', #1665, #2916, #2738 ) ;
#316 = CARTESIAN_POINT ( 'NONE',  ( 80.00000000000000000, -80.00000000000000000, 0.000000000000000000 ) ) ;
#317 = DIRECTION ( 'NONE',  ( 0.000000000000000000, 0.000000000000000000, 1.000000000000000000 ) ) ;
#318 = CIRCLE ( 'NONE', #1643, 10.00000000000000888 ) ;
#319 = LINE ( 'NONE', #3275, #1767 ) ;
#320 = ORIENTED_EDGE ( 'NONE', *, *, #3042, .T. ) ;
#321 = DIRECTION ( 'NONE',  ( -1.000000000000000000, 0.000000000000000000, 0.000000000000000000 ) ) ;
#322 = EDGE_LOOP ( 'NONE', ( #493, #1, #1588, #1983 ) ) ;
#323 = LINE ( 'NONE', #542, #3425 ) ;
#324 = DIRECTION ( 'NONE',  ( -1.000000000000000000, 0.000000000000000000, 0.000000000000000000 ) ) ;
#325 = VECTOR ( 'NONE', #2339, 1000.000000000000000 ) ;
#326 = ORIENTED_EDGE ( 'NONE', *, *, #3301, .F. ) ;
#327 = ORIENTED_EDGE ( 'NONE', *, *, #1299, .F. ) ;
#328 = VERTEX_POINT ( 'NONE', #220 ) ;
#329 = CIRCLE ( 'NONE', #1823, 7.500000000000000000 ) ;
#330 = CARTESIAN_POINT ( 'NONE',  ( 152.4999999999999432, -152.4999999999999432, 190.0000000000000000 ) ) ;
#331 = ORIENTED_EDGE ( 'NONE', *, *, #2669, .F. ) ;
#332 = EDGE_CURVE ( 'NONE', #1391, #2938, #2383, .T. ) ;
#333 = ORIENTED_EDGE ( 'NONE', *, *, #206, .T. ) ;
#334 = DIRECTION ( 'NONE',  ( 1.000000000000000000, 0.000000000000000000, 0.000000000000000000 ) ) ;
#335 = EDGE_LOOP ( 'NONE', ( #2729, #2345, #395, #1344 ) ) ;
#336 = EDGE_CURVE ( 'NONE', #3308, #827, #2660, .T. ) ;
#337 = APPROVAL ( #1731, 'UNSPECIFIED' ) ;
#338 = DIRECTION ( 'NONE',  ( 0.000000000000000000, 0.000000000000000000, 1.000000000000000000 ) ) ;
#339 = DIRECTION ( 'NONE',  ( 1.000000000000000000, 0.000000000000000000, 0.000000000000000000 ) ) ;
#340 = CARTESIAN_POINT ( 'NONE',  ( -137.5000000000000000, -152.4999999999999432, 190.0000000000000000 ) ) ;
#341 = FACE_BOUND ( 'NONE', #3401, .T. ) ;
#342 = ORIENTED_EDGE ( 'NONE', *, *, #1890, .T. ) ;
#343 = CARTESIAN_POINT ( 'NONE',  ( 127.4999999999999432, -137.4999999999999432, 190.0000000000000000 ) ) ;
#344 = CARTESIAN_POINT ( 'NONE',  ( -80.00000000000000000, -80.00000000000000000, 0.000000000000000000 ) ) ;
#345 = ORIENTED_EDGE ( 'NONE', *, *, #448, .T. ) ;
#346 = VERTEX_POINT ( 'NONE', #1028 ) ;
#347 = DIRECTION ( 'NONE',  ( 1.000000000000000000, 0.000000000000000000, 0.000000000000000000 ) ) ;
#348 = CIRCLE ( 'NONE', #781, 5.000000000000004441 ) ;
#349 = ORIENTED_EDGE ( 'NONE', *, *, #283, .F. ) ;
#350 = DIRECTION ( 'NONE',  ( 0.000000000000000000, 0.000000000000000000, 1.000000000000000000 ) ) ;
#351 = VECTOR ( 'NONE', #699, 1000.000000000000000 ) ;
#352 = DIRECTION ( 'NONE',  ( -0.000000000000000000, -0.000000000000000000, 1.000000000000000000 ) ) ;
#353 = CARTESIAN_POINT ( 'NONE',  ( 85.00000000000000000, 79.99999999999998579, 0.000000000000000000 ) ) ;
#354 = EDGE_CURVE ( 'NONE', #2118, #932, #2834, .T. ) ;
#355 = ADVANCED_FACE ( 'NONE', ( #3455, #3156, #2632, #259, #1302, #1320, #2392, #3436, #1048, #1794 ), #799, .F. ) ;
#356 = CARTESIAN_POINT ( 'NONE',  ( 152.5000000000000284, 137.4999999999999716, 200.0000000000000000 ) ) ;
#357 = AXIS2_PLACEMENT_3D ( 'NONE', #1424, #2427, #29 ) ;
#358 = CYLINDRICAL_SURFACE ( 'NONE', #2426, 15.00000000000001421 ) ;
#359 = ORIENTED_EDGE ( 'NONE', *, *, #1534, .T. ) ;
#360 = EDGE_CURVE ( 'NONE', #3266, #1069, #3289, .T. ) ;
#361 = DIRECTION ( 'NONE',  ( -0.000000000000000000, -0.000000000000000000, 1.000000000000000000 ) ) ;
#362 = FACE_OUTER_BOUND ( 'NONE', #2409, .T. ) ;
#363 = AXIS2_PLACEMENT_3D ( 'NONE', #1455, #1228, #2546 ) ;
#364 = ORIENTED_EDGE ( 'NONE', *, *, #1169, .F. ) ;
#365 = ORIENTED_EDGE ( 'NONE', *, *, #1818, .F. ) ;
#366 = VERTEX_POINT ( 'NONE', #621 ) ;
#367 = DIRECTION ( 'NONE',  ( -1.820037745287142165E-16, -1.000000000000000000, -0.000000000000000000 ) ) ;
#368 = ORIENTED_EDGE ( 'NONE', *, *, #792, .F. ) ;
#369 = DIRECTION ( 'NONE',  ( 0.000000000000000000, 0.000000000000000000, 1.000000000000000000 ) ) ;
#370 = EDGE_CURVE ( 'NONE', #2951, #2960, #319, .T. ) ;
#371 = VECTOR ( 'NONE', #3192, 1000.000000000000000 ) ;
#372 = FACE_OUTER_BOUND ( 'NONE', #900, .T. ) ;
#373 = CIRCLE ( 'NONE', #1093, 5.000000000000004441 ) ;
#374 = FACE_OUTER_BOUND ( 'NONE', #1322, .T. ) ;
#375 = VECTOR ( 'NONE', #3441, 1000.000000000000000 ) ;
#376 = DIRECTION ( 'NONE',  ( 1.000000000000000000, 0.000000000000000000, 0.000000000000000000 ) ) ;
#377 = AXIS2_PLACEMENT_3D ( 'NONE', #786, #2936, #543 ) ;
#378 = EDGE_CURVE ( 'NONE', #3308, #1368, #858, .T. ) ;
#379 = DIRECTION ( 'NONE',  ( -0.000000000000000000, -0.000000000000000000, 1.000000000000000000 ) ) ;
#380 = DIRECTION ( 'NONE',  ( 0.000000000000000000, 0.000000000000000000, -1.000000000000000000 ) ) ;
#381 = ORIENTED_EDGE ( 'NONE', *, *, #491, .F. ) ;
#382 = DIRECTION ( 'NONE',  ( 1.000000000000000000, 0.000000000000000000, 0.000000000000000000 ) ) ;
#383 = ORIENTED_EDGE ( 'NONE', *, *, #895, .F. ) ;
#384 = EDGE_LOOP ( 'NONE', ( #1815, #2914 ) ) ;
#385 = EDGE_LOOP ( 'NONE', ( #1402, #2769, #995, #1779 ) ) ;
#386 = LINE ( 'NONE', #3053, #83 ) ;
#387 = EDGE_CURVE ( 'NONE', #2601, #2155, #1638, .T. ) ;
#388 = CARTESIAN_POINT ( 'NONE',  ( 137.4999999999999147, 152.5000000000000000, 190.0000000000000000 ) ) ;
#389 = DIRECTION ( 'NONE',  ( 0.000000000000000000, 0.000000000000000000, 1.000000000000000000 ) ) ;
#390 = DIRECTION ( 'NONE',  ( -0.000000000000000000, -0.000000000000000000, 1.000000000000000000 ) ) ;
#391 = ORIENTED_EDGE ( 'NONE', *, *, #2727, .F. ) ;
#392 = CARTESIAN_POINT ( 'NONE',  ( 147.4999999999999432, -137.4999999999999432, 9.999999999999994671 ) ) ;
#393 = DIRECTION ( 'NONE',  ( -1.000000000000000000, 0.000000000000000000, -0.000000000000000000 ) ) ;
#394 = DIRECTION ( 'NONE',  ( 1.000000000000000000, 0.000000000000000000, 0.000000000000000000 ) ) ;
#395 = ORIENTED_EDGE ( 'NONE', *, *, #232, .F. ) ;
#396 = ORIENTED_EDGE ( 'NONE', *, *, #2750, .T. ) ;
#397 = ORIENTED_EDGE ( 'NONE', *, *, #1996, .T. ) ;
#398 = ADVANCED_FACE ( 'NONE', ( #1356 ), #1906, .F. ) ;
#399 = DIRECTION ( 'NONE',  ( 1.000000000000000000, 0.000000000000000000, 0.000000000000000000 ) ) ;
#400 = DIRECTION ( 'NONE',  ( 0.000000000000000000, -1.000000000000000000, 0.000000000000000000 ) ) ;
#401 = DIRECTION ( 'NONE',  ( 1.000000000000000000, 0.000000000000000000, 0.000000000000000000 ) ) ;
#402 = DIRECTION ( 'NONE',  ( 0.000000000000000000, 0.000000000000000000, 1.000000000000000000 ) ) ;
#403 = DIRECTION ( 'NONE',  ( -0.000000000000000000, -0.000000000000000000, 1.000000000000000000 ) ) ;
#404 = CYLINDRICAL_SURFACE ( 'NONE', #2696, 5.000000000000004441 ) ;
#405 = ORIENTED_EDGE ( 'NONE', *, *, #66, .T. ) ;
#406 = EDGE_CURVE ( 'NONE', #2951, #2934, #1164, .T. ) ;
#407 = AXIS2_PLACEMENT_3D ( 'NONE', #2240, #1501, #166 ) ;
#408 = ORIENTED_EDGE ( 'NONE', *, *, #2750, .F. ) ;
#409 = ORIENTED_EDGE ( 'NONE', *, *, #698, .T. ) ;
#410 = CIRCLE ( 'NONE', #3413, 5.000000000000004441 ) ;
#411 = DIRECTION ( 'NONE',  ( 0.000000000000000000, 0.000000000000000000, 1.000000000000000000 ) ) ;
#412 = EDGE_CURVE ( 'NONE', #2972, #3219, #544, .T. ) ;
#413 = FACE_OUTER_BOUND ( 'NONE', #3439, .T. ) ;
#414 = DIRECTION ( 'NONE',  ( 1.000000000000000000, 0.000000000000000000, 0.000000000000000000 ) ) ;
#415 = CARTESIAN_POINT ( 'NONE',  ( 137.4999999999999147, -147.4999999999999716, 9.999999999999994671 ) ) ;
#416 = AXIS2_PLACEMENT_3D ( 'NONE', #2286, #3366, #926 ) ;
#417 = VECTOR ( 'NONE', #2395, 1000.000000000000000 ) ;
#418 = FACE_BOUND ( 'NONE', #703, .T. ) ;
#419 = LINE ( 'NONE', #464, #272 ) ;
#420 = ORIENTED_EDGE ( 'NONE', *, *, #1529, .T. ) ;
#421 = VECTOR ( 'NONE', #2153, 1000.000000000000000 ) ;
#422 = PERSON_AND_ORGANIZATION ( #1041, #1034 ) ;
#423 = ORIENTED_EDGE ( 'NONE', *, *, #1862, .T. ) ;
#424 = ORIENTED_EDGE ( 'NONE', *, *, #1515, .F. ) ;
#425 = DIRECTION ( 'NONE',  ( -1.000000000000000000, 1.820037745287142411E-16, 0.000000000000000000 ) ) ;
#426 = AXIS2_PLACEMENT_3D ( 'NONE', #3315, #2005, #1971 ) ;
#427 = DIRECTION ( 'NONE',  ( 1.000000000000000000, 0.000000000000000000, 0.000000000000000000 ) ) ;
#428 = ADVANCED_FACE ( 'NONE', ( #3012 ), #1122, .F. ) ;
#429 = CLOSED_SHELL ( 'NONE', ( #2471, #980, #2957, #2903, #3181, #2397, #2844, #1978, #3205, #556, #3451, #1260, #2624, #1637, #2335, #91, #1673, #1869 ) ) ;
#430 = DIRECTION ( 'NONE',  ( -0.000000000000000000, -0.000000000000000000, 1.000000000000000000 ) ) ;
#431 = CARTESIAN_POINT ( 'NONE',  ( -80.00000000000000000, -80.00000000000000000, 190.0000000000000000 ) ) ;
#432 = CIRCLE ( 'NONE', #714, 10.00000000000000888 ) ;
#433 = EDGE_CURVE ( 'NONE', #769, #227, #1428, .T. ) ;
#434 = LINE ( 'NONE', #1220, #1820 ) ;
#435 = DIRECTION ( 'NONE',  ( -1.000000000000000000, 0.000000000000000000, 0.000000000000000000 ) ) ;
#436 = CARTESIAN_POINT ( 'NONE',  ( -152.5000000000000284, -152.4999999999999432, 0.000000000000000000 ) ) ;
#437 = EDGE_LOOP ( 'NONE', ( #2588, #801, #349, #288, #3008, #2357, #1029, #1194 ) ) ;
#438 = EDGE_CURVE ( 'NONE', #1954, #2816, #329, .T. ) ;
#439 = ORIENTED_EDGE ( 'NONE', *, *, #890, .F. ) ;
#440 = EDGE_LOOP ( 'NONE', ( #326, #2133 ) ) ;
#441 = CARTESIAN_POINT ( 'NONE',  ( 137.4999999999999147, 137.4999999999999716, 190.0000000000000000 ) ) ;
#442 = CARTESIAN_POINT ( 'NONE',  ( 147.4999999999999716, 137.4999999999999716, 0.000000000000000000 ) ) ;
#443 = DIRECTION ( 'NONE',  ( 0.000000000000000000, 0.000000000000000000, 1.000000000000000000 ) ) ;
#444 = VERTEX_POINT ( 'NONE', #356 ) ;
#445 = DIRECTION ( 'NONE',  ( -0.000000000000000000, -0.000000000000000000, 1.000000000000000000 ) ) ;
#446 = DIRECTION ( 'NONE',  ( 0.000000000000000000, 0.000000000000000000, 1.000000000000000000 ) ) ;
#447 = CARTESIAN_POINT ( 'NONE',  ( 0.000000000000000000, 0.000000000000000000, 10.00000000000000000 ) ) ;
#448 = EDGE_CURVE ( 'NONE', #594, #3017, #1216, .T. ) ;
#449 = CARTESIAN_POINT ( 'NONE',  ( 152.4999999999999716, -137.4999999999999432, 190.0000000000000000 ) ) ;
#450 = ADVANCED_FACE ( 'NONE', ( #1926 ), #882, .F. ) ;
#451 = ORIENTED_EDGE ( 'NONE', *, *, #433, .T. ) ;
#452 = ORIENTED_EDGE ( 'NONE', *, *, #501, .T. ) ;
#453 = ADVANCED_FACE ( 'NONE', ( #1887 ), #2485, .F. ) ;
#454 = ORIENTED_EDGE ( 'NONE', *, *, #2106, .F. ) ;
#455 = CARTESIAN_POINT ( 'NONE',  ( 80.00000000000000000, -80.00000000000000000, 0.000000000000000000 ) ) ;
#456 = CARTESIAN_POINT ( 'NONE',  ( -85.00000000000001421, -80.00000000000000000, 610.0000000000000000 ) ) ;
#457 = AXIS2_PLACEMENT_3D ( 'NONE', #2370, #1886, #2146 ) ;
#458 = DIRECTION ( 'NONE',  ( -0.000000000000000000, -0.000000000000000000, 1.000000000000000000 ) ) ;
#459 = EDGE_LOOP ( 'NONE', ( #2325, #1922, #2046, #2422 ) ) ;
#460 = EDGE_CURVE ( 'NONE', #2972, #2490, #603, .T. ) ;
#461 = DIRECTION ( 'NONE',  ( -1.000000000000000000, 0.000000000000000000, 0.000000000000000000 ) ) ;
#462 = CARTESIAN_POINT ( 'NONE',  ( 152.4999999999999716, -137.4999999999999432, 600.0000000000000000 ) ) ;
#463 = CARTESIAN_POINT ( 'NONE',  ( 5.000000000000006217, -25.00000000000000000, 200.0000000000000000 ) ) ;
#464 = CARTESIAN_POINT ( 'NONE',  ( -152.5000000000000284, -152.4999999999999432, 600.0000000000000000 ) ) ;
#465 = ORIENTED_EDGE ( 'NONE', *, *, #2510, .T. ) ;
#466 = AXIS2_PLACEMENT_3D ( 'NONE', #2166, #1376, #1691 ) ;
#467 = CIRCLE ( 'NONE', #3043, 10.00000000000000888 ) ;
#468 = EDGE_CURVE ( 'NONE', #661, #2307, #1846, .T. ) ;
#469 = DIRECTION ( 'NONE',  ( -1.000000000000000000, 0.000000000000000000, 0.000000000000000000 ) ) ;
#470 = VERTEX_POINT ( 'NONE', #340 ) ;
#471 = VERTEX_POINT ( 'NONE', #1397 ) ;
#472 = VECTOR ( 'NONE', #1832, 1000.000000000000000 ) ;
#473 = CARTESIAN_POINT ( 'NONE',  ( 7.500000000000000000, 0.000000000000000000, 190.0000000000000000 ) ) ;
#474 = LINE ( 'NONE', #1514, #1204 ) ;
#475 = VECTOR ( 'NONE', #3200, 1000.000000000000000 ) ;
#476 = CARTESIAN_POINT ( 'NONE',  ( 137.4999999999999432, -137.4999999999999432, 200.0000000000000000 ) ) ;
#477 = FACE_OUTER_BOUND ( 'NONE', #627, .T. ) ;
#478 = ORIENTED_EDGE ( 'NONE', *, *, #2070, .F. ) ;
#479 = EDGE_CURVE ( 'NONE', #1585, #2443, #118, .T. ) ;
#480 = VECTOR ( 'NONE', #2405, 1000.000000000000000 ) ;
#481 = FACE_BOUND ( 'NONE', #1600, .T. ) ;
#482 = CARTESIAN_POINT ( 'NONE',  ( -137.5000000000000568, -137.4999999999999432, 190.0000000000000000 ) ) ;
#483 = FACE_BOUND ( 'NONE', #108, .T. ) ;
#484 = LINE ( 'NONE', #2145, #2483 ) ;
#485 = CIRCLE ( 'NONE', #2444, 10.00000000000000888 ) ;
#486 = CARTESIAN_POINT ( 'NONE',  ( 137.5000000000000000, 137.4999999999999716, 600.0000000000000000 ) ) ;
#487 = ORIENTED_EDGE ( 'NONE', *, *, #1007, .T. ) ;
#488 = ORIENTED_EDGE ( 'NONE', *, *, #1531, .T. ) ;
#489 = FACE_OUTER_BOUND ( 'NONE', #1985, .T. ) ;
#490 = LINE ( 'NONE', #3127, #2713 ) ;
#491 = EDGE_CURVE ( 'NONE', #1391, #1623, #1949, .T. ) ;
#492 = LINE ( 'NONE', #1877, #2698 ) ;
#493 = ORIENTED_EDGE ( 'NONE', *, *, #2197, .F. ) ;
#494 = CYLINDRICAL_SURFACE ( 'NONE', #228, 15.00000000000001421 ) ;
#495 = DIRECTION ( 'NONE',  ( -0.000000000000000000, -0.000000000000000000, 1.000000000000000000 ) ) ;
#496 = EDGE_CURVE ( 'NONE', #19, #903, #3060, .T. ) ;
#497 = PLANE ( 'NONE',  #1609 ) ;
#498 = CARTESIAN_POINT ( 'NONE',  ( 127.4999999999999432, -137.4999999999999432, 0.000000000000000000 ) ) ;
#499 = DIRECTION ( 'NONE',  ( 1.000000000000000000, 0.000000000000000000, 0.000000000000000000 ) ) ;
#500 = ORIENTED_EDGE ( 'NONE', *, *, #1734, .F. ) ;
#501 = EDGE_CURVE ( 'NONE', #32, #38, #2250, .T. ) ;
#502 = ORIENTED_EDGE ( 'NONE', *, *, #3054, .F. ) ;
#503 = CYLINDRICAL_SURFACE ( 'NONE', #1522, 5.000000000000004441 ) ;
#504 = LINE ( 'NONE', #211, #247 ) ;
#505 = DIRECTION ( 'NONE',  ( 0.000000000000000000, 0.000000000000000000, -1.000000000000000000 ) ) ;
#506 = CIRCLE ( 'NONE', #2754, 15.00000000000000000 ) ;
#507 = FACE_OUTER_BOUND ( 'NONE', #1857, .T. ) ;
#508 = ORIENTED_EDGE ( 'NONE', *, *, #2219, .F. ) ;
#509 = VECTOR ( 'NONE', #555, 1000.000000000000000 ) ;
#510 = CARTESIAN_POINT ( 'NONE',  ( -137.4999999999999716, 137.5000000000000000, 180.0000000000000000 ) ) ;
#511 = FACE_OUTER_BOUND ( 'NONE', #2259, .T. ) ;
#512 = AXIS2_PLACEMENT_3D ( 'NONE', #2824, #1487, #2300 ) ;
#513 = ADVANCED_FACE ( 'NONE', ( #1492 ), #2845, .T. ) ;
#514 = UNCERTAINTY_MEASURE_WITH_UNIT (LENGTH_MEASURE( 1.000000000000000082E-05 ), #949, 'distance_accuracy_value', 'NONE');
#515 = CARTESIAN_POINT ( 'NONE',  ( 137.4999999999999147, 147.5000000000000000, 190.0000000000000000 ) ) ;
#516 = CARTESIAN_POINT ( 'NONE',  ( 0.000000000000000000, 0.000000000000000000, 190.0000000000000000 ) ) ;
#517 = LINE ( 'NONE', #3303, #2809 ) ;
#518 = CARTESIAN_POINT ( 'NONE',  ( 152.4999999999999716, -152.4999999999999432, 190.0000000000000000 ) ) ;
#519 = VERTEX_POINT ( 'NONE', #670 ) ;
#520 = ORIENTED_EDGE ( 'NONE', *, *, #1509, .T. ) ;
#521 = FACE_OUTER_BOUND ( 'NONE', #964, .T. ) ;
#522 = LINE ( 'NONE', #2697, #2995 ) ;
#523 = AXIS2_PLACEMENT_3D ( 'NONE', #2859, #2598, #1187 ) ;
#524 = DIRECTION ( 'NONE',  ( 1.000000000000000000, 0.000000000000000000, 0.000000000000000000 ) ) ;
#525 = CIRCLE ( 'NONE', #877, 15.00000000000000000 ) ;
#526 = DIRECTION ( 'NONE',  ( -0.000000000000000000, -0.000000000000000000, 1.000000000000000000 ) ) ;
#527 = CIRCLE ( 'NONE', #24, 15.00000000000001421 ) ;
#528 = EDGE_LOOP ( 'NONE', ( #1379, #3356, #2162, #1617 ) ) ;
#529 = DIRECTION ( 'NONE',  ( 1.000000000000000000, 0.000000000000000000, 0.000000000000000000 ) ) ;
#530 = VECTOR ( 'NONE', #825, 1000.000000000000000 ) ;
#531 = DIRECTION ( 'NONE',  ( -0.000000000000000000, -0.000000000000000000, 1.000000000000000000 ) ) ;
#532 = ORIENTED_EDGE ( 'NONE', *, *, #174, .T. ) ;
#533 = AXIS2_PLACEMENT_3D ( 'NONE', #2222, #3290, #534 ) ;
#534 = DIRECTION ( 'NONE',  ( -1.000000000000000000, 0.000000000000000000, 0.000000000000000000 ) ) ;
#535 = CARTESIAN_POINT ( 'NONE',  ( 137.4999999999999147, -137.4999999999999432, 190.0000000000000000 ) ) ;
#536 = EDGE_CURVE ( 'NONE', #1878, #1074, #158, .T. ) ;
#537 = DIRECTION ( 'NONE',  ( -0.000000000000000000, -0.000000000000000000, 1.000000000000000000 ) ) ;
#538 = FACE_OUTER_BOUND ( 'NONE', #644, .T. ) ;
#539 = EDGE_LOOP ( 'NONE', ( #1595, #830, #2322, #2866 ) ) ;
#540 = ORIENTED_EDGE ( 'NONE', *, *, #2445, .F. ) ;
#541 = EDGE_CURVE ( 'NONE', #3000, #328, #1736, .T. ) ;
#542 = CARTESIAN_POINT ( 'NONE',  ( -85.00000000000001421, 79.99999999999998579, 600.0000000000000000 ) ) ;
#543 = DIRECTION ( 'NONE',  ( 1.000000000000000000, 0.000000000000000000, 0.000000000000000000 ) ) ;
#544 = CIRCLE ( 'NONE', #2503, 10.00000000000000888 ) ;
#545 = ORIENTED_EDGE ( 'NONE', *, *, #3284, .F. ) ;
#546 = ORIENTED_EDGE ( 'NONE', *, *, #1819, .F. ) ;
#547 = CARTESIAN_POINT ( 'NONE',  ( 79.99999999999998579, -80.00000000000000000, 610.0000000000000000 ) ) ;
#548 = ORIENTED_EDGE ( 'NONE', *, *, #2330, .T. ) ;
#549 = VERTEX_POINT ( 'NONE', #1727 ) ;
#550 = DIRECTION ( 'NONE',  ( 1.000000000000000000, 0.000000000000000000, 0.000000000000000000 ) ) ;
#551 = DIRECTION ( 'NONE',  ( -9.100188726435709590E-17, -1.000000000000000000, 0.000000000000000000 ) ) ;
#552 = EDGE_LOOP ( 'NONE', ( #3249, #2721 ) ) ;
#553 = DIRECTION ( 'NONE',  ( -1.000000000000000000, 1.820037745287142411E-16, 0.000000000000000000 ) ) ;
#554 = DIRECTION ( 'NONE',  ( -1.000000000000000000, 0.000000000000000000, 0.000000000000000000 ) ) ;
#555 = DIRECTION ( 'NONE',  ( -0.000000000000000000, -0.000000000000000000, 1.000000000000000000 ) ) ;
#556 = ADVANCED_FACE ( 'NONE', ( #418, #3340, #2024, #2783, #171 ), #1207, .T. ) ;
#557 = EDGE_CURVE ( 'NONE', #3149, #3140, #2192, .T. ) ;
#558 = DIRECTION ( 'NONE',  ( 1.000000000000000000, 0.000000000000000000, 0.000000000000000000 ) ) ;
#559 = ORIENTED_EDGE ( 'NONE', *, *, #1295, .T. ) ;
#560 = ORIENTED_EDGE ( 'NONE', *, *, #378, .F. ) ;
#561 = AXIS2_PLACEMENT_3D ( 'NONE', #2350, #2879, #3153 ) ;
#562 = DIRECTION ( 'NONE',  ( -0.000000000000000000, -0.000000000000000000, 1.000000000000000000 ) ) ;
#563 = LINE ( 'NONE', #1127, #809 ) ;
#564 = EDGE_CURVE ( 'NONE', #720, #1878, #2626, .T. ) ;
#565 = ORIENTED_EDGE ( 'NONE', *, *, #149, .T. ) ;
#566 = CARTESIAN_POINT ( 'NONE',  ( -80.00000000000000000, -80.00000000000000000, 10.00000000000000000 ) ) ;
#567 = EDGE_LOOP ( 'NONE', ( #3005, #795 ) ) ;
#568 = EDGE_LOOP ( 'NONE', ( #3052, #2937, #78, #854 ) ) ;
#569 = CARTESIAN_POINT ( 'NONE',  ( 152.5000000000000284, 137.4999999999999716, 190.0000000000000000 ) ) ;
#570 = EDGE_LOOP ( 'NONE', ( #3179, #1352 ) ) ;
#571 = CIRCLE ( 'NONE', #2199, 5.000000000000004441 ) ;
#572 = AXIS2_PLACEMENT_3D ( 'NONE', #2161, #2498, #908 ) ;
#573 = EDGE_CURVE ( 'NONE', #2475, #1585, #119, .T. ) ;
#574 = PLANE ( 'NONE',  #628 ) ;
#575 = DIRECTION ( 'NONE',  ( -0.000000000000000000, -0.000000000000000000, 1.000000000000000000 ) ) ;
#576 = AXIS2_PLACEMENT_3D ( 'NONE', #3391, #789, #2065 ) ;
#577 = LINE ( 'NONE', #1355, #2910 ) ;
#578 = CARTESIAN_POINT ( 'NONE',  ( 15.00000000000000000, 1.836970198721029589E-15, 210.0000000000000000 ) ) ;
#579 = EDGE_LOOP ( 'NONE', ( #2419, #2415, #3238, #124 ) ) ;
#580 = ORIENTED_EDGE ( 'NONE', *, *, #3250, .F. ) ;
#581 = DIRECTION ( 'NONE',  ( -0.000000000000000000, -0.000000000000000000, 1.000000000000000000 ) ) ;
#582 = EDGE_CURVE ( 'NONE', #3392, #2680, #2502, .T. ) ;
#583 = CARTESIAN_POINT ( 'NONE',  ( 137.4999999999999432, -152.4999999999999432, 190.0000000000000000 ) ) ;
#584 = CARTESIAN_POINT ( 'NONE',  ( -137.4999999999999716, 147.5000000000000284, 9.999999999999994671 ) ) ;
#585 = ORIENTED_EDGE ( 'NONE', *, *, #655, .T. ) ;
#586 = ORIENTED_EDGE ( 'NONE', *, *, #479, .F. ) ;
#587 = EDGE_LOOP ( 'NONE', ( #3190, #2141, #2306, #302 ) ) ;
#588 = EDGE_CURVE ( 'NONE', #2663, #3125, #1475, .T. ) ;
#589 = DIRECTION ( 'NONE',  ( 1.820037745287142165E-16, 1.000000000000000000, 0.000000000000000000 ) ) ;
#590 = CC_DESIGN_DATE_AND_TIME_ASSIGNMENT ( #935, #2850, ( #2496 ) ) ;
#591 = AXIS2_PLACEMENT_3D ( 'NONE', #2465, #1961, #2482 ) ;
#592 = ORIENTED_EDGE ( 'NONE', *, *, #1088, .T. ) ;
#593 = CIRCLE ( 'NONE', #602, 10.00000000000000888 ) ;
#594 = VERTEX_POINT ( 'NONE', #1759 ) ;
#595 = DIRECTION ( 'NONE',  ( -0.000000000000000000, -0.000000000000000000, 1.000000000000000000 ) ) ;
#596 = ORIENTED_EDGE ( 'NONE', *, *, #1007, .F. ) ;
#597 = AXIS2_PLACEMENT_3D ( 'NONE', #863, #53, #324 ) ;
#598 = ADVANCED_FACE ( 'NONE', ( #1189 ), #2536, .F. ) ;
#599 = LOCAL_TIME ( 14, 37, 11.00000000000000000, #1176 ) ;
#600 = DIRECTION ( 'NONE',  ( -0.000000000000000000, -0.000000000000000000, 1.000000000000000000 ) ) ;
#601 = CARTESIAN_POINT ( 'NONE',  ( 137.4999999999999432, -152.4999999999999432, 200.0000000000000000 ) ) ;
#602 = AXIS2_PLACEMENT_3D ( 'NONE', #1390, #17, #907 ) ;
#603 = LINE ( 'NONE', #1661, #2685 ) ;
#604 = VERTEX_POINT ( 'NONE', #140 ) ;
#605 = AXIS2_PLACEMENT_3D ( 'NONE', #2258, #943, #1426 ) ;
#606 = DIRECTION ( 'NONE',  ( -1.000000000000000000, 0.000000000000000000, -0.000000000000000000 ) ) ;
#607 = VERTEX_POINT ( 'NONE', #3323 ) ;
#608 = CYLINDRICAL_SURFACE ( 'NONE', #2544, 5.000000000000000888 ) ;
#609 = CARTESIAN_POINT ( 'NONE',  ( 85.00000000000000000, -80.00000000000000000, 0.000000000000000000 ) ) ;
#610 = EDGE_LOOP ( 'NONE', ( #1927, #2744, #424, #1450 ) ) ;
#611 = ORIENTED_EDGE ( 'NONE', *, *, #1099, .F. ) ;
#612 = AXIS2_PLACEMENT_3D ( 'NONE', #3417, #2355, #2932 ) ;
#613 = CARTESIAN_POINT ( 'NONE',  ( 85.00000000000000000, -80.00000000000000000, 10.00000000000000000 ) ) ;
#614 = VERTEX_POINT ( 'NONE', #1742 ) ;
#615 = EDGE_CURVE ( 'NONE', #657, #2045, #506, .T. ) ;
#616 = CARTESIAN_POINT ( 'NONE',  ( 152.4999999999999716, -137.4999999999999432, 10.00000000000000000 ) ) ;
#617 = VECTOR ( 'NONE', #3368, 1000.000000000000000 ) ;
#618 = EDGE_CURVE ( 'NONE', #3283, #2235, #2470, .T. ) ;
#619 = DIRECTION ( 'NONE',  ( 0.000000000000000000, 0.000000000000000000, -1.000000000000000000 ) ) ;
#620 = DIRECTION ( 'NONE',  ( -0.000000000000000000, -0.000000000000000000, 1.000000000000000000 ) ) ;
#621 = CARTESIAN_POINT ( 'NONE',  ( -152.4999999999999716, 137.4999999999999716, 10.00000000000000000 ) ) ;
#622 = FACE_BOUND ( 'NONE', #1125, .T. ) ;
#623 = ORIENTED_EDGE ( 'NONE', *, *, #913, .F. ) ;
#624 = CARTESIAN_POINT ( 'NONE',  ( -147.5000000000000000, 137.5000000000000000, 9.999999999999994671 ) ) ;
#625 = ORIENTED_EDGE ( 'NONE', *, *, #1591, .F. ) ;
#626 = EDGE_CURVE ( 'NONE', #827, #1421, #3367, .T. ) ;
#627 = EDGE_LOOP ( 'NONE', ( #1399, #2494, #176, #1289 ) ) ;
#628 = AXIS2_PLACEMENT_3D ( 'NONE', #2709, #553, #3214 ) ;
#629 = ORIENTED_EDGE ( 'NONE', *, *, #698, .F. ) ;
#630 = CARTESIAN_POINT ( 'NONE',  ( 0.000000000000000000, 0.000000000000000000, 210.0000000000000000 ) ) ;
#631 = EDGE_LOOP ( 'NONE', ( #2404, #1879, #1062, #1898 ) ) ;
#632 = DIRECTION ( 'NONE',  ( 1.000000000000000000, 0.000000000000000000, 0.000000000000000000 ) ) ;
#633 = EDGE_CURVE ( 'NONE', #1650, #807, #3105, .T. ) ;
#634 = CIRCLE ( 'NONE', #3128, 5.000000000000004441 ) ;
#635 = DIRECTION ( 'NONE',  ( 1.000000000000000000, 0.000000000000000000, 0.000000000000000000 ) ) ;
#636 = DIRECTION ( 'NONE',  ( 1.000000000000000000, 0.000000000000000000, 0.000000000000000000 ) ) ;
#637 = ADVANCED_FACE ( 'NONE', ( #203 ), #2368, .T. ) ;
#638 = DIRECTION ( 'NONE',  ( 1.000000000000000000, 0.000000000000000000, 0.000000000000000000 ) ) ;
#639 = AXIS2_PLACEMENT_3D ( 'NONE', #1866, #2649, #2930 ) ;
#640 = CARTESIAN_POINT ( 'NONE',  ( -15.00000000000000000, 0.000000000000000000, 20.00000000000000000 ) ) ;
#641 = VERTEX_POINT ( 'NONE', #463 ) ;
#642 = ORIENTED_EDGE ( 'NONE', *, *, #3007, .T. ) ;
#643 = ORIENTED_EDGE ( 'NONE', *, *, #496, .F. ) ;
#644 = EDGE_LOOP ( 'NONE', ( #2781, #14, #1073, #2634 ) ) ;
#645 = CARTESIAN_POINT ( 'NONE',  ( -147.4999999999999716, 137.5000000000000000, 190.0000000000000000 ) ) ;
#646 = DIRECTION ( 'NONE',  ( -1.000000000000000000, 1.009293658750142646E-16, -0.000000000000000000 ) ) ;
#647 = AXIS2_PLACEMENT_3D ( 'NONE', #1757, #1520, #959 ) ;
#648 = DIRECTION ( 'NONE',  ( 0.000000000000000000, 0.000000000000000000, 1.000000000000000000 ) ) ;
#649 = AXIS2_PLACEMENT_3D ( 'NONE', #2403, #551, #1607 ) ;
#650 = DIRECTION ( 'NONE',  ( -0.000000000000000000, -0.000000000000000000, 1.000000000000000000 ) ) ;
#651 = CIRCLE ( 'NONE', #2492, 5.000000000000004441 ) ;
#652 = LINE ( 'NONE', #392, #239 ) ;
#653 = CC_DESIGN_APPROVAL ( #2349, ( #2496 ) ) ;
#654 = CARTESIAN_POINT ( 'NONE',  ( 80.00000000000000000, -80.00000000000000000, 190.0000000000000000 ) ) ;
#655 = EDGE_CURVE ( 'NONE', #237, #1604, #1405, .T. ) ;
#656 = CARTESIAN_POINT ( 'NONE',  ( 0.000000000000000000, 0.000000000000000000, 190.0000000000000000 ) ) ;
#657 = VERTEX_POINT ( 'NONE', #746 ) ;
#658 = COORDINATED_UNIVERSAL_TIME_OFFSET ( 1, 0, .AHEAD. ) ;
#659 = ORIENTED_EDGE ( 'NONE', *, *, #2579, .F. ) ;
#660 = CIRCLE ( 'NONE', #1994, 15.00000000000000000 ) ;
#661 = VERTEX_POINT ( 'NONE', #2928 ) ;
#662 = ADVANCED_FACE ( 'NONE', ( #1523 ), #3414, .F. ) ;
#663 = ORIENTED_EDGE ( 'NONE', *, *, #934, .T. ) ;
#664 = CYLINDRICAL_SURFACE ( 'NONE', #933, 10.00000000000000888 ) ;
#665 = AXIS2_PLACEMENT_3D ( 'NONE', #788, #2621, #2099 ) ;
#666 = DIRECTION ( 'NONE',  ( 0.000000000000000000, 0.000000000000000000, 1.000000000000000000 ) ) ;
#667 = EDGE_CURVE ( 'NONE', #1889, #1465, #634, .T. ) ;
#668 = DIRECTION ( 'NONE',  ( -0.000000000000000000, -0.000000000000000000, 1.000000000000000000 ) ) ;
#669 = DIRECTION ( 'NONE',  ( -0.000000000000000000, -0.000000000000000000, 1.000000000000000000 ) ) ;
#670 = CARTESIAN_POINT ( 'NONE',  ( 5.000000000000000000, 25.00000000000000000, 190.0000000000000000 ) ) ;
#671 = DIRECTION ( 'NONE',  ( 1.000000000000000000, 0.000000000000000000, 0.000000000000000000 ) ) ;
#672 = EDGE_LOOP ( 'NONE', ( #2232, #2507, #3107, #61 ) ) ;
#673 = DATE_TIME_ROLE ( 'creation_date' ) ;
#674 = VERTEX_POINT ( 'NONE', #2582 ) ;
#675 = ORIENTED_EDGE ( 'NONE', *, *, #68, .F. ) ;
#676 = DIRECTION ( 'NONE',  ( 1.000000000000000000, 0.000000000000000000, 0.000000000000000000 ) ) ;
#677 = APPROVAL ( #122, 'UNSPECIFIED' ) ;
#678 = DIRECTION ( 'NONE',  ( -1.000000000000000000, 0.000000000000000000, 0.000000000000000000 ) ) ;
#679 = CYLINDRICAL_SURFACE ( 'NONE', #3003, 15.00000000000001421 ) ;
#680 = DIRECTION ( 'NONE',  ( -0.000000000000000000, -0.000000000000000000, 1.000000000000000000 ) ) ;
#681 = AXIS2_PLACEMENT_3D ( 'NONE', #3072, #1446, #2798 ) ;
#682 = CARTESIAN_POINT ( 'NONE',  ( 80.00000000000000000, 79.99999999999998579, 190.0000000000000000 ) ) ;
#683 = CARTESIAN_POINT ( 'NONE',  ( -15.00000000000000000, 0.000000000000000000, 200.0000000000000000 ) ) ;
#684 = ORIENTED_EDGE ( 'NONE', *, *, #501, .F. ) ;
#685 = PERSON_AND_ORGANIZATION_ROLE ( 'design_owner' ) ;
#686 = VECTOR ( 'NONE', #2777, 1000.000000000000000 ) ;
#687 = ORIENTED_EDGE ( 'NONE', *, *, #667, .F. ) ;
#688 = ORIENTED_EDGE ( 'NONE', *, *, #3155, .T. ) ;
#689 = EDGE_CURVE ( 'NONE', #607, #2527, #1618, .T. ) ;
#690 = AXIS2_PLACEMENT_3D ( 'NONE', #2381, #2117, #1076 ) ;
#691 = CARTESIAN_POINT ( 'NONE',  ( -80.00000000000001421, -80.00000000000000000, 610.0000000000000000 ) ) ;
#692 = EDGE_CURVE ( 'NONE', #3402, #2924, #2518, .T. ) ;
#693 = CC_DESIGN_PERSON_AND_ORGANIZATION_ASSIGNMENT ( #2231, #1479, ( #1279 ) ) ;
#694 = CARTESIAN_POINT ( 'NONE',  ( 15.00000000000000000, 1.836970198721029589E-15, 20.00000000000000000 ) ) ;
#695 = CYLINDRICAL_SURFACE ( 'NONE', #1612, 15.00000000000000000 ) ;
#696 = CIRCLE ( 'NONE', #922, 15.00000000000000000 ) ;
#697 = CARTESIAN_POINT ( 'NONE',  ( 137.4999999999999147, 137.5000000000000000, 190.0000000000000000 ) ) ;
#698 = EDGE_CURVE ( 'NONE', #1508, #2663, #1396, .T. ) ;
#699 = DIRECTION ( 'NONE',  ( -0.000000000000000000, -0.000000000000000000, 1.000000000000000000 ) ) ;
#700 = DIRECTION ( 'NONE',  ( 1.000000000000000000, -1.820037745287142411E-16, 0.000000000000000000 ) ) ;
#701 = VERTEX_POINT ( 'NONE', #515 ) ;
#702 = AXIS2_PLACEMENT_3D ( 'NONE', #1499, #2575, #3112 ) ;
#703 = EDGE_LOOP ( 'NONE', ( #884, #2952 ) ) ;
#704 = VERTEX_POINT ( 'NONE', #993 ) ;
#705 = DIRECTION ( 'NONE',  ( 1.000000000000000000, 0.000000000000000000, 0.000000000000000000 ) ) ;
#706 = LINE ( 'NONE', #985, #472 ) ;
#707 = LINE ( 'NONE', #2794, #3083 ) ;
#708 = VERTEX_POINT ( 'NONE', #2599 ) ;
#709 = ADVANCED_FACE ( 'NONE', ( #2629, #730 ), #1251, .T. ) ;
#710 = EDGE_CURVE ( 'NONE', #1463, #3312, #1006, .T. ) ;
#711 = VECTOR ( 'NONE', #865, 1000.000000000000000 ) ;
#712 = FACE_BOUND ( 'NONE', #1633, .T. ) ;
#713 = CARTESIAN_POINT ( 'NONE',  ( 137.5000000000000000, 152.5000000000000000, 200.0000000000000000 ) ) ;
#714 = AXIS2_PLACEMENT_3D ( 'NONE', #2110, #2881, #997 ) ;
#715 = LINE ( 'NONE', #1773, #711 ) ;
#716 = CARTESIAN_POINT ( 'NONE',  ( 74.99999999999998579, 79.99999999999998579, 600.0000000000000000 ) ) ;
#717 = CARTESIAN_POINT ( 'NONE',  ( -80.00000000000000000, -80.00000000000000000, 200.0000000000000000 ) ) ;
#718 = ORIENTED_EDGE ( 'NONE', *, *, #468, .T. ) ;
#719 = AXIS2_PLACEMENT_3D ( 'NONE', #793, #1060, #1859 ) ;
#720 = VERTEX_POINT ( 'NONE', #2646 ) ;
#721 = VERTEX_POINT ( 'NONE', #2071 ) ;
#722 = LINE ( 'NONE', #984, #417 ) ;
#723 = DIRECTION ( 'NONE',  ( 1.820037745287142411E-16, 1.000000000000000000, 0.000000000000000000 ) ) ;
#724 = EDGE_CURVE ( 'NONE', #3264, #3319, #905, .T. ) ;
#725 = FACE_OUTER_BOUND ( 'NONE', #2584, .T. ) ;
#726 = ORIENTED_EDGE ( 'NONE', *, *, #2431, .T. ) ;
#727 = DIRECTION ( 'NONE',  ( 0.000000000000000000, 0.000000000000000000, -1.000000000000000000 ) ) ;
#728 = CARTESIAN_POINT ( 'NONE',  ( -75.00000000000001421, 79.99999999999998579, 610.0000000000000000 ) ) ;
#729 = EDGE_CURVE ( 'NONE', #708, #2992, #1677, .T. ) ;
#730 = FACE_OUTER_BOUND ( 'NONE', #1477, .T. ) ;
#731 = CARTESIAN_POINT ( 'NONE',  ( 15.00000000000000000, 1.836970198721029589E-15, 200.0000000000000000 ) ) ;
#732 = ORIENTED_EDGE ( 'NONE', *, *, #1411, .F. ) ;
#733 = EDGE_CURVE ( 'NONE', #2525, #708, #765, .T. ) ;
#734 = DATE_AND_TIME ( #3357, #2545 ) ;
#735 = DIRECTION ( 'NONE',  ( 0.000000000000000000, 0.000000000000000000, -1.000000000000000000 ) ) ;
#736 = EDGE_LOOP ( 'NONE', ( #2028, #33, #253, #420, #2970, #1494, #2672, #409 ) ) ;
#737 = CARTESIAN_POINT ( 'NONE',  ( 79.99999999999998579, -80.00000000000000000, 600.0000000000000000 ) ) ;
#738 = CARTESIAN_POINT ( 'NONE',  ( 137.4999999999999716, -152.4999999999999432, 190.0000000000000000 ) ) ;
#739 = VECTOR ( 'NONE', #537, 1000.000000000000000 ) ;
#740 = VECTOR ( 'NONE', #947, 1000.000000000000000 ) ;
#741 = CIRCLE ( 'NONE', #1016, 5.000000000000004441 ) ;
#742 = CARTESIAN_POINT ( 'NONE',  ( -152.4999999999999716, 152.5000000000000284, 600.0000000000000000 ) ) ;
#743 = ORIENTED_EDGE ( 'NONE', *, *, #155, .T. ) ;
#744 = CARTESIAN_POINT ( 'NONE',  ( 0.000000000000000000, 0.000000000000000000, 210.0000000000000000 ) ) ;
#745 = CARTESIAN_POINT ( 'NONE',  ( -152.5000000000000568, -152.4999999999999432, 190.0000000000000000 ) ) ;
#746 = CARTESIAN_POINT ( 'NONE',  ( 137.4999999999999432, -152.4999999999999432, 10.00000000000000000 ) ) ;
#747 = DIRECTION ( 'NONE',  ( 0.000000000000000000, 0.000000000000000000, 1.000000000000000000 ) ) ;
#748 = CIRCLE ( 'NONE', #308, 10.00000000000000888 ) ;
#749 = CIRCLE ( 'NONE', #2827, 10.00000000000000888 ) ;
#750 = ADVANCED_FACE ( 'NONE', ( #218, #1008, #1064, #3191, #483, #796, #1539, #1023, #1826 ), #497, .T. ) ;
#751 = CC_DESIGN_PERSON_AND_ORGANIZATION_ASSIGNMENT ( #902, #1212, ( #25 ) ) ;
#752 = CYLINDRICAL_SURFACE ( 'NONE', #3009, 10.00000000000000888 ) ;
#753 = ORIENTED_EDGE ( 'NONE', *, *, #412, .T. ) ;
#754 = EDGE_LOOP ( 'NONE', ( #1115, #331 ) ) ;
#755 = DIRECTION ( 'NONE',  ( 1.000000000000000000, 0.000000000000000000, 0.000000000000000000 ) ) ;
#756 = DIRECTION ( 'NONE',  ( 1.000000000000000000, 0.000000000000000000, 0.000000000000000000 ) ) ;
#757 = AXIS2_PLACEMENT_3D ( 'NONE', #886, #1982, #382 ) ;
#758 = EDGE_CURVE ( 'NONE', #932, #1391, #1923, .T. ) ;
#759 = VECTOR ( 'NONE', #589, 1000.000000000000000 ) ;
#760 = DIRECTION ( 'NONE',  ( 0.000000000000000000, 0.000000000000000000, 1.000000000000000000 ) ) ;
#761 = ORIENTED_EDGE ( 'NONE', *, *, #2514, .F. ) ;
#762 = CARTESIAN_POINT ( 'NONE',  ( 147.4999999999999147, 137.4999999999999716, 190.0000000000000000 ) ) ;
#763 = DIRECTION ( 'NONE',  ( -0.000000000000000000, -0.000000000000000000, 1.000000000000000000 ) ) ;
#764 = EDGE_CURVE ( 'NONE', #366, #604, #2946, .T. ) ;
#765 = LINE ( 'NONE', #2056, #3121 ) ;
#766 = LINE ( 'NONE', #1024, #371 ) ;
#767 = AXIS2_PLACEMENT_3D ( 'NONE', #2670, #1526, #2149 ) ;
#768 = CARTESIAN_POINT ( 'NONE',  ( 137.5000000000000000, 137.4999999999999716, 10.00000000000000000 ) ) ;
#769 = VERTEX_POINT ( 'NONE', #3252 ) ;
#770 = VERTEX_POINT ( 'NONE', #835 ) ;
#771 = CARTESIAN_POINT ( 'NONE',  ( -7.500000000000000000, 9.184850993605147944E-16, 210.0000000000000000 ) ) ;
#772 = DIRECTION ( 'NONE',  ( 1.000000000000000000, 0.000000000000000000, 0.000000000000000000 ) ) ;
#773 = CARTESIAN_POINT ( 'NONE',  ( -152.5000000000000284, -152.4999999999999432, 200.0000000000000000 ) ) ;
#774 = ORIENTED_EDGE ( 'NONE', *, *, #3068, .F. ) ;
#775 = DIRECTION ( 'NONE',  ( 1.000000000000000000, 0.000000000000000000, 0.000000000000000000 ) ) ;
#776 = CARTESIAN_POINT ( 'NONE',  ( -137.4999999999999716, -147.4999999999999716, 9.999999999999994671 ) ) ;
#777 = VECTOR ( 'NONE', #619, 1000.000000000000000 ) ;
#778 = DIRECTION ( 'NONE',  ( 1.000000000000000000, 0.000000000000000000, 0.000000000000000000 ) ) ;
#779 = FACE_OUTER_BOUND ( 'NONE', #2437, .T. ) ;
#780 = CARTESIAN_POINT ( 'NONE',  ( 137.4999999999999432, -137.4999999999999432, 200.0000000000000000 ) ) ;
#781 = AXIS2_PLACEMENT_3D ( 'NONE', #1739, #1218, #958 ) ;
#782 = CARTESIAN_POINT ( 'NONE',  ( -137.4999999999999716, -137.4999999999999432, 180.0000000000000000 ) ) ;
#783 = ORIENTED_EDGE ( 'NONE', *, *, #1299, .T. ) ;
#784 = ORIENTED_EDGE ( 'NONE', *, *, #729, .T. ) ;
#785 = DIRECTION ( 'NONE',  ( 1.000000000000000000, 0.000000000000000000, 0.000000000000000000 ) ) ;
#786 = CARTESIAN_POINT ( 'NONE',  ( -6.123233995736760366E-16, 25.00000000000000000, 190.0000000000000000 ) ) ;
#787 = VECTOR ( 'NONE', #2042, 1000.000000000000000 ) ;
#788 = CARTESIAN_POINT ( 'NONE',  ( 137.5000000000000000, 137.4999999999999716, 10.00000000000000000 ) ) ;
#789 = DIRECTION ( 'NONE',  ( 0.000000000000000000, 0.000000000000000000, 1.000000000000000000 ) ) ;
#790 = EDGE_LOOP ( 'NONE', ( #1967, #2156 ) ) ;
#791 = DIRECTION ( 'NONE',  ( 0.000000000000000000, 0.000000000000000000, 1.000000000000000000 ) ) ;
#792 = EDGE_CURVE ( 'NONE', #1854, #2027, #2746, .T. ) ;
#793 = CARTESIAN_POINT ( 'NONE',  ( -137.4999999999999432, 137.4999999999999716, 10.00000000000000000 ) ) ;
#794 = CARTESIAN_POINT ( 'NONE',  ( -147.5000000000000000, -137.4999999999999432, 190.0000000000000000 ) ) ;
#795 = ORIENTED_EDGE ( 'NONE', *, *, #954, .F. ) ;
#796 = FACE_BOUND ( 'NONE', #36, .T. ) ;
#797 = DIRECTION ( 'NONE',  ( -0.000000000000000000, -0.000000000000000000, 1.000000000000000000 ) ) ;
#798 = DIRECTION ( 'NONE',  ( -0.000000000000000000, -0.000000000000000000, 1.000000000000000000 ) ) ;
#799 = PLANE ( 'NONE',  #767 ) ;
#800 = EDGE_LOOP ( 'NONE', ( #2294, #851, #1684, #1271 ) ) ;
#801 = ORIENTED_EDGE ( 'NONE', *, *, #3327, .T. ) ;
#802 = CIRCLE ( 'NONE', #2540, 15.00000000000000000 ) ;
#803 = DIRECTION ( 'NONE',  ( -0.000000000000000000, -0.000000000000000000, 1.000000000000000000 ) ) ;
#804 = DIRECTION ( 'NONE',  ( 1.000000000000000000, 0.000000000000000000, 0.000000000000000000 ) ) ;
#805 = VECTOR ( 'NONE', #2906, 1000.000000000000000 ) ;
#806 = VECTOR ( 'NONE', #581, 1000.000000000000000 ) ;
#807 = VERTEX_POINT ( 'NONE', #5 ) ;
#808 = CARTESIAN_POINT ( 'NONE',  ( -152.4999999999999716, 137.4999999999999716, 610.0000000000000000 ) ) ;
#809 = VECTOR ( 'NONE', #2674, 1000.000000000000000 ) ;
#810 = VERTEX_POINT ( 'NONE', #3271 ) ;
#811 = ORIENTED_EDGE ( 'NONE', *, *, #1718, .T. ) ;
#812 = LINE ( 'NONE', #1059, #989 ) ;
#813 = DIRECTION ( 'NONE',  ( -1.000000000000000000, 0.000000000000000000, 0.000000000000000000 ) ) ;
#814 = ORIENTED_EDGE ( 'NONE', *, *, #1572, .F. ) ;
#815 = ADVANCED_FACE ( 'NONE', ( #2965 ), #574, .F. ) ;
#816 = AXIS2_PLACEMENT_3D ( 'NONE', #2447, #352, #46 ) ;
#817 = DIRECTION ( 'NONE',  ( 0.000000000000000000, 0.000000000000000000, 1.000000000000000000 ) ) ;
#818 = DIRECTION ( 'NONE',  ( 0.000000000000000000, 0.000000000000000000, 1.000000000000000000 ) ) ;
#819 = CARTESIAN_POINT ( 'NONE',  ( -152.4999999999999716, 152.5000000000000284, 0.000000000000000000 ) ) ;
#820 = DIRECTION ( 'NONE',  ( 1.000000000000000000, 0.000000000000000000, 0.000000000000000000 ) ) ;
#821 = VERTEX_POINT ( 'NONE', #2664 ) ;
#822 = AXIS2_PLACEMENT_3D ( 'NONE', #584, #1912, #54 ) ;
#823 = ORIENTED_EDGE ( 'NONE', *, *, #667, .T. ) ;
#824 = DIRECTION ( 'NONE',  ( -0.000000000000000000, -0.000000000000000000, 1.000000000000000000 ) ) ;
#825 = DIRECTION ( 'NONE',  ( 1.000000000000000000, 0.000000000000000000, 0.000000000000000000 ) ) ;
#826 = VERTEX_POINT ( 'NONE', #878 ) ;
#827 = VERTEX_POINT ( 'NONE', #1394 ) ;
#828 = DIRECTION ( 'NONE',  ( 0.000000000000000000, 0.000000000000000000, 1.000000000000000000 ) ) ;
#829 = EDGE_CURVE ( 'NONE', #1069, #2706, #1960, .T. ) ;
#830 = ORIENTED_EDGE ( 'NONE', *, *, #3416, .F. ) ;
#831 = CIRCLE ( 'NONE', #719, 15.00000000000001421 ) ;
#832 = ORIENTED_EDGE ( 'NONE', *, *, #1305, .F. ) ;
#833 = DIRECTION ( 'NONE',  ( -0.000000000000000000, -0.000000000000000000, 1.000000000000000000 ) ) ;
#834 = ORIENTED_EDGE ( 'NONE', *, *, #1974, .T. ) ;
#835 = CARTESIAN_POINT ( 'NONE',  ( 137.4999999999999147, -147.4999999999999716, 190.0000000000000000 ) ) ;
#836 = DIRECTION ( 'NONE',  ( 0.000000000000000000, 0.000000000000000000, -1.000000000000000000 ) ) ;
#837 = ADVANCED_FACE ( 'NONE', ( #2686 ), #2464, .T. ) ;
#838 = PLANE ( 'NONE',  #125 ) ;
#839 = DIRECTION ( 'NONE',  ( -0.000000000000000000, -0.000000000000000000, -1.000000000000000000 ) ) ;
#840 = ORIENTED_EDGE ( 'NONE', *, *, #448, .F. ) ;
#841 = EDGE_CURVE ( 'NONE', #32, #237, #293, .T. ) ;
#842 = EDGE_CURVE ( 'NONE', #3392, #3034, #1063, .T. ) ;
#843 = ORIENTED_EDGE ( 'NONE', *, *, #1772, .T. ) ;
#844 = CYLINDRICAL_SURFACE ( 'NONE', #2770, 15.00000000000001421 ) ;
#845 = DIRECTION ( 'NONE',  ( 0.000000000000000000, 0.000000000000000000, 1.000000000000000000 ) ) ;
#846 = ORIENTED_EDGE ( 'NONE', *, *, #2236, .T. ) ;
#847 = EDGE_CURVE ( 'NONE', #2290, #2789, #1138, .T. ) ;
#848 = CARTESIAN_POINT ( 'NONE',  ( -137.4999999999999432, 137.4999999999999716, 200.0000000000000000 ) ) ;
#849 = ORIENTED_EDGE ( 'NONE', *, *, #1058, .T. ) ;
#850 = CARTESIAN_POINT ( 'NONE',  ( -147.4999999999999716, 137.5000000000000000, 200.0000000000000000 ) ) ;
#851 = ORIENTED_EDGE ( 'NONE', *, *, #262, .F. ) ;
#852 = ORIENTED_EDGE ( 'NONE', *, *, #2617, .T. ) ;
#853 = CARTESIAN_POINT ( 'NONE',  ( -85.00000000000001421, -80.00000000000000000, 600.0000000000000000 ) ) ;
#854 = ORIENTED_EDGE ( 'NONE', *, *, #2064, .F. ) ;
#855 = CIRCLE ( 'NONE', #1853, 10.00000000000000888 ) ;
#856 = CARTESIAN_POINT ( 'NONE',  ( -4.999999999999995559, -25.00000000000000000, 190.0000000000000000 ) ) ;
#857 = CYLINDRICAL_SURFACE ( 'NONE', #2708, 15.00000000000001421 ) ;
#858 = LINE ( 'NONE', #578, #266 ) ;
#859 = ORIENTED_EDGE ( 'NONE', *, *, #2864, .T. ) ;
#860 = LINE ( 'NONE', #436, #1946 ) ;
#861 = ORIENTED_EDGE ( 'NONE', *, *, #149, .F. ) ;
#862 = CARTESIAN_POINT ( 'NONE',  ( 137.5000000000000000, 152.5000000000000000, 10.00000000000000000 ) ) ;
#863 = CARTESIAN_POINT ( 'NONE',  ( 0.000000000000000000, 0.000000000000000000, 200.0000000000000000 ) ) ;
#864 = EDGE_CURVE ( 'NONE', #43, #3419, #1657, .T. ) ;
#865 = DIRECTION ( 'NONE',  ( -0.000000000000000000, -0.000000000000000000, 1.000000000000000000 ) ) ;
#866 = VERTEX_POINT ( 'NONE', #1674 ) ;
#867 = VECTOR ( 'NONE', #575, 1000.000000000000000 ) ;
#868 = EDGE_LOOP ( 'NONE', ( #2410, #1175 ) ) ;
#869 = ORIENTED_EDGE ( 'NONE', *, *, #541, .F. ) ;
#870 = CARTESIAN_POINT ( 'NONE',  ( -137.4999999999999716, -147.4999999999999716, 9.999999999999994671 ) ) ;
#871 = AXIS2_PLACEMENT_3D ( 'NONE', #1022, #495, #2365 ) ;
#872 = ADVANCED_FACE ( 'NONE', ( #3231 ), #1375, .F. ) ;
#873 = VECTOR ( 'NONE', #526, 1000.000000000000000 ) ;
#874 = ORIENTED_EDGE ( 'NONE', *, *, #1796, .F. ) ;
#875 = CARTESIAN_POINT ( 'NONE',  ( 137.5000000000000000, 152.5000000000000000, 0.000000000000000000 ) ) ;
#876 = ORIENTED_EDGE ( 'NONE', *, *, #3284, .T. ) ;
#877 = AXIS2_PLACEMENT_3D ( 'NONE', #2396, #3461, #1112 ) ;
#878 = CARTESIAN_POINT ( 'NONE',  ( 152.5000000000000000, 137.4999999999999716, 190.0000000000000000 ) ) ;
#879 = DIRECTION ( 'NONE',  ( 0.000000000000000000, 0.000000000000000000, 1.000000000000000000 ) ) ;
#880 = CIRCLE ( 'NONE', #2366, 5.000000000000004441 ) ;
#881 = EDGE_CURVE ( 'NONE', #810, #3426, #2184, .T. ) ;
#882 = CYLINDRICAL_SURFACE ( 'NONE', #2576, 10.00000000000000888 ) ;
#883 = DIRECTION ( 'NONE',  ( -1.000000000000000000, 9.100188726435709590E-17, -0.000000000000000000 ) ) ;
#884 = ORIENTED_EDGE ( 'NONE', *, *, #2186, .T. ) ;
#885 = FACE_OUTER_BOUND ( 'NONE', #893, .T. ) ;
#886 = CARTESIAN_POINT ( 'NONE',  ( 0.000000000000000000, 0.000000000000000000, 0.000000000000000000 ) ) ;
#887 = ORIENTED_EDGE ( 'NONE', *, *, #1738, .F. ) ;
#888 = ORIENTED_EDGE ( 'NONE', *, *, #2330, .F. ) ;
#889 = EDGE_LOOP ( 'NONE', ( #2456, #1339, #1100, #88 ) ) ;
#890 = EDGE_CURVE ( 'NONE', #3328, #826, #275, .T. ) ;
#891 = AXIS2_PLACEMENT_3D ( 'NONE', #1283, #1574, #1828 ) ;
#892 = DIRECTION ( 'NONE',  ( 0.000000000000000000, 0.000000000000000000, -1.000000000000000000 ) ) ;
#893 = EDGE_LOOP ( 'NONE', ( #2174, #1558, #396, #887 ) ) ;
#894 = CARTESIAN_POINT ( 'NONE',  ( -80.00000000000000000, -80.00000000000000000, 200.0000000000000000 ) ) ;
#895 = EDGE_CURVE ( 'NONE', #198, #3224, #2157, .T. ) ;
#896 = CARTESIAN_POINT ( 'NONE',  ( -137.5000000000000000, -152.4999999999999432, 10.00000000000000000 ) ) ;
#897 = CARTESIAN_POINT ( 'NONE',  ( -80.00000000000001421, -80.00000000000000000, 600.0000000000000000 ) ) ;
#898 = CARTESIAN_POINT ( 'NONE',  ( -152.5000000000000284, -152.4999999999999432, 0.000000000000000000 ) ) ;
#899 = CARTESIAN_POINT ( 'NONE',  ( 0.000000000000000000, 0.000000000000000000, 210.0000000000000000 ) ) ;
#900 = EDGE_LOOP ( 'NONE', ( #659, #391, #1683, #1178 ) ) ;
#901 = DIRECTION ( 'NONE',  ( 1.000000000000000000, 0.000000000000000000, 0.000000000000000000 ) ) ;
#902 = PERSON_AND_ORGANIZATION ( #1041, #1034 ) ;
#903 = VERTEX_POINT ( 'NONE', #1155 ) ;
#904 = ORIENTED_EDGE ( 'NONE', *, *, #2324, .F. ) ;
#905 = CIRCLE ( 'NONE', #2570, 5.000000000000004441 ) ;
#906 = ORIENTED_EDGE ( 'NONE', *, *, #1529, .F. ) ;
#907 = DIRECTION ( 'NONE',  ( 1.000000000000000000, 0.000000000000000000, 0.000000000000000000 ) ) ;
#908 = DIRECTION ( 'NONE',  ( 1.000000000000000000, 0.000000000000000000, 0.000000000000000000 ) ) ;
#909 = CARTESIAN_POINT ( 'NONE',  ( -137.5000000000000000, -152.4999999999999432, 600.0000000000000000 ) ) ;
#910 = EDGE_CURVE ( 'NONE', #826, #2774, #1103, .T. ) ;
#911 = CARTESIAN_POINT ( 'NONE',  ( 0.000000000000000000, 0.000000000000000000, 10.00000000000000000 ) ) ;
#912 = CARTESIAN_POINT ( 'NONE',  ( -127.4999999999999432, -137.4999999999999432, 190.0000000000000000 ) ) ;
#913 = EDGE_CURVE ( 'NONE', #126, #1463, #1589, .T. ) ;
#914 = DIRECTION ( 'NONE',  ( 0.000000000000000000, 0.000000000000000000, 1.000000000000000000 ) ) ;
#915 = CIRCLE ( 'NONE', #2860, 10.00000000000000888 ) ;
#916 = CARTESIAN_POINT ( 'NONE',  ( 137.5000000000000000, 137.4999999999999716, 200.0000000000000000 ) ) ;
#917 = ORIENTED_EDGE ( 'NONE', *, *, #246, .F. ) ;
#918 = COORDINATED_UNIVERSAL_TIME_OFFSET ( 1, 0, .AHEAD. ) ;
#919 = ORIENTED_EDGE ( 'NONE', *, *, #2361, .F. ) ;
#920 = ORIENTED_EDGE ( 'NONE', *, *, #1206, .T. ) ;
#921 = CARTESIAN_POINT ( 'NONE',  ( -127.4999999999999432, 137.5000000000000000, 0.000000000000000000 ) ) ;
#922 = AXIS2_PLACEMENT_3D ( 'NONE', #2687, #28, #1106 ) ;
#923 = DIRECTION ( 'NONE',  ( 1.000000000000000000, 0.000000000000000000, 0.000000000000000000 ) ) ;
#924 = DIRECTION ( 'NONE',  ( 1.000000000000000000, 0.000000000000000000, 0.000000000000000000 ) ) ;
#925 = ORIENTED_EDGE ( 'NONE', *, *, #895, .T. ) ;
#926 = DIRECTION ( 'NONE',  ( 1.000000000000000000, 0.000000000000000000, 0.000000000000000000 ) ) ;
#927 = EDGE_CURVE ( 'NONE', #1909, #3328, #2097, .T. ) ;
#928 = PRODUCT ( 'base_opt_Défaut_sldprt', 'base_opt_Défaut_sldprt', '', ( #1431 ) ) ;
#929 = CIRCLE ( 'NONE', #377, 5.000000000000000888 ) ;
#930 = CARTESIAN_POINT ( 'NONE',  ( -80.00000000000000000, 79.99999999999998579, 10.00000000000000000 ) ) ;
#931 = DIRECTION ( 'NONE',  ( 0.000000000000000000, 0.000000000000000000, -1.000000000000000000 ) ) ;
#932 = VERTEX_POINT ( 'NONE', #2515 ) ;
#933 = AXIS2_PLACEMENT_3D ( 'NONE', #3036, #1735, #399 ) ;
#934 = EDGE_CURVE ( 'NONE', #2093, #1430, #1259, .T. ) ;
#935 = DATE_AND_TIME ( #1449, #196 ) ;
#936 = ORIENTED_EDGE ( 'NONE', *, *, #633, .T. ) ;
#937 = ORIENTED_EDGE ( 'NONE', *, *, #2703, .T. ) ;
#938 = DIRECTION ( 'NONE',  ( 1.000000000000000000, -1.820037745287142411E-16, 0.000000000000000000 ) ) ;
#939 = VECTOR ( 'NONE', #505, 1000.000000000000000 ) ;
#940 = AXIS2_PLACEMENT_3D ( 'NONE', #157, #2041, #3086 ) ;
#941 = EDGE_CURVE ( 'NONE', #1430, #2093, #3220, .T. ) ;
#942 = DIRECTION ( 'NONE',  ( 1.000000000000000000, 0.000000000000000000, 0.000000000000000000 ) ) ;
#943 = DIRECTION ( 'NONE',  ( 0.000000000000000000, 0.000000000000000000, 1.000000000000000000 ) ) ;
#944 = FACE_OUTER_BOUND ( 'NONE', #2541, .T. ) ;
#945 = ADVANCED_FACE ( 'NONE', ( #1203 ), #2812, .F. ) ;
#946 = DIRECTION ( 'NONE',  ( -0.000000000000000000, -0.000000000000000000, 1.000000000000000000 ) ) ;
#947 = DIRECTION ( 'NONE',  ( -0.000000000000000000, -0.000000000000000000, 1.000000000000000000 ) ) ;
#948 = ORIENTED_EDGE ( 'NONE', *, *, #3063, .F. ) ;
#949 =( LENGTH_UNIT ( ) NAMED_UNIT ( * ) SI_UNIT ( .MILLI., .METRE. ) );
#950 = ADVANCED_FACE ( 'NONE', ( #374 ), #679, .T. ) ;
#951 = EDGE_LOOP ( 'NONE', ( #1575, #2757, #1715, #1374 ) ) ;
#952 = VERTEX_POINT ( 'NONE', #3365 ) ;
#953 = DIRECTION ( 'NONE',  ( 0.000000000000000000, 0.000000000000000000, 1.000000000000000000 ) ) ;
#954 = EDGE_CURVE ( 'NONE', #1196, #3268, #660, .T. ) ;
#955 = AXIS2_PLACEMENT_3D ( 'NONE', #1634, #1610, #64 ) ;
#956 = DIRECTION ( 'NONE',  ( -0.000000000000000000, -0.000000000000000000, 1.000000000000000000 ) ) ;
#957 = AXIS2_PLACEMENT_3D ( 'NONE', #134, #1976, #924 ) ;
#958 = DIRECTION ( 'NONE',  ( 1.000000000000000000, 0.000000000000000000, 0.000000000000000000 ) ) ;
#959 = DIRECTION ( 'NONE',  ( 1.000000000000000000, 0.000000000000000000, 0.000000000000000000 ) ) ;
#960 = VECTOR ( 'NONE', #1774, 1000.000000000000000 ) ;
#961 = DIRECTION ( 'NONE',  ( 1.000000000000000000, 0.000000000000000000, 0.000000000000000000 ) ) ;
#962 = CARTESIAN_POINT ( 'NONE',  ( -137.4999999999999432, -137.4999999999999432, 0.000000000000000000 ) ) ;
#963 = EDGE_LOOP ( 'NONE', ( #284, #611, #2945, #623 ) ) ;
#964 = EDGE_LOOP ( 'NONE', ( #1576, #998, #1663, #2836 ) ) ;
#965 = ORIENTED_EDGE ( 'NONE', *, *, #26, .F. ) ;
#966 = EDGE_CURVE ( 'NONE', #1630, #2290, #2438, .T. ) ;
#967 = AXIS2_PLACEMENT_3D ( 'NONE', #2593, #1261, #3129 ) ;
#968 = CARTESIAN_POINT ( 'NONE',  ( 152.4999999999999432, -137.4999999999999432, 190.0000000000000000 ) ) ;
#969 = ADVANCED_FACE ( 'NONE', ( #3304 ), #1725, .T. ) ;
#970 = CARTESIAN_POINT ( 'NONE',  ( -85.00000000000000000, 79.99999999999998579, 0.000000000000000000 ) ) ;
#971 = EDGE_CURVE ( 'NONE', #2290, #1630, #3073, .T. ) ;
#972 = DIRECTION ( 'NONE',  ( -1.000000000000000000, 0.000000000000000000, 0.000000000000000000 ) ) ;
#973 = AXIS2_PLACEMENT_3D ( 'NONE', #2108, #2369, #1611 ) ;
#974 = LINE ( 'NONE', #3116, #1249 ) ;
#975 = AXIS2_PLACEMENT_3D ( 'NONE', #1860, #1061, #813 ) ;
#976 = AXIS2_PLACEMENT_3D ( 'NONE', #2434, #281, #2193 ) ;
#977 = CARTESIAN_POINT ( 'NONE',  ( -15.00000000000000000, 0.000000000000000000, 210.0000000000000000 ) ) ;
#978 = LINE ( 'NONE', #1789, #2561 ) ;
#979 = ORIENTED_EDGE ( 'NONE', *, *, #406, .T. ) ;
#980 = ADVANCED_FACE ( 'NONE', ( #2549 ), #3352, .F. ) ;
#981 = CIRCLE ( 'NONE', #1254, 10.00000000000000888 ) ;
#982 = EDGE_LOOP ( 'NONE', ( #2717, #1357, #1326, #2450 ) ) ;
#983 = ORIENTED_EDGE ( 'NONE', *, *, #387, .F. ) ;
#984 = CARTESIAN_POINT ( 'NONE',  ( 137.5000000000000000, 152.5000000000000000, 10.00000000000000000 ) ) ;
#985 = CARTESIAN_POINT ( 'NONE',  ( -127.4999999999999432, -137.4999999999999432, 0.000000000000000000 ) ) ;
#986 = ADVANCED_FACE ( 'NONE', ( #2795 ), #2008, .F. ) ;
#987 = DIRECTION ( 'NONE',  ( 1.000000000000000000, 0.000000000000000000, 0.000000000000000000 ) ) ;
#988 = ORIENTED_EDGE ( 'NONE', *, *, #692, .F. ) ;
#989 = VECTOR ( 'NONE', #3207, 1000.000000000000000 ) ;
#990 = EDGE_CURVE ( 'NONE', #2902, #2706, #2763, .T. ) ;
#991 = CARTESIAN_POINT ( 'NONE',  ( 137.4999999999999147, 147.5000000000000000, 9.999999999999994671 ) ) ;
#992 = DIRECTION ( 'NONE',  ( -1.000000000000000000, 0.000000000000000000, 0.000000000000000000 ) ) ;
#993 = CARTESIAN_POINT ( 'NONE',  ( -5.000000000000001776, 25.00000000000000000, 190.0000000000000000 ) ) ;
#994 = CARTESIAN_POINT ( 'NONE',  ( 137.5000000000000000, 152.5000000000000000, 600.0000000000000000 ) ) ;
#995 = ORIENTED_EDGE ( 'NONE', *, *, #2668, .F. ) ;
#996 = AXIS2_PLACEMENT_3D ( 'NONE', #1839, #727, #250 ) ;
#997 = DIRECTION ( 'NONE',  ( 1.000000000000000000, 0.000000000000000000, 0.000000000000000000 ) ) ;
#998 = ORIENTED_EDGE ( 'NONE', *, *, #1858, .F. ) ;
#999 = ORIENTED_EDGE ( 'NONE', *, *, #1862, .F. ) ;
#1000 = CARTESIAN_POINT ( 'NONE',  ( 137.4999999999999432, 137.4999999999999716, 0.000000000000000000 ) ) ;
#1001 = DIRECTION ( 'NONE',  ( 0.000000000000000000, 0.000000000000000000, -1.000000000000000000 ) ) ;
#1002 = CYLINDRICAL_SURFACE ( 'NONE', #1017, 10.00000000000000888 ) ;
#1003 = ORIENTED_EDGE ( 'NONE', *, *, #1959, .T. ) ;
#1004 = CARTESIAN_POINT ( 'NONE',  ( 147.4999999999999716, 137.4999999999999716, 10.00000000000000000 ) ) ;
#1005 = LINE ( 'NONE', #2347, #1288 ) ;
#1006 = CIRCLE ( 'NONE', #3458, 15.00000000000000000 ) ;
#1007 = EDGE_CURVE ( 'NONE', #674, #3266, #1442, .T. ) ;
#1008 = FACE_BOUND ( 'NONE', #2317, .T. ) ;
#1009 = LINE ( 'NONE', #3342, #117 ) ;
#1010 = AXIS2_PLACEMENT_3D ( 'NONE', #654, #1221, #1460 ) ;
#1011 = LINE ( 'NONE', #2602, #325 ) ;
#1012 = ORIENTED_EDGE ( 'NONE', *, *, #262, .T. ) ;
#1013 = VERTEX_POINT ( 'NONE', #2534 ) ;
#1014 = DIRECTION ( 'NONE',  ( 1.000000000000000000, 0.000000000000000000, 0.000000000000000000 ) ) ;
#1015 = DIRECTION ( 'NONE',  ( -1.000000000000000000, 0.000000000000000000, 0.000000000000000000 ) ) ;
#1016 = AXIS2_PLACEMENT_3D ( 'NONE', #894, #369, #97 ) ;
#1017 = AXIS2_PLACEMENT_3D ( 'NONE', #1018, #458, #2360 ) ;
#1018 = CARTESIAN_POINT ( 'NONE',  ( 137.4999999999999432, 137.4999999999999716, 190.0000000000000000 ) ) ;
#1019 = EDGE_CURVE ( 'NONE', #2897, #2015, #1966, .T. ) ;
#1020 = ORIENTED_EDGE ( 'NONE', *, *, #2445, .T. ) ;
#1021 = FACE_BOUND ( 'NONE', #3298, .T. ) ;
#1022 = CARTESIAN_POINT ( 'NONE',  ( 137.5000000000000000, 137.4999999999999716, 610.0000000000000000 ) ) ;
#1023 = FACE_BOUND ( 'NONE', #2341, .T. ) ;
#1024 = CARTESIAN_POINT ( 'NONE',  ( 84.99999999999998579, -80.00000000000000000, 600.0000000000000000 ) ) ;
#1025 = EDGE_CURVE ( 'NONE', #1878, #720, #348, .T. ) ;
#1026 = VECTOR ( 'NONE', #797, 1000.000000000000000 ) ;
#1027 = CIRCLE ( 'NONE', #1469, 5.000000000000004441 ) ;
#1028 = CARTESIAN_POINT ( 'NONE',  ( 7.500000000000000000, 0.000000000000000000, 210.0000000000000000 ) ) ;
#1029 = ORIENTED_EDGE ( 'NONE', *, *, #1495, .F. ) ;
#1030 = ORIENTED_EDGE ( 'NONE', *, *, #1515, .T. ) ;
#1031 = AXIS2_PLACEMENT_3D ( 'NONE', #1051, #2885, #755 ) ;
#1032 = LINE ( 'NONE', #624, #3148 ) ;
#1033 = CARTESIAN_POINT ( 'NONE',  ( 80.00000000000000000, -80.00000000000000000, 190.0000000000000000 ) ) ;
#1034 = ORGANIZATION ( 'UNSPECIFIED', 'UNSPECIFIED', '' ) ;
#1035 = CARTESIAN_POINT ( 'NONE',  ( -2.775557561562891351E-14, -6.938893903907228378E-15, 190.0000000000000000 ) ) ;
#1036 = AXIS2_PLACEMENT_3D ( 'NONE', #1131, #3265, #705 ) ;
#1037 = DIRECTION ( 'NONE',  ( 0.000000000000000000, 0.000000000000000000, 1.000000000000000000 ) ) ;
#1038 = ORIENTED_EDGE ( 'NONE', *, *, #1796, .T. ) ;
#1039 = FACE_BOUND ( 'NONE', #1382, .T. ) ;
#1040 = DIRECTION ( 'NONE',  ( 1.000000000000000000, 0.000000000000000000, 0.000000000000000000 ) ) ;
#1041 = PERSON ( 'UNSPECIFIED', 'UNSPECIFIED', 'UNSPECIFIED', ('UNSPECIFIED'), ('UNSPECIFIED'), ('UNSPECIFIED') ) ;
#1042 = VECTOR ( 'NONE', #1327, 1000.000000000000000 ) ;
#1043 = DIRECTION ( 'NONE',  ( 0.000000000000000000, 0.000000000000000000, 1.000000000000000000 ) ) ;
#1044 = DIRECTION ( 'NONE',  ( -1.820037745287142165E-16, -1.000000000000000000, -0.000000000000000000 ) ) ;
#1045 = AXIS2_PLACEMENT_3D ( 'NONE', #486, #3123, #469 ) ;
#1046 = DIRECTION ( 'NONE',  ( -1.820037745287142658E-16, -1.000000000000000000, 0.000000000000000000 ) ) ;
#1047 = ADVANCED_FACE ( 'NONE', ( #167 ), #695, .T. ) ;
#1048 = FACE_BOUND ( 'NONE', #2978, .T. ) ;
#1049 = ORIENTED_EDGE ( 'NONE', *, *, #387, .T. ) ;
#1050 = ORIENTED_EDGE ( 'NONE', *, *, #76, .T. ) ;
#1051 = CARTESIAN_POINT ( 'NONE',  ( -137.4999999999999432, -137.4999999999999432, 190.0000000000000000 ) ) ;
#1052 = LINE ( 'NONE', #2590, #375 ) ;
#1053 = ADVANCED_FACE ( 'NONE', ( #2301 ), #494, .T. ) ;
#1054 = FACE_OUTER_BOUND ( 'NONE', #10, .T. ) ;
#1055 = CARTESIAN_POINT ( 'NONE',  ( -85.00000000000000000, -80.00000000000000000, 190.0000000000000000 ) ) ;
#1056 = DIRECTION ( 'NONE',  ( 0.000000000000000000, 0.000000000000000000, 1.000000000000000000 ) ) ;
#1057 = VERTEX_POINT ( 'NONE', #2640 ) ;
#1058 = EDGE_CURVE ( 'NONE', #821, #2012, #123, .T. ) ;
#1059 = CARTESIAN_POINT ( 'NONE',  ( -15.00000000000000000, 0.000000000000000000, 20.00000000000000000 ) ) ;
#1060 = DIRECTION ( 'NONE',  ( -0.000000000000000000, -0.000000000000000000, 1.000000000000000000 ) ) ;
#1061 = DIRECTION ( 'NONE',  ( 0.000000000000000000, 0.000000000000000000, -1.000000000000000000 ) ) ;
#1062 = ORIENTED_EDGE ( 'NONE', *, *, #3381, .T. ) ;
#1063 = CIRCLE ( 'NONE', #3023, 5.000000000000004441 ) ;
#1064 = FACE_BOUND ( 'NONE', #2137, .T. ) ;
#1065 = DIRECTION ( 'NONE',  ( 0.000000000000000000, 0.000000000000000000, 1.000000000000000000 ) ) ;
#1066 = FACE_OUTER_BOUND ( 'NONE', #2516, .T. ) ;
#1067 = DIRECTION ( 'NONE',  ( 0.000000000000000000, -0.000000000000000000, 1.000000000000000000 ) ) ;
#1068 = ORIENTED_EDGE ( 'NONE', *, *, #1432, .F. ) ;
#1069 = VERTEX_POINT ( 'NONE', #2318 ) ;
#1070 = DIRECTION ( 'NONE',  ( 1.000000000000000000, 0.000000000000000000, 0.000000000000000000 ) ) ;
#1071 = DIRECTION ( 'NONE',  ( 1.000000000000000000, 0.000000000000000000, 0.000000000000000000 ) ) ;
#1072 = PLANE ( 'NONE',  #2883 ) ;
#1073 = ORIENTED_EDGE ( 'NONE', *, *, #3397, .F. ) ;
#1074 = VERTEX_POINT ( 'NONE', #3379 ) ;
#1075 = EDGE_CURVE ( 'NONE', #827, #3308, #2807, .T. ) ;
#1076 = DIRECTION ( 'NONE',  ( 1.000000000000000000, 0.000000000000000000, 0.000000000000000000 ) ) ;
#1077 = ORIENTED_EDGE ( 'NONE', *, *, #2440, .F. ) ;
#1078 = VERTEX_POINT ( 'NONE', #1004 ) ;
#1079 = DIRECTION ( 'NONE',  ( -0.000000000000000000, -0.000000000000000000, 1.000000000000000000 ) ) ;
#1080 = VECTOR ( 'NONE', #3454, 1000.000000000000000 ) ;
#1081 = DIRECTION ( 'NONE',  ( -1.820037745287142165E-16, -1.000000000000000000, -0.000000000000000000 ) ) ;
#1082 = ORIENTED_EDGE ( 'NONE', *, *, #3166, .T. ) ;
#1083 = DIRECTION ( 'NONE',  ( -0.000000000000000000, -0.000000000000000000, 1.000000000000000000 ) ) ;
#1084 = CARTESIAN_POINT ( 'NONE',  ( 84.99999999999998579, 79.99999999999998579, 610.0000000000000000 ) ) ;
#1085 = FACE_OUTER_BOUND ( 'NONE', #1720, .T. ) ;
#1086 = DIRECTION ( 'NONE',  ( -1.000000000000000000, 9.100188726435709590E-17, -0.000000000000000000 ) ) ;
#1087 = VERTEX_POINT ( 'NONE', #1263 ) ;
#1088 = EDGE_CURVE ( 'NONE', #1451, #1386, #3408, .T. ) ;
#1089 = EDGE_LOOP ( 'NONE', ( #1893, #761 ) ) ;
#1090 = AXIS2_PLACEMENT_3D ( 'NONE', #186, #2321, #3432 ) ;
#1091 = CARTESIAN_POINT ( 'NONE',  ( -137.5000000000000000, 137.4999999999999716, 190.0000000000000000 ) ) ;
#1092 = CARTESIAN_POINT ( 'NONE',  ( -152.5000000000000284, -152.4999999999999432, 190.0000000000000000 ) ) ;
#1093 = AXIS2_PLACEMENT_3D ( 'NONE', #1264, #3169, #1040 ) ;
#1094 = EDGE_LOOP ( 'NONE', ( #2857, #1512, #2132, #3457 ) ) ;
#1095 = AXIS2_PLACEMENT_3D ( 'NONE', #2718, #12, #2453 ) ;
#1096 = ORIENTED_EDGE ( 'NONE', *, *, #3234, .F. ) ;
#1097 = CARTESIAN_POINT ( 'NONE',  ( 152.4999999999999716, -152.4999999999999432, 10.00000000000000000 ) ) ;
#1098 = ORIENTED_EDGE ( 'NONE', *, *, #1181, .F. ) ;
#1099 = EDGE_CURVE ( 'NONE', #3312, #1687, #3115, .T. ) ;
#1100 = ORIENTED_EDGE ( 'NONE', *, *, #1121, .T. ) ;
#1101 = CARTESIAN_POINT ( 'NONE',  ( -85.00000000000000000, 79.99999999999998579, 0.000000000000000000 ) ) ;
#1102 = ORIENTED_EDGE ( 'NONE', *, *, #971, .F. ) ;
#1103 = CIRCLE ( 'NONE', #533, 15.00000000000000000 ) ;
#1104 = EDGE_CURVE ( 'NONE', #2934, #2951, #2689, .T. ) ;
#1105 = DIRECTION ( 'NONE',  ( -1.000000000000000000, 0.000000000000000000, -0.000000000000000000 ) ) ;
#1106 = DIRECTION ( 'NONE',  ( -1.000000000000000000, 0.000000000000000000, 0.000000000000000000 ) ) ;
#1107 = DIRECTION ( 'NONE',  ( -0.000000000000000000, -0.000000000000000000, 1.000000000000000000 ) ) ;
#1108 = DIRECTION ( 'NONE',  ( 1.000000000000000000, 0.000000000000000000, 0.000000000000000000 ) ) ;
#1109 = ORIENTED_EDGE ( 'NONE', *, *, #2568, .F. ) ;
#1110 = VERTEX_POINT ( 'NONE', #762 ) ;
#1111 = CARTESIAN_POINT ( 'NONE',  ( 152.4999999999999716, -137.4999999999999432, 610.0000000000000000 ) ) ;
#1112 = DIRECTION ( 'NONE',  ( -1.000000000000000000, 0.000000000000000000, 0.000000000000000000 ) ) ;
#1113 = ORIENTED_EDGE ( 'NONE', *, *, #2348, .F. ) ;
#1114 = CYLINDRICAL_SURFACE ( 'NONE', #1210, 10.00000000000000888 ) ;
#1115 = ORIENTED_EDGE ( 'NONE', *, *, #3098, .F. ) ;
#1116 = ORIENTED_EDGE ( 'NONE', *, *, #633, .F. ) ;
#1117 = CARTESIAN_POINT ( 'NONE',  ( -137.4999999999999716, -147.4999999999999716, 9.999999999999994671 ) ) ;
#1118 = ORIENTED_EDGE ( 'NONE', *, *, #1772, .F. ) ;
#1119 = DIRECTION ( 'NONE',  ( 1.000000000000000000, 0.000000000000000000, 0.000000000000000000 ) ) ;
#1120 = CARTESIAN_POINT ( 'NONE',  ( -147.4999999999999716, -137.4999999999999432, 0.000000000000000000 ) ) ;
#1121 = EDGE_CURVE ( 'NONE', #3419, #43, #571, .T. ) ;
#1122 = PLANE ( 'NONE',  #1380 ) ;
#1123 = ORIENTED_EDGE ( 'NONE', *, *, #3137, .F. ) ;
#1124 = CARTESIAN_POINT ( 'NONE',  ( -75.00000000000000000, -80.00000000000000000, 0.000000000000000000 ) ) ;
#1125 = EDGE_LOOP ( 'NONE', ( #452, #1919 ) ) ;
#1126 = FACE_OUTER_BOUND ( 'NONE', #3456, .T. ) ;
#1127 = CARTESIAN_POINT ( 'NONE',  ( 137.5000000000000000, 152.5000000000000000, 610.0000000000000000 ) ) ;
#1128 = PLANE ( 'NONE',  #822 ) ;
#1129 = ORIENTED_EDGE ( 'NONE', *, *, #1099, .T. ) ;
#1130 = ORIENTED_EDGE ( 'NONE', *, *, #2975, .F. ) ;
#1131 = CARTESIAN_POINT ( 'NONE',  ( -80.00000000000001421, 79.99999999999998579, 600.0000000000000000 ) ) ;
#1132 = VECTOR ( 'NONE', #403, 1000.000000000000000 ) ;
#1133 = VERTEX_POINT ( 'NONE', #1564 ) ;
#1134 = CARTESIAN_POINT ( 'NONE',  ( -152.5000000000000284, -152.4999999999999432, 200.0000000000000000 ) ) ;
#1135 = ORIENTED_EDGE ( 'NONE', *, *, #2353, .F. ) ;
#1136 = EDGE_CURVE ( 'NONE', #2676, #2382, #2968, .T. ) ;
#1137 = VECTOR ( 'NONE', #291, 1000.000000000000000 ) ;
#1138 = LINE ( 'NONE', #2206, #1334 ) ;
#1139 = DIRECTION ( 'NONE',  ( 0.000000000000000000, 0.000000000000000000, 1.000000000000000000 ) ) ;
#1140 = EDGE_CURVE ( 'NONE', #2307, #701, #3448, .T. ) ;
#1141 = DIRECTION ( 'NONE',  ( 1.000000000000000000, 0.000000000000000000, 0.000000000000000000 ) ) ;
#1142 = CARTESIAN_POINT ( 'NONE',  ( 137.4999999999999432, 137.4999999999999716, 200.0000000000000000 ) ) ;
#1143 = EDGE_LOOP ( 'NONE', ( #2216, #298 ) ) ;
#1144 = DIRECTION ( 'NONE',  ( -1.000000000000000000, 0.000000000000000000, 0.000000000000000000 ) ) ;
#1145 = DIRECTION ( 'NONE',  ( -0.000000000000000000, -0.000000000000000000, 1.000000000000000000 ) ) ;
#1146 = ORIENTED_EDGE ( 'NONE', *, *, #360, .T. ) ;
#1147 = ADVANCED_FACE ( 'NONE', ( #2104, #1039, #712, #1824, #3167, #2875, #1770, #2842, #2580, #481, #1021, #1537 ), #1551, .F. ) ;
#1148 = CIRCLE ( 'NONE', #2591, 10.00000000000000888 ) ;
#1149 = VERTEX_POINT ( 'NONE', #1277 ) ;
#1150 = DIRECTION ( 'NONE',  ( 1.820037745287142165E-16, 1.000000000000000000, 0.000000000000000000 ) ) ;
#1151 = VECTOR ( 'NONE', #1489, 1000.000000000000000 ) ;
#1152 = ORIENTED_EDGE ( 'NONE', *, *, #3078, .F. ) ;
#1153 = LINE ( 'NONE', #1117, #295 ) ;
#1154 = CIRCLE ( 'NONE', #3326, 5.000000000000004441 ) ;
#1155 = CARTESIAN_POINT ( 'NONE',  ( -85.00000000000000000, -80.00000000000000000, 200.0000000000000000 ) ) ;
#1156 = CARTESIAN_POINT ( 'NONE',  ( 7.500000000000000000, 0.000000000000000000, 190.0000000000000000 ) ) ;
#1157 = DIRECTION ( 'NONE',  ( 1.000000000000000000, 0.000000000000000000, 0.000000000000000000 ) ) ;
#1158 = FACE_OUTER_BOUND ( 'NONE', #1496, .T. ) ;
#1159 = ORIENTED_EDGE ( 'NONE', *, *, #2767, .T. ) ;
#1160 = CARTESIAN_POINT ( 'NONE',  ( -80.00000000000001421, -80.00000000000000000, 600.0000000000000000 ) ) ;
#1161 = ORIENTED_EDGE ( 'NONE', *, *, #1676, .F. ) ;
#1162 = ORIENTED_EDGE ( 'NONE', *, *, #2186, .F. ) ;
#1163 = ORIENTED_EDGE ( 'NONE', *, *, #626, .F. ) ;
#1164 = CIRCLE ( 'NONE', #2103, 7.500000000000000000 ) ;
#1165 = ADVANCED_FACE ( 'NONE', ( #2905 ), #2346, .F. ) ;
#1166 = CARTESIAN_POINT ( 'NONE',  ( -137.4999999999999432, 152.5000000000000284, 10.00000000000000000 ) ) ;
#1167 = CARTESIAN_POINT ( 'NONE',  ( 80.00000000000000000, 79.99999999999998579, 10.00000000000000000 ) ) ;
#1168 = CARTESIAN_POINT ( 'NONE',  ( -127.4999999999999432, 137.5000000000000000, 200.0000000000000000 ) ) ;
#1169 = EDGE_CURVE ( 'NONE', #471, #2863, #1785, .T. ) ;
#1170 = AXIS2_PLACEMENT_3D ( 'NONE', #916, #3061, #1662 ) ;
#1171 = DIRECTION ( 'NONE',  ( -1.000000000000000000, 0.000000000000000000, 0.000000000000000000 ) ) ;
#1172 = DIRECTION ( 'NONE',  ( -0.000000000000000000, -0.000000000000000000, 1.000000000000000000 ) ) ;
#1173 = CARTESIAN_POINT ( 'NONE',  ( 75.00000000000000000, 79.99999999999998579, 0.000000000000000000 ) ) ;
#1174 = CARTESIAN_POINT ( 'NONE',  ( -152.5000000000000568, -152.4999999999999432, 9.999999999999994671 ) ) ;
#1175 = ORIENTED_EDGE ( 'NONE', *, *, #1696, .F. ) ;
#1176 = COORDINATED_UNIVERSAL_TIME_OFFSET ( 1, 0, .AHEAD. ) ;
#1177 = ORIENTED_EDGE ( 'NONE', *, *, #2551, .F. ) ;
#1178 = ORIENTED_EDGE ( 'NONE', *, *, #1790, .T. ) ;
#1179 = AXIS2_PLACEMENT_3D ( 'NONE', #2908, #1808, #2893 ) ;
#1180 = DIRECTION ( 'NONE',  ( 1.000000000000000000, 0.000000000000000000, 0.000000000000000000 ) ) ;
#1181 = EDGE_CURVE ( 'NONE', #1623, #657, #2858, .T. ) ;
#1182 = EDGE_CURVE ( 'NONE', #2924, #2573, #2597, .T. ) ;
#1183 = AXIS2_PLACEMENT_3D ( 'NONE', #930, #1713, #961 ) ;
#1184 = CARTESIAN_POINT ( 'NONE',  ( -85.00000000000000000, 79.99999999999998579, 200.0000000000000000 ) ) ;
#1185 = CARTESIAN_POINT ( 'NONE',  ( 137.4999999999999432, -137.4999999999999432, 0.000000000000000000 ) ) ;
#1186 = VERTEX_POINT ( 'NONE', #2120 ) ;
#1187 = DIRECTION ( 'NONE',  ( -1.000000000000000000, 0.000000000000000000, 0.000000000000000000 ) ) ;
#1188 = VECTOR ( 'NONE', #1688, 1000.000000000000000 ) ;
#1189 = FACE_OUTER_BOUND ( 'NONE', #385, .T. ) ;
#1190 = AXIS2_PLACEMENT_3D ( 'NONE', #1310, #1516, #269 ) ;
#1191 = CYLINDRICAL_SURFACE ( 'NONE', #2723, 15.00000000000000000 ) ;
#1192 = ORIENTED_EDGE ( 'NONE', *, *, #3189, .T. ) ;
#1193 = CALENDAR_DATE ( 2020, 29, 11 ) ;
#1194 = ORIENTED_EDGE ( 'NONE', *, *, #692, .T. ) ;
#1195 = EDGE_CURVE ( 'NONE', #2693, #366, #831, .T. ) ;
#1196 = VERTEX_POINT ( 'NONE', #2504 ) ;
#1197 = DIRECTION ( 'NONE',  ( -0.000000000000000000, -0.000000000000000000, 1.000000000000000000 ) ) ;
#1198 = AXIS2_PLACEMENT_3D ( 'NONE', #2425, #276, #2630 ) ;
#1199 = CARTESIAN_POINT ( 'NONE',  ( -7.500000000000000000, 9.184850993605147944E-16, 10.00000000000000000 ) ) ;
#1200 = AXIS2_PLACEMENT_3D ( 'NONE', #3332, #2837, #147 ) ;
#1201 = VECTOR ( 'NONE', #1447, 1000.000000000000000 ) ;
#1202 = EDGE_CURVE ( 'NONE', #1909, #2663, #1997, .T. ) ;
#1203 = FACE_OUTER_BOUND ( 'NONE', #2986, .T. ) ;
#1204 = VECTOR ( 'NONE', #1532, 1000.000000000000000 ) ;
#1205 = LINE ( 'NONE', #184, #3270 ) ;
#1206 = EDGE_CURVE ( 'NONE', #444, #3450, #2666, .T. ) ;
#1207 = PLANE ( 'NONE',  #225 ) ;
#1208 = FACE_OUTER_BOUND ( 'NONE', #889, .T. ) ;
#1209 = ORIENTED_EDGE ( 'NONE', *, *, #1835, .T. ) ;
#1210 = AXIS2_PLACEMENT_3D ( 'NONE', #3020, #1626, #2418 ) ;
#1211 = ADVANCED_FACE ( 'NONE', ( #1928 ), #358, .T. ) ;
#1212 = PERSON_AND_ORGANIZATION_ROLE ( 'design_supplier' ) ;
#1213 = ORIENTED_EDGE ( 'NONE', *, *, #3162, .F. ) ;
#1214 = ORIENTED_EDGE ( 'NONE', *, *, #2070, .T. ) ;
#1215 = FACE_OUTER_BOUND ( 'NONE', #3228, .T. ) ;
#1216 = CIRCLE ( 'NONE', #3161, 10.00000000000000888 ) ;
#1217 = DIRECTION ( 'NONE',  ( -2.018587317500285784E-16, 1.000000000000000000, 0.000000000000000000 ) ) ;
#1218 = DIRECTION ( 'NONE',  ( 0.000000000000000000, 0.000000000000000000, 1.000000000000000000 ) ) ;
#1219 = LINE ( 'NONE', #3338, #1151 ) ;
#1220 = CARTESIAN_POINT ( 'NONE',  ( -152.4999999999999716, 137.4999999999999716, 200.0000000000000000 ) ) ;
#1221 = DIRECTION ( 'NONE',  ( 0.000000000000000000, 0.000000000000000000, 1.000000000000000000 ) ) ;
#1222 = ADVANCED_FACE ( 'NONE', ( #341, #1950, #3045, #3013, #1980, #622, #2716, #3307, #2993, #2752, #2228, #3276 ), #2245, .T. ) ;
#1223 = FACE_OUTER_BOUND ( 'NONE', #142, .T. ) ;
#1224 = EDGE_CURVE ( 'NONE', #3030, #2002, #467, .T. ) ;
#1225 = ORIENTED_EDGE ( 'NONE', *, *, #1458, .T. ) ;
#1226 = ORIENTED_EDGE ( 'NONE', *, *, #1692, .T. ) ;
#1227 = CARTESIAN_POINT ( 'NONE',  ( 137.4999999999999432, -137.4999999999999432, 190.0000000000000000 ) ) ;
#1228 = DIRECTION ( 'NONE',  ( -0.000000000000000000, -0.000000000000000000, 1.000000000000000000 ) ) ;
#1229 = AXIS2_PLACEMENT_3D ( 'NONE', #3056, #390, #401 ) ;
#1230 = EDGE_CURVE ( 'NONE', #2639, #3158, #1398, .T. ) ;
#1231 = DIRECTION ( 'NONE',  ( -1.000000000000000000, 0.000000000000000000, 0.000000000000000000 ) ) ;
#1232 = DIRECTION ( 'NONE',  ( 1.000000000000000000, 0.000000000000000000, 0.000000000000000000 ) ) ;
#1233 = AXIS2_PLACEMENT_3D ( 'NONE', #2244, #2010, #3306 ) ;
#1234 = CARTESIAN_POINT ( 'NONE',  ( -85.00000000000000000, -80.00000000000000000, 190.0000000000000000 ) ) ;
#1235 = CARTESIAN_POINT ( 'NONE',  ( 75.00000000000000000, 79.99999999999998579, 190.0000000000000000 ) ) ;
#1236 = ORIENTED_EDGE ( 'NONE', *, *, #2826, .T. ) ;
#1237 = EDGE_CURVE ( 'NONE', #164, #866, #1521, .T. ) ;
#1238 = AXIS2_PLACEMENT_3D ( 'NONE', #2167, #389, #3235 ) ;
#1239 = ORIENTED_EDGE ( 'NONE', *, *, #954, .T. ) ;
#1240 = FACE_OUTER_BOUND ( 'NONE', #322, .T. ) ;
#1241 = CARTESIAN_POINT ( 'NONE',  ( 147.4999999999999432, -137.4999999999999432, 9.999999999999994671 ) ) ;
#1242 = EDGE_CURVE ( 'NONE', #2785, #2326, #1645, .T. ) ;
#1243 = FACE_OUTER_BOUND ( 'NONE', #1700, .T. ) ;
#1244 = VERTEX_POINT ( 'NONE', #87 ) ;
#1245 = ADVANCED_FACE ( 'NONE', ( #1158 ), #3293, .T. ) ;
#1246 = DIRECTION ( 'NONE',  ( 0.000000000000000000, 0.000000000000000000, -1.000000000000000000 ) ) ;
#1247 = AXIS2_PLACEMENT_3D ( 'NONE', #3253, #836, #2242 ) ;
#1248 = CARTESIAN_POINT ( 'NONE',  ( -152.4999999999999716, 152.5000000000000284, 200.0000000000000000 ) ) ;
#1249 = VECTOR ( 'NONE', #3103, 1000.000000000000000 ) ;
#1250 = AXIS2_PLACEMENT_3D ( 'NONE', #3222, #3459, #2953 ) ;
#1251 = PLANE ( 'NONE',  #561 ) ;
#1252 = CARTESIAN_POINT ( 'NONE',  ( -127.4999999999999432, 137.5000000000000000, 10.00000000000000000 ) ) ;
#1253 = EDGE_LOOP ( 'NONE', ( #1822, #1118, #383, #1935 ) ) ;
#1254 = AXIS2_PLACEMENT_3D ( 'NONE', #1384, #2954, #282 ) ;
#1255 = VERTEX_POINT ( 'NONE', #120 ) ;
#1256 = ORIENTED_EDGE ( 'NONE', *, *, #1553, .F. ) ;
#1257 = PLANE ( 'NONE',  #2821 ) ;
#1258 = CARTESIAN_POINT ( 'NONE',  ( -1.387778780781445676E-14, 0.000000000000000000, 610.0000000000000000 ) ) ;
#1259 = CIRCLE ( 'NONE', #94, 10.00000000000000888 ) ;
#1260 = ADVANCED_FACE ( 'NONE', ( #3029 ), #1191, .T. ) ;
#1261 = DIRECTION ( 'NONE',  ( 0.000000000000000000, 0.000000000000000000, 1.000000000000000000 ) ) ;
#1262 = VERTEX_POINT ( 'NONE', #640 ) ;
#1263 = CARTESIAN_POINT ( 'NONE',  ( -152.5000000000000284, -137.4999999999999432, 190.0000000000000000 ) ) ;
#1264 = CARTESIAN_POINT ( 'NONE',  ( -80.00000000000000000, 79.99999999999998579, 10.00000000000000000 ) ) ;
#1265 = DIRECTION ( 'NONE',  ( 0.000000000000000000, 0.000000000000000000, -1.000000000000000000 ) ) ;
#1266 = DIRECTION ( 'NONE',  ( -0.000000000000000000, -0.000000000000000000, 1.000000000000000000 ) ) ;
#1267 = VECTOR ( 'NONE', #183, 1000.000000000000000 ) ;
#1268 = CARTESIAN_POINT ( 'NONE',  ( -137.4999999999999432, 152.5000000000000284, 610.0000000000000000 ) ) ;
#1269 = ORIENTED_EDGE ( 'NONE', *, *, #689, .F. ) ;
#1270 = EDGE_CURVE ( 'NONE', #1834, #674, #1656, .T. ) ;
#1271 = ORIENTED_EDGE ( 'NONE', *, *, #246, .T. ) ;
#1272 = FACE_OUTER_BOUND ( 'NONE', #982, .T. ) ;
#1273 = DIRECTION ( 'NONE',  ( -0.000000000000000000, -0.000000000000000000, 1.000000000000000000 ) ) ;
#1274 = DIRECTION ( 'NONE',  ( 1.000000000000000000, 0.000000000000000000, 0.000000000000000000 ) ) ;
#1275 = ORIENTED_EDGE ( 'NONE', *, *, #3416, .T. ) ;
#1276 = EDGE_CURVE ( 'NONE', #1508, #2443, #1429, .T. ) ;
#1277 = CARTESIAN_POINT ( 'NONE',  ( -85.00000000000001421, 79.99999999999998579, 600.0000000000000000 ) ) ;
#1278 = CARTESIAN_POINT ( 'NONE',  ( -5.000000000000001776, 25.00000000000000000, 190.0000000000000000 ) ) ;
#1279 = PRODUCT_DEFINITION ( 'UNKNOWN', '', #25, #3212 ) ;
#1280 = CARTESIAN_POINT ( 'NONE',  ( -152.5000000000000000, 152.5000000000000284, 190.0000000000000000 ) ) ;
#1281 = DIRECTION ( 'NONE',  ( 0.000000000000000000, 0.000000000000000000, -1.000000000000000000 ) ) ;
#1282 = VECTOR ( 'NONE', #558, 1000.000000000000000 ) ;
#1283 = CARTESIAN_POINT ( 'NONE',  ( -137.5000000000000000, -137.4999999999999432, 0.000000000000000000 ) ) ;
#1284 = ORIENTED_EDGE ( 'NONE', *, *, #2547, .T. ) ;
#1285 = EDGE_LOOP ( 'NONE', ( #1329, #1038 ) ) ;
#1286 = CARTESIAN_POINT ( 'NONE',  ( -80.00000000000000000, -80.00000000000000000, 190.0000000000000000 ) ) ;
#1287 = DIRECTION ( 'NONE',  ( 1.820037745287142165E-16, 1.000000000000000000, 0.000000000000000000 ) ) ;
#1288 = VECTOR ( 'NONE', #2069, 1000.000000000000000 ) ;
#1289 = ORIENTED_EDGE ( 'NONE', *, *, #1670, .F. ) ;
#1290 = CIRCLE ( 'NONE', #690, 15.00000000000000000 ) ;
#1291 = LINE ( 'NONE', #742, #233 ) ;
#1292 = VERTEX_POINT ( 'NONE', #2451 ) ;
#1293 = CARTESIAN_POINT ( 'NONE',  ( -137.4999999999999432, -137.4999999999999432, 190.0000000000000000 ) ) ;
#1294 = FACE_OUTER_BOUND ( 'NONE', #587, .T. ) ;
#1295 = EDGE_CURVE ( 'NONE', #2913, #1186, #50, .T. ) ;
#1296 = AXIS2_PLACEMENT_3D ( 'NONE', #2501, #3305, #376 ) ;
#1297 = DIRECTION ( 'NONE',  ( 1.000000000000000000, -9.100188726435710823E-17, 0.000000000000000000 ) ) ;
#1298 = DIRECTION ( 'NONE',  ( 1.000000000000000000, 0.000000000000000000, 0.000000000000000000 ) ) ;
#1299 = EDGE_CURVE ( 'NONE', #604, #2938, #860, .T. ) ;
#1300 = AXIS2_PLACEMENT_3D ( 'NONE', #482, #1565, #2944 ) ;
#1301 = CIRCLE ( 'NONE', #1478, 5.000000000000004441 ) ;
#1302 = FACE_BOUND ( 'NONE', #2955, .T. ) ;
#1303 = ORIENTED_EDGE ( 'NONE', *, *, #2727, .T. ) ;
#1304 = EDGE_LOOP ( 'NONE', ( #1502, #920, #3180, #405, #565, #1482, #93, #1284 ) ) ;
#1305 = EDGE_CURVE ( 'NONE', #3017, #594, #128, .T. ) ;
#1306 = CARTESIAN_POINT ( 'NONE',  ( 147.4999999999998863, 137.4999999999999716, 9.999999999999994671 ) ) ;
#1307 = CARTESIAN_POINT ( 'NONE',  ( 137.4999999999999432, -137.4999999999999432, 190.0000000000000000 ) ) ;
#1308 = LOCAL_TIME ( 14, 37, 11.00000000000000000, #1747 ) ;
#1309 = CARTESIAN_POINT ( 'NONE',  ( -137.4999999999999432, -137.4999999999999432, 10.00000000000000000 ) ) ;
#1310 = CARTESIAN_POINT ( 'NONE',  ( 137.4999999999999432, -137.4999999999999432, 200.0000000000000000 ) ) ;
#1311 = ORIENTED_EDGE ( 'NONE', *, *, #1974, .F. ) ;
#1312 = DIRECTION ( 'NONE',  ( -0.000000000000000000, -0.000000000000000000, 1.000000000000000000 ) ) ;
#1313 = CARTESIAN_POINT ( 'NONE',  ( 5.000000000000000000, 25.00000000000000000, 200.0000000000000000 ) ) ;
#1314 = ORIENTED_EDGE ( 'NONE', *, *, #881, .F. ) ;
#1315 = DIRECTION ( 'NONE',  ( 1.000000000000000000, 0.000000000000000000, 0.000000000000000000 ) ) ;
#1316 = DIRECTION ( 'NONE',  ( -0.000000000000000000, -0.000000000000000000, 1.000000000000000000 ) ) ;
#1317 = CIRCLE ( 'NONE', #1045, 15.00000000000000000 ) ;
#1318 = LINE ( 'NONE', #2390, #1080 ) ;
#1319 = EDGE_CURVE ( 'NONE', #604, #221, #1908, .T. ) ;
#1320 = FACE_BOUND ( 'NONE', #1358, .T. ) ;
#1321 = ORIENTED_EDGE ( 'NONE', *, *, #2871, .F. ) ;
#1322 = EDGE_LOOP ( 'NONE', ( #2016, #545, #586, #2058 ) ) ;
#1323 = DIRECTION ( 'NONE',  ( -0.000000000000000000, -0.000000000000000000, 1.000000000000000000 ) ) ;
#1324 = DIRECTION ( 'NONE',  ( 1.000000000000000000, 0.000000000000000000, 0.000000000000000000 ) ) ;
#1325 = LINE ( 'NONE', #3443, #939 ) ;
#1326 = ORIENTED_EDGE ( 'NONE', *, *, #1754, .T. ) ;
#1327 = DIRECTION ( 'NONE',  ( -2.018587317500285291E-16, 1.000000000000000000, -0.000000000000000000 ) ) ;
#1328 = CARTESIAN_POINT ( 'NONE',  ( 80.00000000000000000, 79.99999999999998579, 0.000000000000000000 ) ) ;
#1329 = ORIENTED_EDGE ( 'NONE', *, *, #2551, .T. ) ;
#1330 = CARTESIAN_POINT ( 'NONE',  ( 137.4999999999999432, -137.4999999999999432, 10.00000000000000000 ) ) ;
#1331 = DIRECTION ( 'NONE',  ( 1.000000000000000000, -9.100188726435709590E-17, 0.000000000000000000 ) ) ;
#1332 = ORIENTED_EDGE ( 'NONE', *, *, #2864, .F. ) ;
#1333 = EDGE_CURVE ( 'NONE', #2992, #227, #2832, .T. ) ;
#1334 = VECTOR ( 'NONE', #1353, 1000.000000000000000 ) ;
#1335 = CARTESIAN_POINT ( 'NONE',  ( 152.4999999999999716, -137.4999999999999432, 200.0000000000000000 ) ) ;
#1336 = CARTESIAN_POINT ( 'NONE',  ( 80.00000000000000000, 79.99999999999998579, 190.0000000000000000 ) ) ;
#1337 = CARTESIAN_POINT ( 'NONE',  ( -85.00000000000001421, -80.00000000000000000, 600.0000000000000000 ) ) ;
#1338 = FACE_OUTER_BOUND ( 'NONE', #672, .T. ) ;
#1339 = ORIENTED_EDGE ( 'NONE', *, *, #1411, .T. ) ;
#1340 = EDGE_LOOP ( 'NONE', ( #1236, #2791, #2249, #2217 ) ) ;
#1341 = CARTESIAN_POINT ( 'NONE',  ( 79.99999999999998579, 79.99999999999998579, 610.0000000000000000 ) ) ;
#1342 = EDGE_CURVE ( 'NONE', #2774, #3125, #1009, .T. ) ;
#1343 = CARTESIAN_POINT ( 'NONE',  ( -152.4999999999999716, 137.4999999999999716, 190.0000000000000000 ) ) ;
#1344 = ORIENTED_EDGE ( 'NONE', *, *, #1140, .T. ) ;
#1345 = ORIENTED_EDGE ( 'NONE', *, *, #2510, .F. ) ;
#1346 = DIRECTION ( 'NONE',  ( 1.000000000000000000, 0.000000000000000000, 0.000000000000000000 ) ) ;
#1347 = ADVANCED_FACE ( 'NONE', ( #1208 ), #404, .F. ) ;
#1348 = ORIENTED_EDGE ( 'NONE', *, *, #1182, .T. ) ;
#1349 = ORIENTED_EDGE ( 'NONE', *, *, #1370, .T. ) ;
#1350 = CIRCLE ( 'NONE', #3314, 10.00000000000000888 ) ;
#1351 = CARTESIAN_POINT ( 'NONE',  ( -75.00000000000001421, -80.00000000000000000, 600.0000000000000000 ) ) ;
#1352 = ORIENTED_EDGE ( 'NONE', *, *, #76, .F. ) ;
#1353 = DIRECTION ( 'NONE',  ( -0.000000000000000000, -0.000000000000000000, 1.000000000000000000 ) ) ;
#1354 = CARTESIAN_POINT ( 'NONE',  ( 152.4999999999999716, -152.4999999999999432, 200.0000000000000000 ) ) ;
#1355 = CARTESIAN_POINT ( 'NONE',  ( 147.4999999999999716, -137.4999999999999432, 190.0000000000000000 ) ) ;
#1356 = FACE_OUTER_BOUND ( 'NONE', #2191, .T. ) ;
#1357 = ORIENTED_EDGE ( 'NONE', *, *, #1088, .F. ) ;
#1358 = EDGE_LOOP ( 'NONE', ( #1813, #2720 ) ) ;
#1359 = AXIS2_PLACEMENT_3D ( 'NONE', #2929, #1281, #554 ) ;
#1360 = LINE ( 'NONE', #34, #1420 ) ;
#1361 = CYLINDRICAL_SURFACE ( 'NONE', #2272, 15.00000000000000000 ) ;
#1362 = ORIENTED_EDGE ( 'NONE', *, *, #1333, .F. ) ;
#1363 = AXIS2_PLACEMENT_3D ( 'NONE', #1160, #3295, #901 ) ;
#1364 = ORIENTED_EDGE ( 'NONE', *, *, #881, .T. ) ;
#1365 = ORIENTED_EDGE ( 'NONE', *, *, #910, .F. ) ;
#1366 = DIRECTION ( 'NONE',  ( 1.000000000000000000, 0.000000000000000000, 0.000000000000000000 ) ) ;
#1367 = VECTOR ( 'NONE', #2473, 1000.000000000000000 ) ;
#1368 = VERTEX_POINT ( 'NONE', #731 ) ;
#1369 = ORIENTED_EDGE ( 'NONE', *, *, #2225, .T. ) ;
#1370 = EDGE_CURVE ( 'NONE', #23, #2458, #3383, .T. ) ;
#1371 = CC_DESIGN_PERSON_AND_ORGANIZATION_ASSIGNMENT ( #144, #2522, ( #25 ) ) ;
#1372 = AXIS2_PLACEMENT_3D ( 'NONE', #1917, #1651, #59 ) ;
#1373 = LINE ( 'NONE', #3248, #3132 ) ;
#1374 = ORIENTED_EDGE ( 'NONE', *, *, #3059, .T. ) ;
#1375 = CYLINDRICAL_SURFACE ( 'NONE', #816, 5.000000000000000888 ) ;
#1376 = DIRECTION ( 'NONE',  ( 0.000000000000000000, 0.000000000000000000, 1.000000000000000000 ) ) ;
#1377 = VECTOR ( 'NONE', #2912, 1000.000000000000000 ) ;
#1378 = CARTESIAN_POINT ( 'NONE',  ( 0.000000000000000000, 0.000000000000000000, 190.0000000000000000 ) ) ;
#1379 = ORIENTED_EDGE ( 'NONE', *, *, #1945, .T. ) ;
#1380 = AXIS2_PLACEMENT_3D ( 'NONE', #1678, #2751, #1412 ) ;
#1381 = DIRECTION ( 'NONE',  ( -1.820037745287142165E-16, -1.000000000000000000, -0.000000000000000000 ) ) ;
#1382 = EDGE_LOOP ( 'NONE', ( #2115, #3444 ) ) ;
#1383 = CARTESIAN_POINT ( 'NONE',  ( 7.500000000000000000, 0.000000000000000000, 10.00000000000000000 ) ) ;
#1384 = CARTESIAN_POINT ( 'NONE',  ( 137.4999999999999432, 137.4999999999999716, 200.0000000000000000 ) ) ;
#1385 = DIRECTION ( 'NONE',  ( 0.000000000000000000, 0.000000000000000000, 1.000000000000000000 ) ) ;
#1386 = VERTEX_POINT ( 'NONE', #3074 ) ;
#1387 = EDGE_CURVE ( 'NONE', #708, #2151, #419, .T. ) ;
#1388 = ORIENTED_EDGE ( 'NONE', *, *, #305, .T. ) ;
#1389 = VERTEX_POINT ( 'NONE', #1524 ) ;
#1390 = CARTESIAN_POINT ( 'NONE',  ( 137.4999999999999432, -137.4999999999999432, 10.00000000000000000 ) ) ;
#1391 = VERTEX_POINT ( 'NONE', #172 ) ;
#1392 = CARTESIAN_POINT ( 'NONE',  ( -152.5000000000000284, -137.4999999999999432, 600.0000000000000000 ) ) ;
#1393 = ORIENTED_EDGE ( 'NONE', *, *, #1692, .F. ) ;
#1394 = CARTESIAN_POINT ( 'NONE',  ( -15.00000000000000000, 0.000000000000000000, 210.0000000000000000 ) ) ;
#1395 = CARTESIAN_POINT ( 'NONE',  ( 80.00000000000000000, 79.99999999999998579, 10.00000000000000000 ) ) ;
#1396 = CIRCLE ( 'NONE', #1179, 15.00000000000001421 ) ;
#1397 = CARTESIAN_POINT ( 'NONE',  ( -75.00000000000000000, 79.99999999999998579, 190.0000000000000000 ) ) ;
#1398 = LINE ( 'NONE', #2784, #1201 ) ;
#1399 = ORIENTED_EDGE ( 'NONE', *, *, #1025, .F. ) ;
#1400 = CARTESIAN_POINT ( 'NONE',  ( -85.00000000000000000, 79.99999999999998579, 190.0000000000000000 ) ) ;
#1401 = CYLINDRICAL_SURFACE ( 'NONE', #3329, 5.000000000000004441 ) ;
#1402 = ORIENTED_EDGE ( 'NONE', *, *, #491, .T. ) ;
#1403 = ORIENTED_EDGE ( 'NONE', *, *, #3007, .F. ) ;
#1404 = FACE_OUTER_BOUND ( 'NONE', #800, .T. ) ;
#1405 = CIRCLE ( 'NONE', #3359, 5.000000000000004441 ) ;
#1406 = ORIENTED_EDGE ( 'NONE', *, *, #733, .F. ) ;
#1407 = LINE ( 'NONE', #2479, #2257 ) ;
#1408 = CIRCLE ( 'NONE', #407, 5.000000000000004441 ) ;
#1409 = DIRECTION ( 'NONE',  ( -0.000000000000000000, -0.000000000000000000, 1.000000000000000000 ) ) ;
#1410 = FACE_OUTER_BOUND ( 'NONE', #1907, .T. ) ;
#1411 = EDGE_CURVE ( 'NONE', #2235, #3419, #2011, .T. ) ;
#1412 = DIRECTION ( 'NONE',  ( -0.000000000000000000, 0.000000000000000000, 1.000000000000000000 ) ) ;
#1413 = EDGE_CURVE ( 'NONE', #3283, #43, #2799, .T. ) ;
#1414 = CARTESIAN_POINT ( 'NONE',  ( -137.4999999999999432, 137.5000000000000000, 200.0000000000000000 ) ) ;
#1415 = VERTEX_POINT ( 'NONE', #994 ) ;
#1416 = CARTESIAN_POINT ( 'NONE',  ( 0.000000000000000000, 0.000000000000000000, 20.00000000000000000 ) ) ;
#1417 = ORIENTED_EDGE ( 'NONE', *, *, #1206, .F. ) ;
#1418 = DIRECTION ( 'NONE',  ( -0.000000000000000000, -0.000000000000000000, 1.000000000000000000 ) ) ;
#1419 = AXIS2_PLACEMENT_3D ( 'NONE', #1881, #2612, #1331 ) ;
#1420 = VECTOR ( 'NONE', #89, 1000.000000000000000 ) ;
#1421 = VERTEX_POINT ( 'NONE', #683 ) ;
#1422 = CARTESIAN_POINT ( 'NONE',  ( -75.00000000000000000, 79.99999999999998579, 0.000000000000000000 ) ) ;
#1423 = AXIS2_PLACEMENT_3D ( 'NONE', #1716, #3344, #1697 ) ;
#1424 = CARTESIAN_POINT ( 'NONE',  ( 79.99999999999998579, 79.99999999999998579, 600.0000000000000000 ) ) ;
#1425 = CIRCLE ( 'NONE', #1359, 15.00000000000000000 ) ;
#1426 = DIRECTION ( 'NONE',  ( 1.000000000000000000, 0.000000000000000000, 0.000000000000000000 ) ) ;
#1427 = LINE ( 'NONE', #2782, #1698 ) ;
#1428 = LINE ( 'NONE', #9, #3339 ) ;
#1429 = LINE ( 'NONE', #1174, #2830 ) ;
#1430 = VERTEX_POINT ( 'NONE', #1252 ) ;
#1431 = MECHANICAL_CONTEXT ( 'NONE', #2234, 'mechanical' ) ;
#1432 = EDGE_CURVE ( 'NONE', #2527, #470, #978, .T. ) ;
#1433 = ADVANCED_FACE ( 'NONE', ( #2600 ), #159, .F. ) ;
#1434 = CIRCLE ( 'NONE', #1766, 7.500000000000000000 ) ;
#1435 = ORIENTED_EDGE ( 'NONE', *, *, #1333, .T. ) ;
#1436 = EDGE_LOOP ( 'NONE', ( #3100, #2587 ) ) ;
#1437 = ORIENTED_EDGE ( 'NONE', *, *, #1413, .T. ) ;
#1438 = PLANE ( 'NONE',  #3322 ) ;
#1439 = DIRECTION ( 'NONE',  ( 0.000000000000000000, 0.000000000000000000, -1.000000000000000000 ) ) ;
#1440 = CYLINDRICAL_SURFACE ( 'NONE', #2413, 10.00000000000000888 ) ;
#1441 = AXIS2_PLACEMENT_3D ( 'NONE', #510, #1312, #2385 ) ;
#1442 = LINE ( 'NONE', #113, #2296 ) ;
#1443 = ORIENTED_EDGE ( 'NONE', *, *, #2740, .T. ) ;
#1444 = FACE_OUTER_BOUND ( 'NONE', #1838, .T. ) ;
#1445 = ADVANCED_FACE ( 'NONE', ( #1223 ), #2815, .F. ) ;
#1446 = DIRECTION ( 'NONE',  ( 0.000000000000000000, 0.000000000000000000, 1.000000000000000000 ) ) ;
#1447 = DIRECTION ( 'NONE',  ( -0.000000000000000000, -0.000000000000000000, 1.000000000000000000 ) ) ;
#1448 = ORIENTED_EDGE ( 'NONE', *, *, #1913, .F. ) ;
#1449 = CALENDAR_DATE ( 2020, 29, 11 ) ;
#1450 = ORIENTED_EDGE ( 'NONE', *, *, #2926, .F. ) ;
#1451 = VERTEX_POINT ( 'NONE', #2043 ) ;
#1452 = ADVANCED_FACE ( 'NONE', ( #1744 ), #2289, .F. ) ;
#1453 = PLANE ( 'NONE',  #3152 ) ;
#1454 = VECTOR ( 'NONE', #946, 1000.000000000000000 ) ;
#1455 = CARTESIAN_POINT ( 'NONE',  ( -80.00000000000001421, 79.99999999999998579, 600.0000000000000000 ) ) ;
#1456 = DIRECTION ( 'NONE',  ( -0.000000000000000000, -0.000000000000000000, 1.000000000000000000 ) ) ;
#1457 = DIRECTION ( 'NONE',  ( 0.000000000000000000, 0.000000000000000000, -1.000000000000000000 ) ) ;
#1458 = EDGE_CURVE ( 'NONE', #903, #2155, #3203, .T. ) ;
#1459 = AXIS2_PLACEMENT_3D ( 'NONE', #780, #2967, #1845 ) ;
#1460 = DIRECTION ( 'NONE',  ( 1.000000000000000000, 0.000000000000000000, 0.000000000000000000 ) ) ;
#1461 = AXIS2_PLACEMENT_3D ( 'NONE', #3350, #2530, #131 ) ;
#1462 = CARTESIAN_POINT ( 'NONE',  ( 5.510910596163089556E-15, -25.00000000000000000, 190.0000000000000000 ) ) ;
#1463 = VERTEX_POINT ( 'NONE', #449 ) ;
#1464 = ORIENTED_EDGE ( 'NONE', *, *, #564, .F. ) ;
#1465 = VERTEX_POINT ( 'NONE', #3088 ) ;
#1466 = CYLINDRICAL_SURFACE ( 'NONE', #1200, 10.00000000000000888 ) ;
#1467 = CIRCLE ( 'NONE', #1925, 5.000000000000000888 ) ;
#1468 = CYLINDRICAL_SURFACE ( 'NONE', #363, 5.000000000000004441 ) ;
#1469 = AXIS2_PLACEMENT_3D ( 'NONE', #455, #2605, #2898 ) ;
#1470 = EDGE_CURVE ( 'NONE', #3158, #2790, #2208, .T. ) ;
#1471 = DIRECTION ( 'NONE',  ( 0.000000000000000000, 0.000000000000000000, 1.000000000000000000 ) ) ;
#1472 = CIRCLE ( 'NONE', #3048, 5.000000000000004441 ) ;
#1473 = DIRECTION ( 'NONE',  ( 1.820037745287142165E-16, 1.000000000000000000, 0.000000000000000000 ) ) ;
#1474 = CC_DESIGN_SECURITY_CLASSIFICATION ( #2496, ( #25 ) ) ;
#1475 = LINE ( 'NONE', #103, #1132 ) ;
#1476 = CARTESIAN_POINT ( 'NONE',  ( 85.00000000000000000, 79.99999999999998579, 190.0000000000000000 ) ) ;
#1477 = EDGE_LOOP ( 'NONE', ( #2772, #2414 ) ) ;
#1478 = AXIS2_PLACEMENT_3D ( 'NONE', #691, #411, #2511 ) ;
#1479 = PERSON_AND_ORGANIZATION_ROLE ( 'creator' ) ;
#1480 = AXIS2_PLACEMENT_3D ( 'NONE', #899, #1963, #1640 ) ;
#1481 = AXIS2_PLACEMENT_3D ( 'NONE', #1658, #2481, #82 ) ;
#1482 = ORIENTED_EDGE ( 'NONE', *, *, #689, .T. ) ;
#1483 = ORIENTED_EDGE ( 'NONE', *, *, #3420, .F. ) ;
#1484 = CARTESIAN_POINT ( 'NONE',  ( 80.00000000000000000, -80.00000000000000000, 0.000000000000000000 ) ) ;
#1485 = CIRCLE ( 'NONE', #2100, 15.00000000000001421 ) ;
#1486 = EDGE_CURVE ( 'NONE', #2963, #71, #2265, .T. ) ;
#1487 = DIRECTION ( 'NONE',  ( -0.000000000000000000, -0.000000000000000000, 1.000000000000000000 ) ) ;
#1488 = CARTESIAN_POINT ( 'NONE',  ( 137.5000000000000000, 137.4999999999999716, 200.0000000000000000 ) ) ;
#1489 = DIRECTION ( 'NONE',  ( 1.000000000000000000, 0.000000000000000000, 0.000000000000000000 ) ) ;
#1490 = EDGE_CURVE ( 'NONE', #2235, #3283, #1804, .T. ) ;
#1491 = AXIS2_PLACEMENT_3D ( 'NONE', #962, #1266, #3399 ) ;
#1492 = FACE_OUTER_BOUND ( 'NONE', #1666, .T. ) ;
#1493 = CARTESIAN_POINT ( 'NONE',  ( -137.4999999999999432, 137.4999999999999716, 0.000000000000000000 ) ) ;
#1494 = ORIENTED_EDGE ( 'NONE', *, *, #479, .T. ) ;
#1495 = EDGE_CURVE ( 'NONE', #3402, #1087, #484, .T. ) ;
#1496 = EDGE_LOOP ( 'NONE', ( #560, #1941, #114, #2933 ) ) ;
#1497 = EDGE_LOOP ( 'NONE', ( #1214, #520 ) ) ;
#1498 = DIRECTION ( 'NONE',  ( 0.000000000000000000, 0.000000000000000000, 1.000000000000000000 ) ) ;
#1499 = CARTESIAN_POINT ( 'NONE',  ( 79.99999999999998579, 79.99999999999998579, 600.0000000000000000 ) ) ;
#1500 = AXIS2_PLACEMENT_3D ( 'NONE', #3170, #1843, #2123 ) ;
#1501 = DIRECTION ( 'NONE',  ( 0.000000000000000000, 0.000000000000000000, 1.000000000000000000 ) ) ;
#1502 = ORIENTED_EDGE ( 'NONE', *, *, #1553, .T. ) ;
#1503 = AXIS2_PLACEMENT_3D ( 'NONE', #1991, #1708, #1690 ) ;
#1504 = CARTESIAN_POINT ( 'NONE',  ( 137.4999999999999432, -152.4999999999999432, 10.00000000000000000 ) ) ;
#1505 = DIRECTION ( 'NONE',  ( 0.000000000000000000, 0.000000000000000000, -1.000000000000000000 ) ) ;
#1506 = CARTESIAN_POINT ( 'NONE',  ( -80.00000000000001421, 79.99999999999998579, 610.0000000000000000 ) ) ;
#1507 = DIRECTION ( 'NONE',  ( -0.000000000000000000, -0.000000000000000000, 1.000000000000000000 ) ) ;
#1508 = VERTEX_POINT ( 'NONE', #1540 ) ;
#1509 = EDGE_CURVE ( 'NONE', #810, #1133, #1467, .T. ) ;
#1510 = CIRCLE ( 'NONE', #7, 7.500000000000000000 ) ;
#1511 = ORIENTED_EDGE ( 'NONE', *, *, #433, .F. ) ;
#1512 = ORIENTED_EDGE ( 'NONE', *, *, #2805, .T. ) ;
#1513 = DIRECTION ( 'NONE',  ( 1.000000000000000000, 0.000000000000000000, 0.000000000000000000 ) ) ;
#1514 = CARTESIAN_POINT ( 'NONE',  ( -152.5000000000000568, -137.4999999999999432, 190.0000000000000000 ) ) ;
#1515 = EDGE_CURVE ( 'NONE', #2122, #23, #1425, .T. ) ;
#1516 = DIRECTION ( 'NONE',  ( -0.000000000000000000, -0.000000000000000000, 1.000000000000000000 ) ) ;
#1517 = ORIENTED_EDGE ( 'NONE', *, *, #3080, .F. ) ;
#1518 = CARTESIAN_POINT ( 'NONE',  ( 137.4999999999999432, -137.4999999999999432, 200.0000000000000000 ) ) ;
#1519 = CIRCLE ( 'NONE', #18, 10.00000000000000888 ) ;
#1520 = DIRECTION ( 'NONE',  ( -0.000000000000000000, -0.000000000000000000, 1.000000000000000000 ) ) ;
#1521 = CIRCLE ( 'NONE', #3146, 10.00000000000000888 ) ;
#1522 = AXIS2_PLACEMENT_3D ( 'NONE', #737, #1323, #3440 ) ;
#1523 = FACE_OUTER_BOUND ( 'NONE', #2659, .T. ) ;
#1524 = CARTESIAN_POINT ( 'NONE',  ( -127.4999999999999432, -137.4999999999999432, 10.00000000000000000 ) ) ;
#1525 = VERTEX_POINT ( 'NONE', #3138 ) ;
#1526 = DIRECTION ( 'NONE',  ( 0.000000000000000000, 0.000000000000000000, -1.000000000000000000 ) ) ;
#1527 = VERTEX_POINT ( 'NONE', #1809 ) ;
#1528 = ORIENTED_EDGE ( 'NONE', *, *, #3137, .T. ) ;
#1529 = EDGE_CURVE ( 'NONE', #279, #2639, #696, .T. ) ;
#1530 = CARTESIAN_POINT ( 'NONE',  ( 152.5000000000000284, 137.4999999999999716, 600.0000000000000000 ) ) ;
#1531 = EDGE_CURVE ( 'NONE', #3034, #952, #3154, .T. ) ;
#1532 = DIRECTION ( 'NONE',  ( -0.000000000000000000, -0.000000000000000000, 1.000000000000000000 ) ) ;
#1533 = DIRECTION ( 'NONE',  ( 1.000000000000000000, 0.000000000000000000, 0.000000000000000000 ) ) ;
#1534 = EDGE_CURVE ( 'NONE', #952, #2680, #2032, .T. ) ;
#1535 = EDGE_LOOP ( 'NONE', ( #3021, #979 ) ) ;
#1536 = CIRCLE ( 'NONE', #261, 10.00000000000000888 ) ;
#1537 = FACE_OUTER_BOUND ( 'NONE', #1304, .T. ) ;
#1538 = PLANE ( 'NONE',  #649 ) ;
#1539 = FACE_BOUND ( 'NONE', #2820, .T. ) ;
#1540 = CARTESIAN_POINT ( 'NONE',  ( -152.5000000000000000, 137.4999999999999716, 9.999999999999994671 ) ) ;
#1541 = ADVANCED_FACE ( 'NONE', ( #255 ), #2909, .F. ) ;
#1542 = CARTESIAN_POINT ( 'NONE',  ( -147.5000000000000000, -137.4999999999999432, 9.999999999999994671 ) ) ;
#1543 = ORIENTED_EDGE ( 'NONE', *, *, #582, .F. ) ;
#1544 = EDGE_LOOP ( 'NONE', ( #874, #1918, #1225, #983 ) ) ;
#1545 = FACE_OUTER_BOUND ( 'NONE', #3130, .T. ) ;
#1546 = CYLINDRICAL_SURFACE ( 'NONE', #2428, 15.00000000000000000 ) ;
#1547 = ADVANCED_FACE ( 'NONE', ( #779 ), #2894, .F. ) ;
#1548 = CARTESIAN_POINT ( 'NONE',  ( -80.00000000000000000, -80.00000000000000000, 190.0000000000000000 ) ) ;
#1549 = ORIENTED_EDGE ( 'NONE', *, *, #2907, .T. ) ;
#1550 = EDGE_CURVE ( 'NONE', #2326, #2785, #748, .T. ) ;
#1551 = PLANE ( 'NONE',  #996 ) ;
#1552 = CARTESIAN_POINT ( 'NONE',  ( 127.4999999999999432, 137.4999999999999716, 200.0000000000000000 ) ) ;
#1553 = EDGE_CURVE ( 'NONE', #126, #444, #1844, .T. ) ;
#1554 = DIRECTION ( 'NONE',  ( 0.000000000000000000, 0.000000000000000000, -1.000000000000000000 ) ) ;
#1555 = DIRECTION ( 'NONE',  ( 0.000000000000000000, 0.000000000000000000, 1.000000000000000000 ) ) ;
#1556 = CARTESIAN_POINT ( 'NONE',  ( -137.5000000000000000, -137.4999999999999432, 10.00000000000000000 ) ) ;
#1557 = ORIENTED_EDGE ( 'NONE', *, *, #1890, .F. ) ;
#1558 = ORIENTED_EDGE ( 'NONE', *, *, #370, .T. ) ;
#1559 = DIRECTION ( 'NONE',  ( -2.018587317500285291E-16, 1.000000000000000000, -0.000000000000000000 ) ) ;
#1560 = DIRECTION ( 'NONE',  ( 0.000000000000000000, 0.000000000000000000, 1.000000000000000000 ) ) ;
#1561 = CIRCLE ( 'NONE', #2254, 5.000000000000004441 ) ;
#1562 = DIRECTION ( 'NONE',  ( 1.000000000000000000, 0.000000000000000000, 0.000000000000000000 ) ) ;
#1563 = ORIENTED_EDGE ( 'NONE', *, *, #354, .F. ) ;
#1564 = CARTESIAN_POINT ( 'NONE',  ( 5.000000000000006217, -25.00000000000000000, 190.0000000000000000 ) ) ;
#1565 = DIRECTION ( 'NONE',  ( -0.000000000000000000, -0.000000000000000000, 1.000000000000000000 ) ) ;
#1566 = EDGE_CURVE ( 'NONE', #770, #2051, #3321, .T. ) ;
#1567 = CIRCLE ( 'NONE', #80, 5.000000000000004441 ) ;
#1568 = CARTESIAN_POINT ( 'NONE',  ( 137.4999999999999432, -137.4999999999999432, 190.0000000000000000 ) ) ;
#1569 = CARTESIAN_POINT ( 'NONE',  ( -137.4999999999999432, 137.5000000000000000, 200.0000000000000000 ) ) ;
#1570 = LINE ( 'NONE', #1613, #739 ) ;
#1571 = VECTOR ( 'NONE', #680, 1000.000000000000000 ) ;
#1572 = EDGE_CURVE ( 'NONE', #1465, #1889, #2870, .T. ) ;
#1573 = CIRCLE ( 'NONE', #1036, 5.000000000000004441 ) ;
#1574 = DIRECTION ( 'NONE',  ( 0.000000000000000000, 0.000000000000000000, -1.000000000000000000 ) ) ;
#1575 = ORIENTED_EDGE ( 'NONE', *, *, #3197, .T. ) ;
#1576 = ORIENTED_EDGE ( 'NONE', *, *, #2179, .T. ) ;
#1577 = CIRCLE ( 'NONE', #1095, 5.000000000000004441 ) ;
#1578 = CYLINDRICAL_SURFACE ( 'NONE', #2085, 5.000000000000004441 ) ;
#1579 = DIRECTION ( 'NONE',  ( -0.000000000000000000, -0.000000000000000000, 1.000000000000000000 ) ) ;
#1580 = FACE_BOUND ( 'NONE', #313, .T. ) ;
#1581 = EDGE_LOOP ( 'NONE', ( #2180, #2452, #2081, #2399 ) ) ;
#1582 = LINE ( 'NONE', #2677, #1042 ) ;
#1583 = CARTESIAN_POINT ( 'NONE',  ( 137.4999999999999716, -152.4999999999999432, 9.999999999999994671 ) ) ;
#1584 = EDGE_CURVE ( 'NONE', #3017, #821, #3453, .T. ) ;
#1585 = VERTEX_POINT ( 'NONE', #6 ) ;
#1586 = CARTESIAN_POINT ( 'NONE',  ( -137.4999999999999432, 137.4999999999999716, 610.0000000000000000 ) ) ;
#1587 = CARTESIAN_POINT ( 'NONE',  ( -127.4999999999999432, 137.5000000000000000, 0.000000000000000000 ) ) ;
#1588 = ORIENTED_EDGE ( 'NONE', *, *, #2064, .T. ) ;
#1589 = LINE ( 'NONE', #1335, #480 ) ;
#1590 = CARTESIAN_POINT ( 'NONE',  ( -137.5000000000000000, -152.4999999999999432, 610.0000000000000000 ) ) ;
#1591 = EDGE_CURVE ( 'NONE', #1854, #721, #766, .T. ) ;
#1592 = AXIS2_PLACEMENT_3D ( 'NONE', #1556, #2090, #2651 ) ;
#1593 = FACE_OUTER_BOUND ( 'NONE', #2356, .T. ) ;
#1594 = CARTESIAN_POINT ( 'NONE',  ( 137.4999999999999432, 137.4999999999999716, 10.00000000000000000 ) ) ;
#1595 = ORIENTED_EDGE ( 'NONE', *, *, #2007, .F. ) ;
#1596 = ORIENTED_EDGE ( 'NONE', *, *, #174, .F. ) ;
#1597 = CARTESIAN_POINT ( 'NONE',  ( 84.99999999999998579, 79.99999999999998579, 600.0000000000000000 ) ) ;
#1598 = CARTESIAN_POINT ( 'NONE',  ( -4.999999999999995559, -25.00000000000000000, 200.0000000000000000 ) ) ;
#1599 = AXIS2_PLACEMENT_3D ( 'NONE', #2611, #2364, #3427 ) ;
#1600 = EDGE_LOOP ( 'NONE', ( #3001, #173 ) ) ;
#1601 = ORIENTED_EDGE ( 'NONE', *, *, #1276, .T. ) ;
#1602 = FACE_OUTER_BOUND ( 'NONE', #2867, .T. ) ;
#1603 = DIRECTION ( 'NONE',  ( 1.000000000000000000, 0.000000000000000000, 0.000000000000000000 ) ) ;
#1604 = VERTEX_POINT ( 'NONE', #2880 ) ;
#1605 = EDGE_LOOP ( 'NONE', ( #107, #743 ) ) ;
#1606 = DIRECTION ( 'NONE',  ( -0.000000000000000000, -0.000000000000000000, 1.000000000000000000 ) ) ;
#1607 = DIRECTION ( 'NONE',  ( 1.000000000000000000, -9.100188726435709590E-17, 0.000000000000000000 ) ) ;
#1608 = VERTEX_POINT ( 'NONE', #3415 ) ;
#1609 = AXIS2_PLACEMENT_3D ( 'NONE', #234, #1554, #1105 ) ;
#1610 = DIRECTION ( 'NONE',  ( -0.000000000000000000, -0.000000000000000000, -1.000000000000000000 ) ) ;
#1611 = DIRECTION ( 'NONE',  ( 1.000000000000000000, 0.000000000000000000, 0.000000000000000000 ) ) ;
#1612 = AXIS2_PLACEMENT_3D ( 'NONE', #1488, #2563, #1231 ) ;
#1613 = CARTESIAN_POINT ( 'NONE',  ( 147.4999999999999147, 137.4999999999999716, 9.999999999999994671 ) ) ;
#1614 = CARTESIAN_POINT ( 'NONE',  ( 137.4999999999999432, -137.4999999999999432, 610.0000000000000000 ) ) ;
#1615 = VERTEX_POINT ( 'NONE', #1084 ) ;
#1616 = AXIS2_PLACEMENT_3D ( 'NONE', #2862, #3119, #671 ) ;
#1617 = ORIENTED_EDGE ( 'NONE', *, *, #1885, .T. ) ;
#1618 = CIRCLE ( 'NONE', #169, 15.00000000000001421 ) ;
#1619 = DIRECTION ( 'NONE',  ( 1.000000000000000000, 0.000000000000000000, 0.000000000000000000 ) ) ;
#1620 = CARTESIAN_POINT ( 'NONE',  ( 137.5000000000000000, 152.5000000000000000, 200.0000000000000000 ) ) ;
#1621 = EDGE_CURVE ( 'NONE', #1630, #2376, #1827, .T. ) ;
#1622 = VERTEX_POINT ( 'NONE', #1590 ) ;
#1623 = VERTEX_POINT ( 'NONE', #1675 ) ;
#1624 = AXIS2_PLACEMENT_3D ( 'NONE', #744, #2082, #2054 ) ;
#1625 = CIRCLE ( 'NONE', #1238, 5.000000000000004441 ) ;
#1626 = DIRECTION ( 'NONE',  ( -0.000000000000000000, -0.000000000000000000, 1.000000000000000000 ) ) ;
#1627 = EDGE_LOOP ( 'NONE', ( #688, #2741 ) ) ;
#1628 = EDGE_CURVE ( 'NONE', #1244, #1262, #802, .T. ) ;
#1629 = VECTOR ( 'NONE', #2278, 1000.000000000000000 ) ;
#1630 = VERTEX_POINT ( 'NONE', #1903 ) ;
#1631 = VECTOR ( 'NONE', #1837, 1000.000000000000000 ) ;
#1632 = CYLINDRICAL_SURFACE ( 'NONE', #572, 5.000000000000004441 ) ;
#1633 = EDGE_LOOP ( 'NONE', ( #3141, #3313 ) ) ;
#1634 = CARTESIAN_POINT ( 'NONE',  ( 0.000000000000000000, 0.000000000000000000, 20.00000000000000000 ) ) ;
#1635 = LINE ( 'NONE', #1156, #3269 ) ;
#1636 = CYLINDRICAL_SURFACE ( 'NONE', #357, 5.000000000000004441 ) ;
#1637 = ADVANCED_FACE ( 'NONE', ( #2733 ), #857, .T. ) ;
#1638 = LINE ( 'NONE', #2449, #2227 ) ;
#1639 = EDGE_LOOP ( 'NONE', ( #2363, #2715 ) ) ;
#1640 = DIRECTION ( 'NONE',  ( -1.000000000000000000, 0.000000000000000000, 0.000000000000000000 ) ) ;
#1641 = ORIENTED_EDGE ( 'NONE', *, *, #2514, .T. ) ;
#1642 = VECTOR ( 'NONE', #1865, 1000.000000000000000 ) ;
#1643 = AXIS2_PLACEMENT_3D ( 'NONE', #441, #1498, #1701 ) ;
#1644 = CARTESIAN_POINT ( 'NONE',  ( 147.4999999999999716, 137.4999999999999716, 200.0000000000000000 ) ) ;
#1645 = CIRCLE ( 'NONE', #139, 10.00000000000000888 ) ;
#1646 = CARTESIAN_POINT ( 'NONE',  ( 0.000000000000000000, 0.000000000000000000, 20.00000000000000000 ) ) ;
#1647 = CARTESIAN_POINT ( 'NONE',  ( 137.4999999999999147, -147.4999999999999716, 9.999999999999994671 ) ) ;
#1648 = CIRCLE ( 'NONE', #2316, 15.00000000000000000 ) ;
#1649 = ORIENTED_EDGE ( 'NONE', *, *, #1387, .F. ) ;
#1650 = VERTEX_POINT ( 'NONE', #2749 ) ;
#1651 = DIRECTION ( 'NONE',  ( 0.000000000000000000, 0.000000000000000000, 1.000000000000000000 ) ) ;
#1652 = ORIENTED_EDGE ( 'NONE', *, *, #2179, .F. ) ;
#1653 = EDGE_LOOP ( 'NONE', ( #1417, #1596, #2941, #999 ) ) ;
#1654 = CARTESIAN_POINT ( 'NONE',  ( 5.510910596163089556E-15, -25.00000000000000000, 190.0000000000000000 ) ) ;
#1655 = VERTEX_POINT ( 'NONE', #1120 ) ;
#1656 = CIRCLE ( 'NONE', #2096, 15.00000000000000000 ) ;
#1657 = CIRCLE ( 'NONE', #2323, 5.000000000000004441 ) ;
#1658 = CARTESIAN_POINT ( 'NONE',  ( 137.4999999999999147, -137.4999999999999432, 9.999999999999994671 ) ) ;
#1659 = LINE ( 'NONE', #84, #867 ) ;
#1660 = AXIS2_PLACEMENT_3D ( 'NONE', #848, #2943, #271 ) ;
#1661 = CARTESIAN_POINT ( 'NONE',  ( 127.4999999999999432, 137.4999999999999716, 0.000000000000000000 ) ) ;
#1662 = DIRECTION ( 'NONE',  ( -1.000000000000000000, 0.000000000000000000, 0.000000000000000000 ) ) ;
#1663 = ORIENTED_EDGE ( 'NONE', *, *, #2052, .F. ) ;
#1664 = LINE ( 'NONE', #1400, #806 ) ;
#1665 = CARTESIAN_POINT ( 'NONE',  ( -137.4999999999999716, -137.4999999999999432, 9.999999999999994671 ) ) ;
#1666 = EDGE_LOOP ( 'NONE', ( #280, #3221 ) ) ;
#1667 = EDGE_LOOP ( 'NONE', ( #3033, #2683, #1671, #3386 ) ) ;
#1668 = ORIENTED_EDGE ( 'NONE', *, *, #3412, .T. ) ;
#1669 = DIRECTION ( 'NONE',  ( 0.000000000000000000, 0.000000000000000000, 1.000000000000000000 ) ) ;
#1670 = EDGE_CURVE ( 'NONE', #720, #2835, #2185, .T. ) ;
#1671 = ORIENTED_EDGE ( 'NONE', *, *, #305, .F. ) ;
#1672 = CARTESIAN_POINT ( 'NONE',  ( -137.4999999999999716, -147.4999999999999716, 190.0000000000000000 ) ) ;
#1673 = ADVANCED_FACE ( 'NONE', ( #1410 ), #115, .F. ) ;
#1674 = CARTESIAN_POINT ( 'NONE',  ( -147.5000000000000000, 137.5000000000000000, 9.999999999999994671 ) ) ;
#1675 = CARTESIAN_POINT ( 'NONE',  ( 137.4999999999999432, -152.4999999999999432, 0.000000000000000000 ) ) ;
#1676 = EDGE_CURVE ( 'NONE', #470, #1087, #2362, .T. ) ;
#1677 = CIRCLE ( 'NONE', #2291, 15.00000000000001421 ) ;
#1678 = CARTESIAN_POINT ( 'NONE',  ( -147.5000000000000000, 137.5000000000000000, 9.999999999999994671 ) ) ;
#1679 = DIRECTION ( 'NONE',  ( 0.000000000000000000, 0.000000000000000000, 1.000000000000000000 ) ) ;
#1680 = ORIENTED_EDGE ( 'NONE', *, *, #132, .T. ) ;
#1681 = DIRECTION ( 'NONE',  ( -0.000000000000000000, -0.000000000000000000, 1.000000000000000000 ) ) ;
#1682 = DATE_AND_TIME ( #1193, #1308 ) ;
#1683 = ORIENTED_EDGE ( 'NONE', *, *, #3182, .T. ) ;
#1684 = ORIENTED_EDGE ( 'NONE', *, *, #212, .T. ) ;
#1685 = DIRECTION ( 'NONE',  ( 0.000000000000000000, 0.000000000000000000, 1.000000000000000000 ) ) ;
#1686 = AXIS2_PLACEMENT_3D ( 'NONE', #2613, #2861, #3431 ) ;
#1687 = VERTEX_POINT ( 'NONE', #601 ) ;
#1688 = DIRECTION ( 'NONE',  ( -0.000000000000000000, -0.000000000000000000, 1.000000000000000000 ) ) ;
#1689 = AXIS2_PLACEMENT_3D ( 'NONE', #2728, #3006, #334 ) ;
#1690 = DIRECTION ( 'NONE',  ( 1.000000000000000000, 0.000000000000000000, 0.000000000000000000 ) ) ;
#1691 = DIRECTION ( 'NONE',  ( 1.000000000000000000, 0.000000000000000000, -0.000000000000000000 ) ) ;
#1692 = EDGE_CURVE ( 'NONE', #2001, #2882, #1519, .T. ) ;
#1693 = DIRECTION ( 'NONE',  ( -0.000000000000000000, -0.000000000000000000, 1.000000000000000000 ) ) ;
#1694 = CARTESIAN_POINT ( 'NONE',  ( -137.4999999999999432, 137.4999999999999716, 200.0000000000000000 ) ) ;
#1695 = EDGE_LOOP ( 'NONE', ( #1226, #1981 ) ) ;
#1696 = EDGE_CURVE ( 'NONE', #1255, #721, #2638, .T. ) ;
#1697 = DIRECTION ( 'NONE',  ( -1.000000000000000000, 0.000000000000000000, 0.000000000000000000 ) ) ;
#1698 = VECTOR ( 'NONE', #620, 1000.000000000000000 ) ;
#1699 = ORIENTED_EDGE ( 'NONE', *, *, #1734, .T. ) ;
#1700 = EDGE_LOOP ( 'NONE', ( #3175, #1938, #270, #500 ) ) ;
#1701 = DIRECTION ( 'NONE',  ( 1.000000000000000000, 0.000000000000000000, 0.000000000000000000 ) ) ;
#1702 = AXIS2_PLACEMENT_3D ( 'NONE', #3134, #763, #201 ) ;
#1703 = CIRCLE ( 'NONE', #702, 5.000000000000004441 ) ;
#1704 = LINE ( 'NONE', #388, #2971 ) ;
#1705 = ADVANCED_FACE ( 'NONE', ( #65, #47 ), #2764, .T. ) ;
#1706 = AXIS2_PLACEMENT_3D ( 'NONE', #3177, #1579, #2412 ) ;
#1707 = DIRECTION ( 'NONE',  ( -1.000000000000000000, 9.100188726435709590E-17, -0.000000000000000000 ) ) ;
#1708 = DIRECTION ( 'NONE',  ( -0.000000000000000000, -0.000000000000000000, 1.000000000000000000 ) ) ;
#1709 = ORIENTED_EDGE ( 'NONE', *, *, #2684, .F. ) ;
#1710 = DIRECTION ( 'NONE',  ( 0.000000000000000000, 0.000000000000000000, -1.000000000000000000 ) ) ;
#1711 = AXIS2_PLACEMENT_3D ( 'NONE', #2241, #1755, #2020 ) ;
#1712 = EDGE_CURVE ( 'NONE', #2938, #2118, #1659, .T. ) ;
#1713 = DIRECTION ( 'NONE',  ( 0.000000000000000000, 0.000000000000000000, 1.000000000000000000 ) ) ;
#1714 = DIRECTION ( 'NONE',  ( 0.000000000000000000, 0.000000000000000000, -1.000000000000000000 ) ) ;
#1715 = ORIENTED_EDGE ( 'NONE', *, *, #829, .F. ) ;
#1716 = CARTESIAN_POINT ( 'NONE',  ( 137.4999999999999432, -137.4999999999999432, 10.00000000000000000 ) ) ;
#1717 = ORIENTED_EDGE ( 'NONE', *, *, #910, .T. ) ;
#1718 = EDGE_CURVE ( 'NONE', #2835, #1074, #2817, .T. ) ;
#1719 = EDGE_LOOP ( 'NONE', ( #454, #163 ) ) ;
#1720 = EDGE_LOOP ( 'NONE', ( #2616, #1464, #2308, #811 ) ) ;
#1721 = DIRECTION ( 'NONE',  ( 1.000000000000000000, 0.000000000000000000, 0.000000000000000000 ) ) ;
#1722 = ADVANCED_FACE ( 'NONE', ( #3011 ), #1977, .F. ) ;
#1723 = CARTESIAN_POINT ( 'NONE',  ( -137.4999999999999432, 137.5000000000000000, 0.000000000000000000 ) ) ;
#1724 = VECTOR ( 'NONE', #883, 1000.000000000000000 ) ;
#1725 = CYLINDRICAL_SURFACE ( 'NONE', #60, 15.00000000000000000 ) ;
#1726 = FACE_OUTER_BOUND ( 'NONE', #2618, .T. ) ;
#1727 = CARTESIAN_POINT ( 'NONE',  ( -137.4999999999999716, -147.4999999999999716, 190.0000000000000000 ) ) ;
#1728 = CARTESIAN_POINT ( 'NONE',  ( -137.4999999999999432, 152.5000000000000284, 610.0000000000000000 ) ) ;
#1729 = ORIENTED_EDGE ( 'NONE', *, *, #3250, .T. ) ;
#1730 = DIRECTION ( 'NONE',  ( 0.000000000000000000, 0.000000000000000000, 1.000000000000000000 ) ) ;
#1731 = APPROVAL_STATUS ( 'not_yet_approved' ) ;
#1732 = ORIENTED_EDGE ( 'NONE', *, *, #2214, .F. ) ;
#1733 = ORIENTED_EDGE ( 'NONE', *, *, #3041, .T. ) ;
#1734 = EDGE_CURVE ( 'NONE', #1057, #1889, #1427, .T. ) ;
#1735 = DIRECTION ( 'NONE',  ( -0.000000000000000000, -0.000000000000000000, 1.000000000000000000 ) ) ;
#1736 = CIRCLE ( 'NONE', #1183, 5.000000000000004441 ) ;
#1737 = DIRECTION ( 'NONE',  ( -0.000000000000000000, -0.000000000000000000, -1.000000000000000000 ) ) ;
#1738 = EDGE_CURVE ( 'NONE', #2934, #346, #1635, .T. ) ;
#1739 = CARTESIAN_POINT ( 'NONE',  ( 80.00000000000000000, 79.99999999999998579, 0.000000000000000000 ) ) ;
#1740 = FACE_OUTER_BOUND ( 'NONE', #45, .T. ) ;
#1741 = AXIS2_PLACEMENT_3D ( 'NONE', #1654, #312, #3037 ) ;
#1742 = CARTESIAN_POINT ( 'NONE',  ( -85.00000000000000000, -80.00000000000000000, 0.000000000000000000 ) ) ;
#1743 = CIRCLE ( 'NONE', #576, 5.000000000000004441 ) ;
#1744 = FACE_OUTER_BOUND ( 'NONE', #2387, .T. ) ;
#1745 = ORIENTED_EDGE ( 'NONE', *, *, #1104, .F. ) ;
#1746 = EDGE_CURVE ( 'NONE', #303, #1894, #2223, .T. ) ;
#1747 = COORDINATED_UNIVERSAL_TIME_OFFSET ( 1, 0, .AHEAD. ) ;
#1748 = ORIENTED_EDGE ( 'NONE', *, *, #3311, .T. ) ;
#1749 = CARTESIAN_POINT ( 'NONE',  ( -7.500000000000000000, 9.184850993605147944E-16, 20.00000000000000000 ) ) ;
#1750 = VECTOR ( 'NONE', #1172, 1000.000000000000000 ) ;
#1751 = AXIS2_PLACEMENT_3D ( 'NONE', #3, #531, #273 ) ;
#1752 = FACE_OUTER_BOUND ( 'NONE', #2266, .T. ) ;
#1753 = AXIS2_PLACEMENT_3D ( 'NONE', #1484, #3349, #1721 ) ;
#1754 = EDGE_CURVE ( 'NONE', #1451, #2963, #3291, .T. ) ;
#1755 = DIRECTION ( 'NONE',  ( 0.000000000000000000, 0.000000000000000000, -1.000000000000000000 ) ) ;
#1756 = CIRCLE ( 'NONE', #1988, 10.00000000000000888 ) ;
#1757 = CARTESIAN_POINT ( 'NONE',  ( 137.4999999999999432, -137.4999999999999432, 190.0000000000000000 ) ) ;
#1758 = APPROVAL_PERSON_ORGANIZATION ( #3016, #677, #2539 ) ;
#1759 = CARTESIAN_POINT ( 'NONE',  ( 147.4999999999999716, -137.4999999999999432, 190.0000000000000000 ) ) ;
#1760 = DIRECTION ( 'NONE',  ( 1.000000000000000000, 0.000000000000000000, 0.000000000000000000 ) ) ;
#1761 = ORIENTED_EDGE ( 'NONE', *, *, #2298, .F. ) ;
#1762 = APPROVAL_STATUS ( 'not_yet_approved' ) ;
#1763 = ORIENTED_EDGE ( 'NONE', *, *, #3166, .F. ) ;
#1764 = FACE_OUTER_BOUND ( 'NONE', #289, .T. ) ;
#1765 = FACE_BOUND ( 'NONE', #1143, .T. ) ;
#1766 = AXIS2_PLACEMENT_3D ( 'NONE', #3185, #791, #290 ) ;
#1767 = VECTOR ( 'NONE', #379, 1000.000000000000000 ) ;
#1768 = CARTESIAN_POINT ( 'NONE',  ( -137.4999999999999432, -137.4999999999999432, 190.0000000000000000 ) ) ;
#1769 = ORIENTED_EDGE ( 'NONE', *, *, #2931, .F. ) ;
#1770 = FACE_BOUND ( 'NONE', #2398, .T. ) ;
#1771 = CARTESIAN_POINT ( 'NONE',  ( 152.4999999999999716, -152.4999999999999432, 0.000000000000000000 ) ) ;
#1772 = EDGE_CURVE ( 'NONE', #3224, #2051, #652, .T. ) ;
#1773 = CARTESIAN_POINT ( 'NONE',  ( 152.5000000000000284, 137.4999999999999716, 200.0000000000000000 ) ) ;
#1774 = DIRECTION ( 'NONE',  ( -0.000000000000000000, -0.000000000000000000, 1.000000000000000000 ) ) ;
#1775 = DIRECTION ( 'NONE',  ( 1.000000000000000000, 0.000000000000000000, 0.000000000000000000 ) ) ;
#1776 = ORIENTED_EDGE ( 'NONE', *, *, #3063, .T. ) ;
#1777 = PRODUCT_RELATED_PRODUCT_CATEGORY ( 'detail', '', ( #928 ) ) ;
#1778 = ADVANCED_FACE ( 'NONE', ( #1444 ), #2517, .F. ) ;
#1779 = ORIENTED_EDGE ( 'NONE', *, *, #758, .T. ) ;
#1780 = ORIENTED_EDGE ( 'NONE', *, *, #2617, .F. ) ;
#1781 = DIRECTION ( 'NONE',  ( -0.000000000000000000, -0.000000000000000000, 1.000000000000000000 ) ) ;
#1782 = CARTESIAN_POINT ( 'NONE',  ( 147.4999999999999716, 137.4999999999999716, 190.0000000000000000 ) ) ;
#1783 = DIRECTION ( 'NONE',  ( -0.000000000000000000, -0.000000000000000000, 1.000000000000000000 ) ) ;
#1784 = EDGE_LOOP ( 'NONE', ( #1992, #3244, #2610, #1163 ) ) ;
#1785 = LINE ( 'NONE', #2038, #3233 ) ;
#1786 = FACE_OUTER_BOUND ( 'NONE', #736, .T. ) ;
#1787 = DIRECTION ( 'NONE',  ( -9.100188726435710823E-17, -1.000000000000000000, 0.000000000000000000 ) ) ;
#1788 = ADVANCED_FACE ( 'NONE', ( #1726 ), #3320, .F. ) ;
#1789 = CARTESIAN_POINT ( 'NONE',  ( -137.5000000000000000, -152.4999999999999432, 200.0000000000000000 ) ) ;
#1790 = EDGE_CURVE ( 'NONE', #1389, #3282, #1148, .T. ) ;
#1791 = ORIENTED_EDGE ( 'NONE', *, *, #3435, .T. ) ;
#1792 = PERSON_AND_ORGANIZATION ( #1041, #1034 ) ;
#1793 = AXIS2_PLACEMENT_3D ( 'NONE', #3288, #595, #44 ) ;
#1794 = FACE_OUTER_BOUND ( 'NONE', #3345, .T. ) ;
#1795 = ORIENTED_EDGE ( 'NONE', *, *, #1224, .F. ) ;
#1796 = EDGE_CURVE ( 'NONE', #19, #2601, #1567, .T. ) ;
#1797 = EDGE_LOOP ( 'NONE', ( #869, #1876 ) ) ;
#1798 = DIRECTION ( 'NONE',  ( 0.000000000000000000, 0.000000000000000000, 1.000000000000000000 ) ) ;
#1799 = DIRECTION ( 'NONE',  ( -0.000000000000000000, -0.000000000000000000, 1.000000000000000000 ) ) ;
#1800 = CARTESIAN_POINT ( 'NONE',  ( -6.123233995736760366E-16, 25.00000000000000000, 190.0000000000000000 ) ) ;
#1801 = EDGE_LOOP ( 'NONE', ( #2220, #1349, #2671, #3075 ) ) ;
#1802 = EDGE_CURVE ( 'NONE', #3378, #23, #2319, .T. ) ;
#1803 = CARTESIAN_POINT ( 'NONE',  ( 0.000000000000000000, 0.000000000000000000, 190.0000000000000000 ) ) ;
#1804 = CIRCLE ( 'NONE', #2919, 5.000000000000004441 ) ;
#1805 = CARTESIAN_POINT ( 'NONE',  ( 7.500000000000000000, 0.000000000000000000, 20.00000000000000000 ) ) ;
#1806 = CIRCLE ( 'NONE', #244, 10.00000000000000888 ) ;
#1807 = AXIS2_PLACEMENT_3D ( 'NONE', #1258, #1001, #2620 ) ;
#1808 = DIRECTION ( 'NONE',  ( 0.000000000000000000, 0.000000000000000000, -1.000000000000000000 ) ) ;
#1809 = CARTESIAN_POINT ( 'NONE',  ( 7.500000000000000000, 0.000000000000000000, 10.00000000000000000 ) ) ;
#1810 = CIRCLE ( 'NONE', #3278, 10.00000000000000888 ) ;
#1811 = EDGE_CURVE ( 'NONE', #1292, #1508, #2829, .T. ) ;
#1812 = DIRECTION ( 'NONE',  ( 1.000000000000000000, 0.000000000000000000, 0.000000000000000000 ) ) ;
#1813 = ORIENTED_EDGE ( 'NONE', *, *, #941, .F. ) ;
#1814 = CIRCLE ( 'NONE', #2548, 5.000000000000004441 ) ;
#1815 = ORIENTED_EDGE ( 'NONE', *, *, #1486, .F. ) ;
#1816 = CARTESIAN_POINT ( 'NONE',  ( -75.00000000000000000, 79.99999999999998579, 10.00000000000000000 ) ) ;
#1817 = CARTESIAN_POINT ( 'NONE',  ( 15.00000000000000000, 1.836970198721029589E-15, 210.0000000000000000 ) ) ;
#1818 = EDGE_CURVE ( 'NONE', #2882, #2001, #2313, .T. ) ;
#1819 = EDGE_CURVE ( 'NONE', #2091, #2195, #1867, .T. ) ;
#1820 = VECTOR ( 'NONE', #170, 1000.000000000000000 ) ;
#1821 = DIRECTION ( 'NONE',  ( 1.000000000000000000, 0.000000000000000000, 0.000000000000000000 ) ) ;
#1822 = ORIENTED_EDGE ( 'NONE', *, *, #1566, .T. ) ;
#1823 = AXIS2_PLACEMENT_3D ( 'NONE', #2187, #2690, #638 ) ;
#1824 = FACE_BOUND ( 'NONE', #440, .T. ) ;
#1825 = CARTESIAN_POINT ( 'NONE',  ( 137.4999999999999147, 152.5000000000000000, 9.999999999999994671 ) ) ;
#1826 = FACE_OUTER_BOUND ( 'NONE', #2393, .T. ) ;
#1827 = LINE ( 'NONE', #498, #1642 ) ;
#1828 = DIRECTION ( 'NONE',  ( -1.000000000000000000, 0.000000000000000000, 0.000000000000000000 ) ) ;
#1829 = EDGE_LOOP ( 'NONE', ( #1964, #532, #1256, #2281 ) ) ;
#1830 = ORIENTED_EDGE ( 'NONE', *, *, #864, .F. ) ;
#1831 = DIRECTION ( 'NONE',  ( -1.820037745287142411E-16, -1.000000000000000000, 0.000000000000000000 ) ) ;
#1832 = DIRECTION ( 'NONE',  ( -0.000000000000000000, -0.000000000000000000, 1.000000000000000000 ) ) ;
#1833 = DIRECTION ( 'NONE',  ( -1.000000000000000000, 0.000000000000000000, -0.000000000000000000 ) ) ;
#1834 = VERTEX_POINT ( 'NONE', #462 ) ;
#1835 = EDGE_CURVE ( 'NONE', #2001, #2326, #1205, .T. ) ;
#1836 = ADVANCED_FACE ( 'NONE', ( #1993, #1786 ), #2550, .T. ) ;
#1837 = DIRECTION ( 'NONE',  ( -0.000000000000000000, -0.000000000000000000, 1.000000000000000000 ) ) ;
#1838 = EDGE_LOOP ( 'NONE', ( #832, #2726, #849, #904 ) ) ;
#1839 = CARTESIAN_POINT ( 'NONE',  ( 0.000000000000000000, 0.000000000000000000, 200.0000000000000000 ) ) ;
#1840 = LINE ( 'NONE', #2334, #805 ) ;
#1841 = ADVANCED_FACE ( 'NONE', ( #944 ), #3057, .T. ) ;
#1842 = AXIS2_PLACEMENT_3D ( 'NONE', #2275, #1471, #3337 ) ;
#1843 = DIRECTION ( 'NONE',  ( 0.000000000000000000, 0.000000000000000000, -1.000000000000000000 ) ) ;
#1844 = LINE ( 'NONE', #1354, #3375 ) ;
#1845 = DIRECTION ( 'NONE',  ( -1.000000000000000000, 0.000000000000000000, 0.000000000000000000 ) ) ;
#1846 = CIRCLE ( 'NONE', #2803, 9.999999999999980460 ) ;
#1847 = CARTESIAN_POINT ( 'NONE',  ( -137.4999999999999716, 147.5000000000000284, 190.0000000000000000 ) ) ;
#1848 = ORIENTED_EDGE ( 'NONE', *, *, #1933, .F. ) ;
#1849 = EDGE_CURVE ( 'NONE', #1622, #3266, #1219, .T. ) ;
#1850 = ORIENTED_EDGE ( 'NONE', *, *, #1905, .F. ) ;
#1851 = CARTESIAN_POINT ( 'NONE',  ( -137.4999999999999716, -137.4999999999999432, 190.0000000000000000 ) ) ;
#1852 = CARTESIAN_POINT ( 'NONE',  ( 75.00000000000000000, 79.99999999999998579, 200.0000000000000000 ) ) ;
#1853 = AXIS2_PLACEMENT_3D ( 'NONE', #3069, #3316, #987 ) ;
#1854 = VERTEX_POINT ( 'NONE', #2581 ) ;
#1855 = AXIS2_PLACEMENT_3D ( 'NONE', #2331, #1037, #226 ) ;
#1856 = FACE_OUTER_BOUND ( 'NONE', #3120, .T. ) ;
#1857 = EDGE_LOOP ( 'NONE', ( #2559, #1102, #2984, #2700 ) ) ;
#1858 = EDGE_CURVE ( 'NONE', #198, #770, #3353, .T. ) ;
#1859 = DIRECTION ( 'NONE',  ( -1.000000000000000000, 0.000000000000000000, 0.000000000000000000 ) ) ;
#1860 = CARTESIAN_POINT ( 'NONE',  ( 137.4999999999999432, -137.4999999999999432, 0.000000000000000000 ) ) ;
#1861 = ORIENTED_EDGE ( 'NONE', *, *, #155, .F. ) ;
#1862 = EDGE_CURVE ( 'NONE', #3450, #51, #2564, .T. ) ;
#1863 = AXIS2_PLACEMENT_3D ( 'NONE', #3171, #1316, #2351 ) ;
#1864 = CARTESIAN_POINT ( 'NONE',  ( -137.5000000000000000, -137.4999999999999432, 200.0000000000000000 ) ) ;
#1865 = DIRECTION ( 'NONE',  ( -0.000000000000000000, -0.000000000000000000, 1.000000000000000000 ) ) ;
#1866 = CARTESIAN_POINT ( 'NONE',  ( -137.4999999999999432, -137.4999999999999432, 0.000000000000000000 ) ) ;
#1867 = CIRCLE ( 'NONE', #416, 5.000000000000004441 ) ;
#1868 = AXIS2_PLACEMENT_3D ( 'NONE', #1033, #2063, #178 ) ;
#1869 = ADVANCED_FACE ( 'NONE', ( #1740 ), #3085, .F. ) ;
#1870 = DIRECTION ( 'NONE',  ( 1.820037745287142165E-16, 1.000000000000000000, 0.000000000000000000 ) ) ;
#1871 = ORIENTED_EDGE ( 'NONE', *, *, #2270, .T. ) ;
#1872 = ORIENTED_EDGE ( 'NONE', *, *, #1509, .F. ) ;
#1873 =( GEOMETRIC_REPRESENTATION_CONTEXT ( 3 ) GLOBAL_UNCERTAINTY_ASSIGNED_CONTEXT ( ( #514 ) ) GLOBAL_UNIT_ASSIGNED_CONTEXT ( ( #949, #162, #90 ) ) REPRESENTATION_CONTEXT ( 'NONE', 'WORKASPACE' ) );
#1874 = DIRECTION ( 'NONE',  ( -1.000000000000000000, 0.000000000000000000, 0.000000000000000000 ) ) ;
#1875 = FACE_OUTER_BOUND ( 'NONE', #2699, .T. ) ;
#1876 = ORIENTED_EDGE ( 'NONE', *, *, #1968, .F. ) ;
#1877 = CARTESIAN_POINT ( 'NONE',  ( -152.5000000000000568, -152.4999999999999432, 190.0000000000000000 ) ) ;
#1878 = VERTEX_POINT ( 'NONE', #2302 ) ;
#1879 = ORIENTED_EDGE ( 'NONE', *, *, #3420, .T. ) ;
#1880 = DIRECTION ( 'NONE',  ( 0.000000000000000000, 0.000000000000000000, 1.000000000000000000 ) ) ;
#1881 = CARTESIAN_POINT ( 'NONE',  ( -152.4999999999999716, 152.5000000000000284, 10.00000000000000000 ) ) ;
#1882 = ORIENTED_EDGE ( 'NONE', *, *, #1387, .T. ) ;
#1883 = DIRECTION ( 'NONE',  ( 0.000000000000000000, 0.000000000000000000, -1.000000000000000000 ) ) ;
#1884 = DIRECTION ( 'NONE',  ( 0.000000000000000000, 0.000000000000000000, 1.000000000000000000 ) ) ;
#1885 = EDGE_CURVE ( 'NONE', #2790, #279, #974, .T. ) ;
#1886 = DIRECTION ( 'NONE',  ( -0.000000000000000000, -0.000000000000000000, 1.000000000000000000 ) ) ;
#1887 = FACE_OUTER_BOUND ( 'NONE', #3165, .T. ) ;
#1888 = ORIENTED_EDGE ( 'NONE', *, *, #1242, .T. ) ;
#1889 = VERTEX_POINT ( 'NONE', #728 ) ;
#1890 = EDGE_CURVE ( 'NONE', #2264, #2151, #2034, .T. ) ;
#1891 = DIRECTION ( 'NONE',  ( 0.000000000000000000, -1.000000000000000000, 0.000000000000000000 ) ) ;
#1892 = DIRECTION ( 'NONE',  ( 0.000000000000000000, 0.000000000000000000, 1.000000000000000000 ) ) ;
#1893 = ORIENTED_EDGE ( 'NONE', *, *, #655, .F. ) ;
#1894 = VERTEX_POINT ( 'NONE', #794 ) ;
#1895 = CARTESIAN_POINT ( 'NONE',  ( -152.5000000000000568, -152.4999999999999432, 190.0000000000000000 ) ) ;
#1896 = CARTESIAN_POINT ( 'NONE',  ( -137.4999999999999432, -137.4999999999999432, 0.000000000000000000 ) ) ;
#1897 = ORIENTED_EDGE ( 'NONE', *, *, #2975, .T. ) ;
#1898 = ORIENTED_EDGE ( 'NONE', *, *, #3189, .F. ) ;
#1899 = DIRECTION ( 'NONE',  ( 0.000000000000000000, -0.000000000000000000, 1.000000000000000000 ) ) ;
#1900 = ORIENTED_EDGE ( 'NONE', *, *, #615, .F. ) ;
#1901 = ADVANCED_FACE ( 'NONE', ( #2121 ), #2084, .F. ) ;
#1902 = CARTESIAN_POINT ( 'NONE',  ( 79.99999999999998579, -80.00000000000000000, 600.0000000000000000 ) ) ;
#1903 = CARTESIAN_POINT ( 'NONE',  ( 127.4999999999999432, -137.4999999999999432, 0.000000000000000000 ) ) ;
#1904 = DIRECTION ( 'NONE',  ( -1.000000000000000000, 1.820037745287142658E-16, 0.000000000000000000 ) ) ;
#1905 = EDGE_CURVE ( 'NONE', #3378, #1623, #2592, .T. ) ;
#1906 = CYLINDRICAL_SURFACE ( 'NONE', #2730, 5.000000000000004441 ) ;
#1907 = EDGE_LOOP ( 'NONE', ( #2177, #2604, #2756, #2474 ) ) ;
#1908 = CIRCLE ( 'NONE', #2524, 15.00000000000001421 ) ;
#1909 = VERTEX_POINT ( 'NONE', #1825 ) ;
#1910 = FACE_OUTER_BOUND ( 'NONE', #579, .T. ) ;
#1911 = CYLINDRICAL_SURFACE ( 'NONE', #3428, 5.000000000000004441 ) ;
#1912 = DIRECTION ( 'NONE',  ( 1.009293658750142892E-16, 1.000000000000000000, 0.000000000000000000 ) ) ;
#1913 = EDGE_CURVE ( 'NONE', #614, #1951, #3188, .T. ) ;
#1914 = ORIENTED_EDGE ( 'NONE', *, *, #1270, .F. ) ;
#1915 = EDGE_LOOP ( 'NONE', ( #2508, #1159, #2917, #502 ) ) ;
#1916 = AXIS2_PLACEMENT_3D ( 'NONE', #1293, #230, #775 ) ;
#1917 = CARTESIAN_POINT ( 'NONE',  ( 5.510910596163089556E-15, -25.00000000000000000, 200.0000000000000000 ) ) ;
#1918 = ORIENTED_EDGE ( 'NONE', *, *, #496, .T. ) ;
#1919 = ORIENTED_EDGE ( 'NONE', *, *, #3239, .T. ) ;
#1920 = VECTOR ( 'NONE', #1533, 1000.000000000000000 ) ;
#1921 = CARTESIAN_POINT ( 'NONE',  ( 147.4999999999999432, -137.4999999999999432, 190.0000000000000000 ) ) ;
#1922 = ORIENTED_EDGE ( 'NONE', *, *, #2287, .T. ) ;
#1923 = LINE ( 'NONE', #896, #777 ) ;
#1924 = CARTESIAN_POINT ( 'NONE',  ( -137.4999999999999432, 137.5000000000000000, 190.0000000000000000 ) ) ;
#1925 = AXIS2_PLACEMENT_3D ( 'NONE', #3215, #1555, #2947 ) ;
#1926 = FACE_OUTER_BOUND ( 'NONE', #1340, .T. ) ;
#1927 = ORIENTED_EDGE ( 'NONE', *, *, #21, .F. ) ;
#1928 = FACE_OUTER_BOUND ( 'NONE', #1986, .T. ) ;
#1929 = ORIENTED_EDGE ( 'NONE', *, *, #1230, .F. ) ;
#1930 = AXIS2_PLACEMENT_3D ( 'NONE', #3380, #1505, #2276 ) ;
#1931 = AXIS2_PLACEMENT_3D ( 'NONE', #2135, #2622, #3147 ) ;
#1932 = CYLINDRICAL_SURFACE ( 'NONE', #2594, 15.00000000000000000 ) ;
#1933 = EDGE_CURVE ( 'NONE', #2852, #1430, #231, .T. ) ;
#1934 = CARTESIAN_POINT ( 'NONE',  ( 152.4999999999999716, -137.4999999999999432, 0.000000000000000000 ) ) ;
#1935 = ORIENTED_EDGE ( 'NONE', *, *, #1858, .T. ) ;
#1936 = AXIS2_PLACEMENT_3D ( 'NONE', #1286, #2113, #3421 ) ;
#1937 = EDGE_LOOP ( 'NONE', ( #2477, #1780, #2169, #1668 ) ) ;
#1938 = ORIENTED_EDGE ( 'NONE', *, *, #3068, .T. ) ;
#1939 = ADVANCED_FACE ( 'NONE', ( #2876 ), #3429, .F. ) ;
#1940 = DIRECTION ( 'NONE',  ( -0.000000000000000000, -0.000000000000000000, 1.000000000000000000 ) ) ;
#1941 = ORIENTED_EDGE ( 'NONE', *, *, #1075, .F. ) ;
#1942 = VECTOR ( 'NONE', #1418, 1000.000000000000000 ) ;
#1943 = DIRECTION ( 'NONE',  ( 1.000000000000000000, 0.000000000000000000, 0.000000000000000000 ) ) ;
#1944 = ORIENTED_EDGE ( 'NONE', *, *, #1802, .F. ) ;
#1945 = EDGE_CURVE ( 'NONE', #279, #3328, #2662, .T. ) ;
#1946 = VECTOR ( 'NONE', #2567, 1000.000000000000000 ) ;
#1947 = DIRECTION ( 'NONE',  ( 1.000000000000000000, 0.000000000000000000, 0.000000000000000000 ) ) ;
#1948 = DIRECTION ( 'NONE',  ( 1.000000000000000000, 0.000000000000000000, 0.000000000000000000 ) ) ;
#1949 = LINE ( 'NONE', #898, #1282 ) ;
#1950 = FACE_BOUND ( 'NONE', #1497, .T. ) ;
#1951 = VERTEX_POINT ( 'NONE', #3411 ) ;
#1952 = CYLINDRICAL_SURFACE ( 'NONE', #3274, 7.500000000000000000 ) ;
#1953 = APPLICATION_PROTOCOL_DEFINITION ( 'international standard', 'config_control_design', 1994, #3346 ) ;
#1954 = VERTEX_POINT ( 'NONE', #1805 ) ;
#1955 = DIRECTION ( 'NONE',  ( -1.000000000000000000, 0.000000000000000000, 0.000000000000000000 ) ) ;
#1956 = VERTEX_POINT ( 'NONE', #776 ) ;
#1957 = ADVANCED_FACE ( 'NONE', ( #1294 ), #3151, .F. ) ;
#1958 = CYLINDRICAL_SURFACE ( 'NONE', #1793, 10.00000000000000888 ) ;
#1959 = EDGE_CURVE ( 'NONE', #2706, #769, #3371, .T. ) ;
#1960 = LINE ( 'NONE', #2424, #2463 ) ;
#1961 = DIRECTION ( 'NONE',  ( 0.000000000000000000, 0.000000000000000000, 1.000000000000000000 ) ) ;
#1962 = DIRECTION ( 'NONE',  ( -0.000000000000000000, -0.000000000000000000, 1.000000000000000000 ) ) ;
#1963 = DIRECTION ( 'NONE',  ( -0.000000000000000000, -0.000000000000000000, -1.000000000000000000 ) ) ;
#1964 = ORIENTED_EDGE ( 'NONE', *, *, #283, .T. ) ;
#1965 = SECURITY_CLASSIFICATION_LEVEL ( 'unclassified' ) ;
#1966 = CIRCLE ( 'NONE', #1842, 5.000000000000000888 ) ;
#1967 = ORIENTED_EDGE ( 'NONE', *, *, #438, .F. ) ;
#1968 = EDGE_CURVE ( 'NONE', #328, #3000, #373, .T. ) ;
#1969 = ORIENTED_EDGE ( 'NONE', *, *, #1550, .T. ) ;
#1970 = ORIENTED_EDGE ( 'NONE', *, *, #1295, .F. ) ;
#1971 = DIRECTION ( 'NONE',  ( 1.000000000000000000, 0.000000000000000000, 0.000000000000000000 ) ) ;
#1972 = DIRECTION ( 'NONE',  ( 1.000000000000000000, 0.000000000000000000, 0.000000000000000000 ) ) ;
#1973 = CARTESIAN_POINT ( 'NONE',  ( -137.4999999999999716, 137.5000000000000000, 190.0000000000000000 ) ) ;
#1974 = EDGE_CURVE ( 'NONE', #1087, #607, #1840, .T. ) ;
#1975 = VECTOR ( 'NONE', #1737, 1000.000000000000000 ) ;
#1976 = DIRECTION ( 'NONE',  ( 0.000000000000000000, 0.000000000000000000, 1.000000000000000000 ) ) ;
#1977 = CYLINDRICAL_SURFACE ( 'NONE', #1296, 5.000000000000004441 ) ;
#1978 = ADVANCED_FACE ( 'NONE', ( #511 ), #1538, .F. ) ;
#1979 = CARTESIAN_POINT ( 'NONE',  ( -137.5000000000000568, -152.4999999999999432, 190.0000000000000000 ) ) ;
#1980 = FACE_BOUND ( 'NONE', #1285, .T. ) ;
#1981 = ORIENTED_EDGE ( 'NONE', *, *, #1818, .T. ) ;
#1982 = DIRECTION ( 'NONE',  ( 0.000000000000000000, 0.000000000000000000, 1.000000000000000000 ) ) ;
#1983 = ORIENTED_EDGE ( 'NONE', *, *, #541, .T. ) ;
#1984 = VECTOR ( 'NONE', #1473, 1000.000000000000000 ) ;
#1985 = EDGE_LOOP ( 'NONE', ( #643, #1177, #1049, #1998 ) ) ;
#1986 = EDGE_LOOP ( 'NONE', ( #121, #2982, #988, #2758 ) ) ;
#1987 = CARTESIAN_POINT ( 'NONE',  ( -147.4999999999999716, 137.5000000000000000, 190.0000000000000000 ) ) ;
#1988 = AXIS2_PLACEMENT_3D ( 'NONE', #3374, #2899, #3160 ) ;
#1989 = CARTESIAN_POINT ( 'NONE',  ( -137.5000000000000568, -152.4999999999999432, 190.0000000000000000 ) ) ;
#1990 = AXIS2_PLACEMENT_3D ( 'NONE', #2297, #2806, #1180 ) ;
#1991 = CARTESIAN_POINT ( 'NONE',  ( -80.00000000000001421, -80.00000000000000000, 600.0000000000000000 ) ) ;
#1992 = ORIENTED_EDGE ( 'NONE', *, *, #336, .F. ) ;
#1993 = FACE_BOUND ( 'NONE', #175, .T. ) ;
#1994 = AXIS2_PLACEMENT_3D ( 'NONE', #911, #430, #972 ) ;
#1995 = CARTESIAN_POINT ( 'NONE',  ( 85.00000000000000000, -80.00000000000000000, 0.000000000000000000 ) ) ;
#1996 = EDGE_CURVE ( 'NONE', #1292, #2538, #217, .T. ) ;
#1997 = LINE ( 'NONE', #70, #1724 ) ;
#1998 = ORIENTED_EDGE ( 'NONE', *, *, #2106, .T. ) ;
#1999 = PERSON_AND_ORGANIZATION ( #1041, #1034 ) ;
#2000 = VECTOR ( 'NONE', #2552, 1000.000000000000000 ) ;
#2001 = VERTEX_POINT ( 'NONE', #2140 ) ;
#2002 = VERTEX_POINT ( 'NONE', #1552 ) ;
#2003 = EDGE_CURVE ( 'NONE', #2538, #2475, #2819, .T. ) ;
#2004 = ORIENTED_EDGE ( 'NONE', *, *, #1319, .T. ) ;
#2005 = DIRECTION ( 'NONE',  ( -0.000000000000000000, -0.000000000000000000, 1.000000000000000000 ) ) ;
#2006 = FACE_OUTER_BOUND ( 'NONE', #2196, .T. ) ;
#2007 = EDGE_CURVE ( 'NONE', #704, #2897, #2642, .T. ) ;
#2008 = CYLINDRICAL_SURFACE ( 'NONE', #1229, 5.000000000000004441 ) ;
#2009 = DIRECTION ( 'NONE',  ( 0.000000000000000000, 0.000000000000000000, -1.000000000000000000 ) ) ;
#2010 = DIRECTION ( 'NONE',  ( 0.000000000000000000, 0.000000000000000000, 1.000000000000000000 ) ) ;
#2011 = LINE ( 'NONE', #1235, #617 ) ;
#2012 = VERTEX_POINT ( 'NONE', #252 ) ;
#2013 = AXIS2_PLACEMENT_3D ( 'NONE', #1902, #338, #1119 ) ;
#2014 = EDGE_CURVE ( 'NONE', #1585, #2639, #1005, .T. ) ;
#2015 = VERTEX_POINT ( 'NONE', #1313 ) ;
#2016 = ORIENTED_EDGE ( 'NONE', *, *, #2003, .F. ) ;
#2017 = CARTESIAN_POINT ( 'NONE',  ( -5.000000000000001776, 25.00000000000000000, 200.0000000000000000 ) ) ;
#2018 = AXIS2_PLACEMENT_3D ( 'NONE', #2261, #2831, #2565 ) ;
#2019 = CARTESIAN_POINT ( 'NONE',  ( -152.5000000000000284, -152.4999999999999432, 610.0000000000000000 ) ) ;
#2020 = DIRECTION ( 'NONE',  ( -1.000000000000000000, 0.000000000000000000, 0.000000000000000000 ) ) ;
#2021 = DIRECTION ( 'NONE',  ( 0.000000000000000000, 0.000000000000000000, -1.000000000000000000 ) ) ;
#2022 = AXIS2_PLACEMENT_3D ( 'NONE', #1973, #648, #2712 ) ;
#2023 = CARTESIAN_POINT ( 'NONE',  ( -152.5000000000000284, -152.4999999999999432, 200.0000000000000000 ) ) ;
#2024 = FACE_BOUND ( 'NONE', #1605, .T. ) ;
#2025 = AXIS2_PLACEMENT_3D ( 'NONE', #2637, #213, #1274 ) ;
#2026 = DIRECTION ( 'NONE',  ( 0.000000000000000000, 0.000000000000000000, 1.000000000000000000 ) ) ;
#2027 = VERTEX_POINT ( 'NONE', #2386 ) ;
#2028 = ORIENTED_EDGE ( 'NONE', *, *, #1202, .F. ) ;
#2029 = ORIENTED_EDGE ( 'NONE', *, *, #1628, .F. ) ;
#2030 = ADVANCED_FACE ( 'NONE', ( #3449 ), #1958, .F. ) ;
#2031 = LINE ( 'NONE', #3096, #310 ) ;
#2032 = CIRCLE ( 'NONE', #1198, 5.000000000000004441 ) ;
#2033 = ADVANCED_FACE ( 'NONE', ( #3229 ), #1632, .F. ) ;
#2034 = CIRCLE ( 'NONE', #523, 15.00000000000001421 ) ;
#2035 = CARTESIAN_POINT ( 'NONE',  ( -152.5000000000000568, -137.4999999999999432, 9.999999999999994671 ) ) ;
#2036 = CIRCLE ( 'NONE', #2274, 7.500000000000000000 ) ;
#2037 = ORIENTED_EDGE ( 'NONE', *, *, #729, .F. ) ;
#2038 = CARTESIAN_POINT ( 'NONE',  ( -75.00000000000000000, 79.99999999999998579, 190.0000000000000000 ) ) ;
#2039 = AXIS2_PLACEMENT_3D ( 'NONE', #2635, #210, #1831 ) ;
#2040 = DIRECTION ( 'NONE',  ( -9.100188726435709590E-17, -1.000000000000000000, 0.000000000000000000 ) ) ;
#2041 = DIRECTION ( 'NONE',  ( 0.000000000000000000, 0.000000000000000000, 1.000000000000000000 ) ) ;
#2042 = DIRECTION ( 'NONE',  ( -0.000000000000000000, -0.000000000000000000, -1.000000000000000000 ) ) ;
#2043 = CARTESIAN_POINT ( 'NONE',  ( -127.4999999999999432, -137.4999999999999432, 190.0000000000000000 ) ) ;
#2044 = EDGE_LOOP ( 'NONE', ( #3277, #2656 ) ) ;
#2045 = VERTEX_POINT ( 'NONE', #2421 ) ;
#2046 = ORIENTED_EDGE ( 'NONE', *, *, #3347, .F. ) ;
#2047 = CARTESIAN_POINT ( 'NONE',  ( 127.4999999999999432, 137.4999999999999716, 0.000000000000000000 ) ) ;
#2048 = DIRECTION ( 'NONE',  ( -1.000000000000000000, 0.000000000000000000, 0.000000000000000000 ) ) ;
#2049 = VECTOR ( 'NONE', #1870, 1000.000000000000000 ) ;
#2050 = CARTESIAN_POINT ( 'NONE',  ( -152.4999999999999716, 152.5000000000000284, 10.00000000000000000 ) ) ;
#2051 = VERTEX_POINT ( 'NONE', #1921 ) ;
#2052 = EDGE_CURVE ( 'NONE', #1956, #198, #1153, .T. ) ;
#2053 = EDGE_CURVE ( 'NONE', #1074, #2835, #229, .T. ) ;
#2054 = DIRECTION ( 'NONE',  ( 1.000000000000000000, 0.000000000000000000, 0.000000000000000000 ) ) ;
#2055 = DIRECTION ( 'NONE',  ( -0.000000000000000000, -0.000000000000000000, 1.000000000000000000 ) ) ;
#2056 = CARTESIAN_POINT ( 'NONE',  ( -152.4999999999999716, 137.4999999999999716, 610.0000000000000000 ) ) ;
#2057 = CARTESIAN_POINT ( 'NONE',  ( 152.5000000000000284, 137.4999999999999716, 10.00000000000000000 ) ) ;
#2058 = ORIENTED_EDGE ( 'NONE', *, *, #573, .F. ) ;
#2059 = PLANE ( 'NONE',  #3336 ) ;
#2060 = ORIENTED_EDGE ( 'NONE', *, *, #2586, .F. ) ;
#2061 = ORIENTED_EDGE ( 'NONE', *, *, #1136, .T. ) ;
#2062 = CARTESIAN_POINT ( 'NONE',  ( -7.500000000000000000, 9.184850993605147944E-16, 190.0000000000000000 ) ) ;
#2063 = DIRECTION ( 'NONE',  ( 0.000000000000000000, 0.000000000000000000, 1.000000000000000000 ) ) ;
#2064 = EDGE_CURVE ( 'NONE', #2676, #3000, #2442, .T. ) ;
#2065 = DIRECTION ( 'NONE',  ( 1.000000000000000000, 0.000000000000000000, 0.000000000000000000 ) ) ;
#2066 = ORIENTED_EDGE ( 'NONE', *, *, #2348, .T. ) ;
#2067 = DIRECTION ( 'NONE',  ( 0.000000000000000000, 0.000000000000000000, 1.000000000000000000 ) ) ;
#2068 = AXIS2_PLACEMENT_3D ( 'NONE', #3292, #67, #2950 ) ;
#2069 = DIRECTION ( 'NONE',  ( 1.000000000000000000, 0.000000000000000000, 0.000000000000000000 ) ) ;
#2070 = EDGE_CURVE ( 'NONE', #1133, #810, #3256, .T. ) ;
#2071 = CARTESIAN_POINT ( 'NONE',  ( 84.99999999999998579, -80.00000000000000000, 610.0000000000000000 ) ) ;
#2072 = DIRECTION ( 'NONE',  ( 0.000000000000000000, 0.000000000000000000, -1.000000000000000000 ) ) ;
#2073 = AXIS2_PLACEMENT_3D ( 'NONE', #1803, #2067, #2891 ) ;
#2074 = CARTESIAN_POINT ( 'NONE',  ( 85.00000000000000000, -80.00000000000000000, 200.0000000000000000 ) ) ;
#2075 = ORIENTED_EDGE ( 'NONE', *, *, #1224, .T. ) ;
#2076 = ORIENTED_EDGE ( 'NONE', *, *, #2466, .T. ) ;
#2077 = EDGE_CURVE ( 'NONE', #2195, #3319, #2204, .T. ) ;
#2078 = PLANE ( 'NONE',  #2039 ) ;
#2079 = CARTESIAN_POINT ( 'NONE',  ( -80.00000000000000000, 79.99999999999998579, 200.0000000000000000 ) ) ;
#2080 = FACE_OUTER_BOUND ( 'NONE', #3206, .T. ) ;
#2081 = ORIENTED_EDGE ( 'NONE', *, *, #1319, .F. ) ;
#2082 = DIRECTION ( 'NONE',  ( 0.000000000000000000, 0.000000000000000000, 1.000000000000000000 ) ) ;
#2083 = AXIS2_PLACEMENT_3D ( 'NONE', #1395, #1139, #1948 ) ;
#2084 = CYLINDRICAL_SURFACE ( 'NONE', #1751, 5.000000000000004441 ) ;
#2085 = AXIS2_PLACEMENT_3D ( 'NONE', #2619, #2327, #785 ) ;
#2086 = CIRCLE ( 'NONE', #597, 15.00000000000000000 ) ;
#2087 = CARTESIAN_POINT ( 'NONE',  ( 80.00000000000000000, -80.00000000000000000, 200.0000000000000000 ) ) ;
#2088 = DIRECTION ( 'NONE',  ( 1.820037745287142165E-16, 1.000000000000000000, 0.000000000000000000 ) ) ;
#2089 = ADVANCED_FACE ( 'NONE', ( #3267 ), #2182, .F. ) ;
#2090 = DIRECTION ( 'NONE',  ( -0.000000000000000000, -0.000000000000000000, 1.000000000000000000 ) ) ;
#2091 = VERTEX_POINT ( 'NONE', #853 ) ;
#2092 = VECTOR ( 'NONE', #2939, 1000.000000000000000 ) ;
#2093 = VERTEX_POINT ( 'NONE', #2762 ) ;
#2094 = FACE_OUTER_BOUND ( 'NONE', #3418, .T. ) ;
#2095 = PLANE ( 'NONE',  #2645 ) ;
#2096 = AXIS2_PLACEMENT_3D ( 'NONE', #2768, #380, #104 ) ;
#2097 = CIRCLE ( 'NONE', #1711, 15.00000000000000000 ) ;
#2098 = CARTESIAN_POINT ( 'NONE',  ( -127.4999999999999432, -137.4999999999999432, 0.000000000000000000 ) ) ;
#2099 = DIRECTION ( 'NONE',  ( -1.000000000000000000, 0.000000000000000000, 0.000000000000000000 ) ) ;
#2100 = AXIS2_PLACEMENT_3D ( 'NONE', #1586, #2921, #249 ) ;
#2101 = CARTESIAN_POINT ( 'NONE',  ( -137.4999999999999432, 152.5000000000000284, 200.0000000000000000 ) ) ;
#2102 = ORIENTED_EDGE ( 'NONE', *, *, #1696, .T. ) ;
#2103 = AXIS2_PLACEMENT_3D ( 'NONE', #1378, #2969, #297 ) ;
#2104 = FACE_BOUND ( 'NONE', #1436, .T. ) ;
#2105 = CARTESIAN_POINT ( 'NONE',  ( 152.4999999999999432, -152.4999999999999432, 9.999999999999994671 ) ) ;
#2106 = EDGE_CURVE ( 'NONE', #2155, #903, #741, .T. ) ;
#2107 = DIRECTION ( 'NONE',  ( 0.000000000000000000, 0.000000000000000000, 1.000000000000000000 ) ) ;
#2108 = CARTESIAN_POINT ( 'NONE',  ( -137.4999999999999432, -137.4999999999999432, 200.0000000000000000 ) ) ;
#2109 = CARTESIAN_POINT ( 'NONE',  ( 137.4999999999999147, 147.5000000000000000, 9.999999999999994671 ) ) ;
#2110 = CARTESIAN_POINT ( 'NONE',  ( 137.4999999999999432, 137.4999999999999716, 0.000000000000000000 ) ) ;
#2111 = VERTEX_POINT ( 'NONE', #569 ) ;
#2112 = ORIENTED_EDGE ( 'NONE', *, *, #2298, .T. ) ;
#2113 = DIRECTION ( 'NONE',  ( -0.000000000000000000, -0.000000000000000000, 1.000000000000000000 ) ) ;
#2114 = DIRECTION ( 'NONE',  ( 1.000000000000000000, -1.820037745287142411E-16, 0.000000000000000000 ) ) ;
#2115 = ORIENTED_EDGE ( 'NONE', *, *, #2787, .F. ) ;
#2116 = EDGE_LOOP ( 'NONE', ( #592, #2076 ) ) ;
#2117 = DIRECTION ( 'NONE',  ( 0.000000000000000000, 0.000000000000000000, 1.000000000000000000 ) ) ;
#2118 = VERTEX_POINT ( 'NONE', #2962 ) ;
#2119 = CYLINDRICAL_SURFACE ( 'NONE', #3058, 5.000000000000004441 ) ;
#2120 = CARTESIAN_POINT ( 'NONE',  ( -75.00000000000000000, -80.00000000000000000, 10.00000000000000000 ) ) ;
#2121 = FACE_OUTER_BOUND ( 'NONE', #568, .T. ) ;
#2122 = VERTEX_POINT ( 'NONE', #875 ) ;
#2123 = DIRECTION ( 'NONE',  ( -1.000000000000000000, 0.000000000000000000, 0.000000000000000000 ) ) ;
#2124 = DIRECTION ( 'NONE',  ( -0.000000000000000000, -0.000000000000000000, 1.000000000000000000 ) ) ;
#2125 = LINE ( 'NONE', #819, #69 ) ;
#2126 = AXIS2_PLACEMENT_3D ( 'NONE', #1280, #1787, #1297 ) ;
#2127 = DIRECTION ( 'NONE',  ( -0.000000000000000000, -0.000000000000000000, 1.000000000000000000 ) ) ;
#2128 = ORIENTED_EDGE ( 'NONE', *, *, #3080, .T. ) ;
#2129 = ORIENTED_EDGE ( 'NONE', *, *, #1712, .F. ) ;
#2130 = DIRECTION ( 'NONE',  ( 0.000000000000000000, 0.000000000000000000, 1.000000000000000000 ) ) ;
#2131 = FACE_OUTER_BOUND ( 'NONE', #3230, .T. ) ;
#2132 = ORIENTED_EDGE ( 'NONE', *, *, #3393, .T. ) ;
#2133 = ORIENTED_EDGE ( 'NONE', *, *, #2556, .F. ) ;
#2134 = EDGE_LOOP ( 'NONE', ( #675, #1362, #2037, #1406 ) ) ;
#2135 = CARTESIAN_POINT ( 'NONE',  ( -137.5000000000000000, -137.4999999999999432, 610.0000000000000000 ) ) ;
#2136 = ORIENTED_EDGE ( 'NONE', *, *, #2214, .T. ) ;
#2137 = EDGE_LOOP ( 'NONE', ( #222, #2198 ) ) ;
#2138 = DIRECTION ( 'NONE',  ( 1.000000000000000000, 0.000000000000000000, 0.000000000000000000 ) ) ;
#2139 = EDGE_CURVE ( 'NONE', #701, #267, #1373, .T. ) ;
#2140 = CARTESIAN_POINT ( 'NONE',  ( -127.4999999999999432, 137.5000000000000000, 190.0000000000000000 ) ) ;
#2141 = ORIENTED_EDGE ( 'NONE', *, *, #2926, .T. ) ;
#2142 = VECTOR ( 'NONE', #3232, 1000.000000000000000 ) ;
#2143 = ADVANCED_FACE ( 'NONE', ( #2985 ), #3022, .F. ) ;
#2144 = CARTESIAN_POINT ( 'NONE',  ( -152.4999999999999716, 137.4999999999999716, 10.00000000000000000 ) ) ;
#2145 = CARTESIAN_POINT ( 'NONE',  ( -152.5000000000000284, -152.4999999999999432, 190.0000000000000000 ) ) ;
#2146 = DIRECTION ( 'NONE',  ( 1.000000000000000000, 0.000000000000000000, 0.000000000000000000 ) ) ;
#2147 = VECTOR ( 'NONE', #2892, 1000.000000000000000 ) ;
#2148 = CIRCLE ( 'NONE', #1868, 5.000000000000004441 ) ;
#2149 = DIRECTION ( 'NONE',  ( -1.000000000000000000, 0.000000000000000000, -0.000000000000000000 ) ) ;
#2150 = ORIENTED_EDGE ( 'NONE', *, *, #1242, .F. ) ;
#2151 = VERTEX_POINT ( 'NONE', #1392 ) ;
#2152 = CC_DESIGN_APPROVAL ( #677, ( #1279 ) ) ;
#2153 = DIRECTION ( 'NONE',  ( -0.000000000000000000, -0.000000000000000000, 1.000000000000000000 ) ) ;
#2154 = CARTESIAN_POINT ( 'NONE',  ( 152.5000000000000000, 137.4999999999999716, 9.999999999999994671 ) ) ;
#2155 = VERTEX_POINT ( 'NONE', #2682 ) ;
#2156 = ORIENTED_EDGE ( 'NONE', *, *, #3351, .F. ) ;
#2157 = CIRCLE ( 'NONE', #1481, 10.00000000000000888 ) ;
#2158 = CARTESIAN_POINT ( 'NONE',  ( -137.5000000000000000, 152.5000000000000284, 9.999999999999994671 ) ) ;
#2159 = ORIENTED_EDGE ( 'NONE', *, *, #2236, .F. ) ;
#2160 = ORIENTED_EDGE ( 'NONE', *, *, #1811, .F. ) ;
#2161 = CARTESIAN_POINT ( 'NONE',  ( 80.00000000000000000, -80.00000000000000000, 0.000000000000000000 ) ) ;
#2162 = ORIENTED_EDGE ( 'NONE', *, *, #2775, .F. ) ;
#2163 = EDGE_CURVE ( 'NONE', #2045, #3378, #2461, .T. ) ;
#2164 = CLOSED_SHELL ( 'NONE', ( #1165, #37, #215, #2293, #662, #137, #1836, #450, #2878, #256, #1841, #3217, #950, #637, #193, #2480, #2940, #428 ) ) ;
#2165 = DIRECTION ( 'NONE',  ( 1.000000000000000000, 0.000000000000000000, 0.000000000000000000 ) ) ;
#2166 = CARTESIAN_POINT ( 'NONE',  ( 0.000000000000000000, 0.000000000000000000, 20.00000000000000000 ) ) ;
#2167 = CARTESIAN_POINT ( 'NONE',  ( 80.00000000000000000, -80.00000000000000000, 10.00000000000000000 ) ) ;
#2168 = DIRECTION ( 'NONE',  ( 0.000000000000000000, 0.000000000000000000, 1.000000000000000000 ) ) ;
#2169 = ORIENTED_EDGE ( 'NONE', *, *, #109, .T. ) ;
#2170 = EDGE_LOOP ( 'NONE', ( #852, #2920 ) ) ;
#2171 = CARTESIAN_POINT ( 'NONE',  ( 5.510910596163089556E-15, -25.00000000000000000, 190.0000000000000000 ) ) ;
#2172 = CARTESIAN_POINT ( 'NONE',  ( -152.4999999999999716, 152.5000000000000284, 200.0000000000000000 ) ) ;
#2173 = VECTOR ( 'NONE', #3395, 1000.000000000000000 ) ;
#2174 = ORIENTED_EDGE ( 'NONE', *, *, #406, .F. ) ;
#2175 = ORIENTED_EDGE ( 'NONE', *, *, #564, .T. ) ;
#2176 = DIRECTION ( 'NONE',  ( 1.820037745287142658E-16, 1.000000000000000000, 0.000000000000000000 ) ) ;
#2177 = ORIENTED_EDGE ( 'NONE', *, *, #2225, .F. ) ;
#2178 = LINE ( 'NONE', #2981, #1942 ) ;
#2179 = EDGE_CURVE ( 'NONE', #549, #770, #62, .T. ) ;
#2180 = ORIENTED_EDGE ( 'NONE', *, *, #1195, .F. ) ;
#2181 = ORIENTED_EDGE ( 'NONE', *, *, #460, .T. ) ;
#2182 = PLANE ( 'NONE',  #3193 ) ;
#2183 = ORIENTED_EDGE ( 'NONE', *, *, #842, .F. ) ;
#2184 = LINE ( 'NONE', #856, #2778 ) ;
#2185 = LINE ( 'NONE', #353, #136 ) ;
#2186 = EDGE_CURVE ( 'NONE', #1057, #1149, #1561, .T. ) ;
#2187 = CARTESIAN_POINT ( 'NONE',  ( 0.000000000000000000, 0.000000000000000000, 20.00000000000000000 ) ) ;
#2188 = ORIENTED_EDGE ( 'NONE', *, *, #179, .F. ) ;
#2189 = EDGE_CURVE ( 'NONE', #366, #2118, #1407, .T. ) ;
#2190 = DIRECTION ( 'NONE',  ( -0.000000000000000000, -0.000000000000000000, 1.000000000000000000 ) ) ;
#2191 = EDGE_LOOP ( 'NONE', ( #732, #2633, #1437, #2979 ) ) ;
#2192 = CIRCLE ( 'NONE', #681, 10.00000000000000888 ) ;
#2193 = DIRECTION ( 'NONE',  ( 1.000000000000000000, 0.000000000000000000, 0.000000000000000000 ) ) ;
#2194 = DIRECTION ( 'NONE',  ( 0.000000000000000000, 0.000000000000000000, 1.000000000000000000 ) ) ;
#2195 = VERTEX_POINT ( 'NONE', #1351 ) ;
#2196 = EDGE_LOOP ( 'NONE', ( #2761, #248, #1130, #843 ) ) ;
#2197 = EDGE_CURVE ( 'NONE', #2382, #328, #22, .T. ) ;
#2198 = ORIENTED_EDGE ( 'NONE', *, *, #2931, .T. ) ;
#2199 = AXIS2_PLACEMENT_3D ( 'NONE', #3102, #3410, #2333 ) ;
#2200 = VECTOR ( 'NONE', #2238, 1000.000000000000000 ) ;
#2201 = CYLINDRICAL_SURFACE ( 'NONE', #2999, 10.00000000000000888 ) ;
#2202 = ORIENTED_EDGE ( 'NONE', *, *, #3064, .F. ) ;
#2203 = CIRCLE ( 'NONE', #74, 5.000000000000000888 ) ;
#2204 = LINE ( 'NONE', #2221, #1188 ) ;
#2205 = ORIENTED_EDGE ( 'NONE', *, *, #1470, .T. ) ;
#2206 = CARTESIAN_POINT ( 'NONE',  ( 147.4999999999999716, -137.4999999999999432, 0.000000000000000000 ) ) ;
#2207 = DIRECTION ( 'NONE',  ( -0.000000000000000000, -0.000000000000000000, 1.000000000000000000 ) ) ;
#2208 = CIRCLE ( 'NONE', #1090, 15.00000000000000000 ) ;
#2209 = CARTESIAN_POINT ( 'NONE',  ( 137.4999999999999432, -137.4999999999999432, 190.0000000000000000 ) ) ;
#2210 = DIRECTION ( 'NONE',  ( 1.000000000000000000, 0.000000000000000000, 0.000000000000000000 ) ) ;
#2211 = EDGE_LOOP ( 'NONE', ( #1332, #1393, #1209, #1969 ) ) ;
#2212 = VECTOR ( 'NONE', #3396, 1000.000000000000000 ) ;
#2213 = LINE ( 'NONE', #1111, #85 ) ;
#2214 = EDGE_CURVE ( 'NONE', #2774, #1909, #1704, .T. ) ;
#2215 = EDGE_CURVE ( 'NONE', #51, #2924, #2512, .T. ) ;
#2216 = ORIENTED_EDGE ( 'NONE', *, *, #2839, .F. ) ;
#2217 = ORIENTED_EDGE ( 'NONE', *, *, #2243, .T. ) ;
#2218 = CARTESIAN_POINT ( 'NONE',  ( -75.00000000000000000, 79.99999999999998579, 0.000000000000000000 ) ) ;
#2219 = EDGE_CURVE ( 'NONE', #2122, #221, #2125, .T. ) ;
#2220 = ORIENTED_EDGE ( 'NONE', *, *, #1802, .T. ) ;
#2221 = CARTESIAN_POINT ( 'NONE',  ( -75.00000000000001421, -80.00000000000000000, 600.0000000000000000 ) ) ;
#2222 = CARTESIAN_POINT ( 'NONE',  ( 137.4999999999999147, 137.5000000000000000, 190.0000000000000000 ) ) ;
#2223 = LINE ( 'NONE', #2448, #1750 ) ;
#2224 = AXIS2_PLACEMENT_3D ( 'NONE', #1895, #2958, #2176 ) ;
#2225 = EDGE_CURVE ( 'NONE', #2091, #3264, #2949, .T. ) ;
#2226 = DIRECTION ( 'NONE',  ( 0.000000000000000000, 0.000000000000000000, 1.000000000000000000 ) ) ;
#2227 = VECTOR ( 'NONE', #3218, 1000.000000000000000 ) ;
#2228 = FACE_BOUND ( 'NONE', #552, .T. ) ;
#2229 = ORIENTED_EDGE ( 'NONE', *, *, #109, .F. ) ;
#2230 = CARTESIAN_POINT ( 'NONE',  ( 127.4999999999999432, 137.4999999999999716, 190.0000000000000000 ) ) ;
#2231 = PERSON_AND_ORGANIZATION ( #1041, #1034 ) ;
#2232 = ORIENTED_EDGE ( 'NONE', *, *, #2014, .T. ) ;
#2233 = EDGE_LOOP ( 'NONE', ( #1882, #2112, #2523, #3465 ) ) ;
#2234 = APPLICATION_CONTEXT ( 'configuration controlled 3d designs of mechanical parts and assemblies' ) ;
#2235 = VERTEX_POINT ( 'NONE', #2779 ) ;
#2236 = EDGE_CURVE ( 'NONE', #1133, #641, #517, .T. ) ;
#2237 = CARTESIAN_POINT ( 'NONE',  ( -152.5000000000000284, -152.4999999999999432, 610.0000000000000000 ) ) ;
#2238 = DIRECTION ( 'NONE',  ( 1.000000000000000000, 0.000000000000000000, 0.000000000000000000 ) ) ;
#2239 = ADVANCED_FACE ( 'NONE', ( #372 ), #2667, .F. ) ;
#2240 = CARTESIAN_POINT ( 'NONE',  ( -80.00000000000000000, 79.99999999999998579, 190.0000000000000000 ) ) ;
#2241 = CARTESIAN_POINT ( 'NONE',  ( 137.4999999999999147, 137.5000000000000000, 9.999999999999994671 ) ) ;
#2242 = DIRECTION ( 'NONE',  ( -1.000000000000000000, 0.000000000000000000, 0.000000000000000000 ) ) ;
#2243 = EDGE_CURVE ( 'NONE', #661, #1110, #1570, .T. ) ;
#2244 = CARTESIAN_POINT ( 'NONE',  ( 80.00000000000000000, 79.99999999999998579, 0.000000000000000000 ) ) ;
#2245 = PLANE ( 'NONE',  #2711 ) ;
#2246 = ORIENTED_EDGE ( 'NONE', *, *, #1905, .T. ) ;
#2247 = CALENDAR_DATE ( 2020, 29, 11 ) ;
#2248 = ORIENTED_EDGE ( 'NONE', *, *, #1237, .T. ) ;
#2249 = ORIENTED_EDGE ( 'NONE', *, *, #468, .F. ) ;
#2250 = CIRCLE ( 'NONE', #1010, 5.000000000000004441 ) ;
#2251 = ORIENTED_EDGE ( 'NONE', *, *, #2215, .T. ) ;
#2252 = FACE_OUTER_BOUND ( 'NONE', #49, .T. ) ;
#2253 = VECTOR ( 'NONE', #2625, 1000.000000000000000 ) ;
#2254 = AXIS2_PLACEMENT_3D ( 'NONE', #2745, #350, #632 ) ;
#2255 = CARTESIAN_POINT ( 'NONE',  ( 0.000000000000000000, 0.000000000000000000, 10.00000000000000000 ) ) ;
#2256 = ADVANCED_FACE ( 'NONE', ( #1593 ), #277, .F. ) ;
#2257 = VECTOR ( 'NONE', #79, 1000.000000000000000 ) ;
#2258 = CARTESIAN_POINT ( 'NONE',  ( -137.4999999999999432, 137.5000000000000000, 10.00000000000000000 ) ) ;
#2259 = EDGE_LOOP ( 'NONE', ( #1511, #2432, #3407, #1435 ) ) ;
#2260 = DIRECTION ( 'NONE',  ( 1.000000000000000000, 0.000000000000000000, 0.000000000000000000 ) ) ;
#2261 = CARTESIAN_POINT ( 'NONE',  ( -152.5000000000000284, -152.4999999999999432, 10.00000000000000000 ) ) ;
#2262 = CARTESIAN_POINT ( 'NONE',  ( 137.4999999999999432, -137.4999999999999432, 610.0000000000000000 ) ) ;
#2263 = ORIENTED_EDGE ( 'NONE', *, *, #21, .T. ) ;
#2264 = VERTEX_POINT ( 'NONE', #909 ) ;
#2265 = CIRCLE ( 'NONE', #973, 10.00000000000000888 ) ;
#2266 = EDGE_LOOP ( 'NONE', ( #1763, #684, #2742, #585 ) ) ;
#2267 = ORIENTED_EDGE ( 'NONE', *, *, #2003, .T. ) ;
#2268 = CIRCLE ( 'NONE', #3430, 5.000000000000004441 ) ;
#2269 = DIRECTION ( 'NONE',  ( -0.000000000000000000, -0.000000000000000000, 1.000000000000000000 ) ) ;
#2270 = EDGE_CURVE ( 'NONE', #2680, #952, #1625, .T. ) ;
#2271 = AXIS2_PLACEMENT_3D ( 'NONE', #1851, #1798, #1014 ) ;
#2272 = AXIS2_PLACEMENT_3D ( 'NONE', #2435, #2280, #3281 ) ;
#2273 = DIRECTION ( 'NONE',  ( 0.000000000000000000, -0.000000000000000000, 1.000000000000000000 ) ) ;
#2274 = AXIS2_PLACEMENT_3D ( 'NONE', #630, #2760, #1366 ) ;
#2275 = CARTESIAN_POINT ( 'NONE',  ( -6.123233995736760366E-16, 25.00000000000000000, 200.0000000000000000 ) ) ;
#2276 = DIRECTION ( 'NONE',  ( -1.000000000000000000, 0.000000000000000000, -0.000000000000000000 ) ) ;
#2277 = CARTESIAN_POINT ( 'NONE',  ( 137.4999999999999432, -137.4999999999999432, 10.00000000000000000 ) ) ;
#2278 = DIRECTION ( 'NONE',  ( -0.000000000000000000, -0.000000000000000000, 1.000000000000000000 ) ) ;
#2279 = ORIENTED_EDGE ( 'NONE', *, *, #1746, .F. ) ;
#2280 = DIRECTION ( 'NONE',  ( 0.000000000000000000, 0.000000000000000000, -1.000000000000000000 ) ) ;
#2281 = ORIENTED_EDGE ( 'NONE', *, *, #913, .T. ) ;
#2282 = ORIENTED_EDGE ( 'NONE', *, *, #3397, .T. ) ;
#2283 = CARTESIAN_POINT ( 'NONE',  ( -80.00000000000000000, -80.00000000000000000, 0.000000000000000000 ) ) ;
#2284 = CYLINDRICAL_SURFACE ( 'NONE', #512, 5.000000000000004441 ) ;
#2285 = DIRECTION ( 'NONE',  ( 0.000000000000000000, 0.000000000000000000, 1.000000000000000000 ) ) ;
#2286 = CARTESIAN_POINT ( 'NONE',  ( -80.00000000000001421, -80.00000000000000000, 600.0000000000000000 ) ) ;
#2287 = EDGE_CURVE ( 'NONE', #267, #2725, #2759, .T. ) ;
#2288 = DIRECTION ( 'NONE',  ( 1.000000000000000000, 0.000000000000000000, -0.000000000000000000 ) ) ;
#2289 = PLANE ( 'NONE',  #2391 ) ;
#2290 = VERTEX_POINT ( 'NONE', #2407 ) ;
#2291 = AXIS2_PLACEMENT_3D ( 'NONE', #2388, #3136, #3398 ) ;
#2292 = APPROVAL_DATE_TIME ( #734, #2349 ) ;
#2293 = ADVANCED_FACE ( 'NONE', ( #3434 ), #838, .F. ) ;
#2294 = ORIENTED_EDGE ( 'NONE', *, *, #460, .F. ) ;
#2295 = ORIENTED_EDGE ( 'NONE', *, *, #412, .F. ) ;
#2296 = VECTOR ( 'NONE', #668, 1000.000000000000000 ) ;
#2297 = CARTESIAN_POINT ( 'NONE',  ( 5.510910596163089556E-15, -25.00000000000000000, 200.0000000000000000 ) ) ;
#2298 = EDGE_CURVE ( 'NONE', #2151, #2722, #2499, .T. ) ;
#2299 = VECTOR ( 'NONE', #3087, 1000.000000000000000 ) ;
#2300 = DIRECTION ( 'NONE',  ( 1.000000000000000000, 0.000000000000000000, 0.000000000000000000 ) ) ;
#2301 = FACE_OUTER_BOUND ( 'NONE', #3247, .T. ) ;
#2302 = CARTESIAN_POINT ( 'NONE',  ( 75.00000000000000000, 79.99999999999998579, 0.000000000000000000 ) ) ;
#2303 = AXIS2_PLACEMENT_3D ( 'NONE', #2019, #2513, #2273 ) ;
#2304 = DIRECTION ( 'NONE',  ( -0.000000000000000000, -0.000000000000000000, 1.000000000000000000 ) ) ;
#2305 = DIRECTION ( 'NONE',  ( -0.000000000000000000, -0.000000000000000000, 1.000000000000000000 ) ) ;
#2306 = ORIENTED_EDGE ( 'NONE', *, *, #2219, .T. ) ;
#2307 = VERTEX_POINT ( 'NONE', #2109 ) ;
#2308 = ORIENTED_EDGE ( 'NONE', *, *, #1670, .T. ) ;
#2309 = ADVANCED_FACE ( 'NONE', ( #3172 ), #98, .T. ) ;
#2310 = DIRECTION ( 'NONE',  ( -0.000000000000000000, -0.000000000000000000, 1.000000000000000000 ) ) ;
#2311 = FACE_BOUND ( 'NONE', #868, .T. ) ;
#2312 = AXIS2_PLACEMENT_3D ( 'NONE', #2389, #1065, #219 ) ;
#2313 = CIRCLE ( 'NONE', #189, 10.00000000000000888 ) ;
#2314 = CARTESIAN_POINT ( 'NONE',  ( 147.4999999999998863, 137.4999999999999716, 9.999999999999994671 ) ) ;
#2315 = ADVANCED_FACE ( 'NONE', ( #1085 ), #3216, .F. ) ;
#2316 = AXIS2_PLACEMENT_3D ( 'NONE', #2606, #1273, #1015 ) ;
#2317 = EDGE_LOOP ( 'NONE', ( #1748, #145 ) ) ;
#2318 = CARTESIAN_POINT ( 'NONE',  ( 152.4999999999999716, -137.4999999999999432, 610.0000000000000000 ) ) ;
#2319 = LINE ( 'NONE', #1771, #1984 ) ;
#2320 = CARTESIAN_POINT ( 'NONE',  ( -80.00000000000001421, -80.00000000000000000, 610.0000000000000000 ) ) ;
#2321 = DIRECTION ( 'NONE',  ( -0.000000000000000000, -0.000000000000000000, 1.000000000000000000 ) ) ;
#2322 = ORIENTED_EDGE ( 'NONE', *, *, #2797, .T. ) ;
#2323 = AXIS2_PLACEMENT_3D ( 'NONE', #27, #2748, #2165 ) ;
#2324 = EDGE_CURVE ( 'NONE', #594, #2012, #577, .T. ) ;
#2325 = ORIENTED_EDGE ( 'NONE', *, *, #2628, .T. ) ;
#2326 = VERTEX_POINT ( 'NONE', #1168 ) ;
#2327 = DIRECTION ( 'NONE',  ( -0.000000000000000000, -0.000000000000000000, 1.000000000000000000 ) ) ;
#2328 = FACE_OUTER_BOUND ( 'NONE', #3204, .T. ) ;
#2329 = AXIS2_PLACEMENT_3D ( 'NONE', #2976, #1385, #3262 ) ;
#2330 = EDGE_CURVE ( 'NONE', #2264, #674, #1318, .T. ) ;
#2331 = CARTESIAN_POINT ( 'NONE',  ( -80.00000000000000000, 79.99999999999998579, 200.0000000000000000 ) ) ;
#2332 = ORIENTED_EDGE ( 'NONE', *, *, #2189, .F. ) ;
#2333 = DIRECTION ( 'NONE',  ( 1.000000000000000000, 0.000000000000000000, 0.000000000000000000 ) ) ;
#2334 = CARTESIAN_POINT ( 'NONE',  ( -152.5000000000000284, -137.4999999999999432, 200.0000000000000000 ) ) ;
#2335 = ADVANCED_FACE ( 'NONE', ( #1066 ), #1636, .F. ) ;
#2336 = DIRECTION ( 'NONE',  ( 0.000000000000000000, 0.000000000000000000, 1.000000000000000000 ) ) ;
#2337 = DIRECTION ( 'NONE',  ( -0.000000000000000000, -0.000000000000000000, 1.000000000000000000 ) ) ;
#2338 = APPROVAL_ROLE ( '' ) ;
#2339 = DIRECTION ( 'NONE',  ( -1.000000000000000000, 1.009293658750142646E-16, -0.000000000000000000 ) ) ;
#2340 = ORIENTED_EDGE ( 'NONE', *, *, #1342, .T. ) ;
#2341 = EDGE_LOOP ( 'NONE', ( #1012, #753 ) ) ;
#2342 = CARTESIAN_POINT ( 'NONE',  ( -127.4999999999999432, -137.4999999999999432, 200.0000000000000000 ) ) ;
#2343 = FACE_OUTER_BOUND ( 'NONE', #2233, .T. ) ;
#2344 = DIRECTION ( 'NONE',  ( -0.000000000000000000, -0.000000000000000000, 1.000000000000000000 ) ) ;
#2345 = ORIENTED_EDGE ( 'NONE', *, *, #2628, .F. ) ;
#2346 = CYLINDRICAL_SURFACE ( 'NONE', #1441, 10.00000000000000888 ) ;
#2347 = CARTESIAN_POINT ( 'NONE',  ( -152.5000000000000568, -152.4999999999999432, 9.999999999999994671 ) ) ;
#2348 = EDGE_CURVE ( 'NONE', #471, #2804, #1408, .T. ) ;
#2349 = APPROVAL ( #1762, 'UNSPECIFIED' ) ;
#2350 = CARTESIAN_POINT ( 'NONE',  ( 0.000000000000000000, 0.000000000000000000, 210.0000000000000000 ) ) ;
#2351 = DIRECTION ( 'NONE',  ( 1.000000000000000000, 0.000000000000000000, 0.000000000000000000 ) ) ;
#2352 = CIRCLE ( 'NONE', #3362, 15.00000000000001421 ) ;
#2353 = EDGE_CURVE ( 'NONE', #2722, #1622, #2352, .T. ) ;
#2354 = CIRCLE ( 'NONE', #1855, 5.000000000000004441 ) ;
#2355 = DIRECTION ( 'NONE',  ( 0.000000000000000000, 0.000000000000000000, 1.000000000000000000 ) ) ;
#2356 = EDGE_LOOP ( 'NONE', ( #1321, #2833, #3387, #1970 ) ) ;
#2357 = ORIENTED_EDGE ( 'NONE', *, *, #1676, .T. ) ;
#2358 = CARTESIAN_POINT ( 'NONE',  ( -137.4999999999999432, 152.5000000000000284, 600.0000000000000000 ) ) ;
#2359 = FACE_BOUND ( 'NONE', #3237, .T. ) ;
#2360 = DIRECTION ( 'NONE',  ( 1.000000000000000000, 0.000000000000000000, 0.000000000000000000 ) ) ;
#2361 = EDGE_CURVE ( 'NONE', #2490, #1078, #855, .T. ) ;
#2362 = CIRCLE ( 'NONE', #1247, 15.00000000000001421 ) ;
#2363 = ORIENTED_EDGE ( 'NONE', *, *, #1790, .F. ) ;
#2364 = DIRECTION ( 'NONE',  ( 0.000000000000000000, 0.000000000000000000, 1.000000000000000000 ) ) ;
#2365 = DIRECTION ( 'NONE',  ( -1.000000000000000000, 0.000000000000000000, 0.000000000000000000 ) ) ;
#2366 = AXIS2_PLACEMENT_3D ( 'NONE', #2283, #953, #676 ) ;
#2367 = CIRCLE ( 'NONE', #976, 5.000000000000004441 ) ;
#2368 = CYLINDRICAL_SURFACE ( 'NONE', #1686, 15.00000000000001421 ) ;
#2369 = DIRECTION ( 'NONE',  ( 0.000000000000000000, 0.000000000000000000, 1.000000000000000000 ) ) ;
#2370 = CARTESIAN_POINT ( 'NONE',  ( -80.00000000000000000, -80.00000000000000000, 0.000000000000000000 ) ) ;
#2371 = APPROVAL_PERSON_ORGANIZATION ( #3309, #337, #2801 ) ;
#2372 = CARTESIAN_POINT ( 'NONE',  ( -152.5000000000000568, -152.4999999999999432, 190.0000000000000000 ) ) ;
#2373 = EDGE_LOOP ( 'NONE', ( #2061, #1549 ) ) ;
#2374 = VECTOR ( 'NONE', #2678, 1000.000000000000000 ) ;
#2375 = ADVANCED_FACE ( 'NONE', ( #413 ), #1440, .F. ) ;
#2376 = VERTEX_POINT ( 'NONE', #3113 ) ;
#2377 = DIRECTION ( 'NONE',  ( 1.000000000000000000, 0.000000000000000000, 0.000000000000000000 ) ) ;
#2378 = CARTESIAN_POINT ( 'NONE',  ( -147.4999999999999716, -137.4999999999999432, 10.00000000000000000 ) ) ;
#2379 = DIRECTION ( 'NONE',  ( 0.000000000000000000, 0.000000000000000000, 1.000000000000000000 ) ) ;
#2380 = AXIS2_PLACEMENT_3D ( 'NONE', #2402, #1079, #2138 ) ;
#2381 = CARTESIAN_POINT ( 'NONE',  ( 0.000000000000000000, 0.000000000000000000, 20.00000000000000000 ) ) ;
#2382 = VERTEX_POINT ( 'NONE', #970 ) ;
#2383 = CIRCLE ( 'NONE', #891, 15.00000000000001421 ) ;
#2384 = FACE_OUTER_BOUND ( 'NONE', #106, .T. ) ;
#2385 = DIRECTION ( 'NONE',  ( 1.000000000000000000, 0.000000000000000000, 0.000000000000000000 ) ) ;
#2386 = CARTESIAN_POINT ( 'NONE',  ( 74.99999999999998579, -80.00000000000000000, 600.0000000000000000 ) ) ;
#2387 = EDGE_LOOP ( 'NONE', ( #783, #2509, #2332, #2998 ) ) ;
#2388 = CARTESIAN_POINT ( 'NONE',  ( -137.4999999999999432, 137.4999999999999716, 600.0000000000000000 ) ) ;
#2389 = CARTESIAN_POINT ( 'NONE',  ( -80.00000000000001421, 79.99999999999998579, 610.0000000000000000 ) ) ;
#2390 = CARTESIAN_POINT ( 'NONE',  ( -152.5000000000000284, -152.4999999999999432, 600.0000000000000000 ) ) ;
#2391 = AXIS2_PLACEMENT_3D ( 'NONE', #3355, #700, #2537 ) ;
#2392 = FACE_BOUND ( 'NONE', #1639, .T. ) ;
#2393 = EDGE_LOOP ( 'NONE', ( #508, #1030, #1944, #2246, #381, #2457, #327, #2004 ) ) ;
#2394 = ORIENTED_EDGE ( 'NONE', *, *, #1169, .T. ) ;
#2395 = DIRECTION ( 'NONE',  ( 0.000000000000000000, 0.000000000000000000, -1.000000000000000000 ) ) ;
#2396 = CARTESIAN_POINT ( 'NONE',  ( 137.5000000000000000, 137.4999999999999716, 190.0000000000000000 ) ) ;
#2397 = ADVANCED_FACE ( 'NONE', ( #725 ), #2856, .F. ) ;
#2398 = EDGE_LOOP ( 'NONE', ( #1830, #2736 ) ) ;
#2399 = ORIENTED_EDGE ( 'NONE', *, *, #764, .F. ) ;
#2400 = CARTESIAN_POINT ( 'NONE',  ( -137.5000000000000000, -152.4999999999999432, 200.0000000000000000 ) ) ;
#2401 = ORIENTED_EDGE ( 'NONE', *, *, #1270, .T. ) ;
#2402 = CARTESIAN_POINT ( 'NONE',  ( 137.4999999999999432, 137.4999999999999716, 190.0000000000000000 ) ) ;
#2403 = CARTESIAN_POINT ( 'NONE',  ( -152.4999999999999716, 152.5000000000000284, 610.0000000000000000 ) ) ;
#2404 = ORIENTED_EDGE ( 'NONE', *, *, #557, .F. ) ;
#2405 = DIRECTION ( 'NONE',  ( 0.000000000000000000, 0.000000000000000000, -1.000000000000000000 ) ) ;
#2406 = CARTESIAN_POINT ( 'NONE',  ( 127.4999999999999432, -137.4999999999999432, 190.0000000000000000 ) ) ;
#2407 = CARTESIAN_POINT ( 'NONE',  ( 147.4999999999999716, -137.4999999999999432, 0.000000000000000000 ) ) ;
#2408 = LINE ( 'NONE', #518, #2049 ) ;
#2409 = EDGE_LOOP ( 'NONE', ( #1900, #1098, #1850, #3089 ) ) ;
#2410 = ORIENTED_EDGE ( 'NONE', *, *, #2703, .F. ) ;
#2411 = DIRECTION ( 'NONE',  ( -0.000000000000000000, -0.000000000000000000, 1.000000000000000000 ) ) ;
#2412 = DIRECTION ( 'NONE',  ( -1.000000000000000000, 0.000000000000000000, 0.000000000000000000 ) ) ;
#2413 = AXIS2_PLACEMENT_3D ( 'NONE', #2562, #956, #923 ) ;
#2414 = ORIENTED_EDGE ( 'NONE', *, *, #336, .T. ) ;
#2415 = ORIENTED_EDGE ( 'NONE', *, *, #92, .F. ) ;
#2416 = VERTEX_POINT ( 'NONE', #1184 ) ;
#2417 = EDGE_CURVE ( 'NONE', #2487, #1527, #1510, .T. ) ;
#2418 = DIRECTION ( 'NONE',  ( 1.000000000000000000, 0.000000000000000000, 0.000000000000000000 ) ) ;
#2419 = ORIENTED_EDGE ( 'NONE', *, *, #2767, .F. ) ;
#2420 = ORIENTED_EDGE ( 'NONE', *, *, #116, .T. ) ;
#2421 = CARTESIAN_POINT ( 'NONE',  ( 152.4999999999999716, -137.4999999999999432, 10.00000000000000000 ) ) ;
#2422 = ORIENTED_EDGE ( 'NONE', *, *, #1237, .F. ) ;
#2423 = AXIS2_PLACEMENT_3D ( 'NONE', #897, #3040, #339 ) ;
#2424 = CARTESIAN_POINT ( 'NONE',  ( 152.4999999999999716, -152.4999999999999432, 610.0000000000000000 ) ) ;
#2425 = CARTESIAN_POINT ( 'NONE',  ( 80.00000000000000000, -80.00000000000000000, 10.00000000000000000 ) ) ;
#2426 = AXIS2_PLACEMENT_3D ( 'NONE', #1694, #2735, #3257 ) ;
#2427 = DIRECTION ( 'NONE',  ( -0.000000000000000000, -0.000000000000000000, 1.000000000000000000 ) ) ;
#2428 = AXIS2_PLACEMENT_3D ( 'NONE', #1307, #3404, #2048 ) ;
#2429 = DIRECTION ( 'NONE',  ( 1.000000000000000000, 0.000000000000000000, 0.000000000000000000 ) ) ;
#2430 = ORIENTED_EDGE ( 'NONE', *, *, #1342, .F. ) ;
#2431 = EDGE_CURVE ( 'NONE', #1244, #1196, #3055, .T. ) ;
#2432 = ORIENTED_EDGE ( 'NONE', *, *, #3376, .T. ) ;
#2433 = CIRCLE ( 'NONE', #1706, 15.00000000000000000 ) ;
#2434 = CARTESIAN_POINT ( 'NONE',  ( -80.00000000000000000, -80.00000000000000000, 10.00000000000000000 ) ) ;
#2435 = CARTESIAN_POINT ( 'NONE',  ( 137.5000000000000000, 137.4999999999999716, 610.0000000000000000 ) ) ;
#2436 = ORIENTED_EDGE ( 'NONE', *, *, #2446, .T. ) ;
#2437 = EDGE_LOOP ( 'NONE', ( #2874, #1745, #238, #465 ) ) ;
#2438 = CIRCLE ( 'NONE', #3334, 10.00000000000000888 ) ;
#2439 = CARTESIAN_POINT ( 'NONE',  ( 152.5000000000000284, 137.4999999999999716, 610.0000000000000000 ) ) ;
#2440 = EDGE_CURVE ( 'NONE', #2852, #1013, #915, .T. ) ;
#2441 = ORIENTED_EDGE ( 'NONE', *, *, #2440, .T. ) ;
#2442 = LINE ( 'NONE', #1422, #180 ) ;
#2443 = VERTEX_POINT ( 'NONE', #2035 ) ;
#2444 = AXIS2_PLACEMENT_3D ( 'NONE', #476, #1730, #499 ) ;
#2445 = EDGE_CURVE ( 'NONE', #1655, #146, #1350, .T. ) ;
#2446 = EDGE_CURVE ( 'NONE', #2725, #1894, #707, .T. ) ;
#2447 = CARTESIAN_POINT ( 'NONE',  ( -6.123233995736760366E-16, 25.00000000000000000, 190.0000000000000000 ) ) ;
#2448 = CARTESIAN_POINT ( 'NONE',  ( -147.5000000000000000, -137.4999999999999432, 9.999999999999994671 ) ) ;
#2449 = CARTESIAN_POINT ( 'NONE',  ( -75.00000000000000000, -80.00000000000000000, 190.0000000000000000 ) ) ;
#2450 = ORIENTED_EDGE ( 'NONE', *, *, #1486, .T. ) ;
#2451 = CARTESIAN_POINT ( 'NONE',  ( -152.5000000000000000, 137.4999999999999716, 190.0000000000000000 ) ) ;
#2452 = ORIENTED_EDGE ( 'NONE', *, *, #3280, .F. ) ;
#2453 = DIRECTION ( 'NONE',  ( 1.000000000000000000, 0.000000000000000000, 0.000000000000000000 ) ) ;
#2454 = LINE ( 'NONE', #3241, #475 ) ;
#2455 = FACE_OUTER_BOUND ( 'NONE', #335, .T. ) ;
#2456 = ORIENTED_EDGE ( 'NONE', *, *, #1490, .F. ) ;
#2457 = ORIENTED_EDGE ( 'NONE', *, *, #332, .T. ) ;
#2458 = VERTEX_POINT ( 'NONE', #2840 ) ;
#2459 = DIRECTION ( 'NONE',  ( 1.000000000000000000, 0.000000000000000000, 0.000000000000000000 ) ) ;
#2460 = ORIENTED_EDGE ( 'NONE', *, *, #2568, .T. ) ;
#2461 = LINE ( 'NONE', #616, #1137 ) ;
#2462 = ORIENTED_EDGE ( 'NONE', *, *, #2797, .F. ) ;
#2463 = VECTOR ( 'NONE', #2732, 1000.000000000000000 ) ;
#2464 = CYLINDRICAL_SURFACE ( 'NONE', #955, 15.00000000000000000 ) ;
#2465 = CARTESIAN_POINT ( 'NONE',  ( 79.99999999999998579, -80.00000000000000000, 610.0000000000000000 ) ) ;
#2466 = EDGE_CURVE ( 'NONE', #1386, #1451, #2478, .T. ) ;
#2467 = DIRECTION ( 'NONE',  ( 1.000000000000000000, 0.000000000000000000, 0.000000000000000000 ) ) ;
#2468 = CARTESIAN_POINT ( 'NONE',  ( -137.4999999999999716, 137.5000000000000000, 9.999999999999994671 ) ) ;
#2469 = ORIENTED_EDGE ( 'NONE', *, *, #161, .T. ) ;
#2470 = CIRCLE ( 'NONE', #3187, 5.000000000000004441 ) ;
#2471 = ADVANCED_FACE ( 'NONE', ( #1243 ), #1468, .F. ) ;
#2472 = LINE ( 'NONE', #1597, #421 ) ;
#2473 = DIRECTION ( 'NONE',  ( -1.000000000000000000, 9.100188726435709590E-17, -0.000000000000000000 ) ) ;
#2474 = ORIENTED_EDGE ( 'NONE', *, *, #2839, .T. ) ;
#2475 = VERTEX_POINT ( 'NONE', #1989 ) ;
#2476 = CARTESIAN_POINT ( 'NONE',  ( -147.5000000000000000, 137.5000000000000000, 190.0000000000000000 ) ) ;
#2477 = ORIENTED_EDGE ( 'NONE', *, *, #2431, .F. ) ;
#2478 = CIRCLE ( 'NONE', #3261, 10.00000000000000888 ) ;
#2479 = CARTESIAN_POINT ( 'NONE',  ( -152.5000000000000284, -152.4999999999999432, 10.00000000000000000 ) ) ;
#2480 = ADVANCED_FACE ( 'NONE', ( #2006 ), #112, .F. ) ;
#2481 = DIRECTION ( 'NONE',  ( 0.000000000000000000, 0.000000000000000000, 1.000000000000000000 ) ) ;
#2482 = DIRECTION ( 'NONE',  ( 1.000000000000000000, 0.000000000000000000, 0.000000000000000000 ) ) ;
#2483 = VECTOR ( 'NONE', #1044, 1000.000000000000000 ) ;
#2484 = EDGE_CURVE ( 'NONE', #2015, #2897, #2631, .T. ) ;
#2485 = CYLINDRICAL_SURFACE ( 'NONE', #2526, 5.000000000000000888 ) ;
#2486 = DIRECTION ( 'NONE',  ( 0.000000000000000000, 0.000000000000000000, 1.000000000000000000 ) ) ;
#2487 = VERTEX_POINT ( 'NONE', #1199 ) ;
#2488 = VECTOR ( 'NONE', #2627, 1000.000000000000000 ) ;
#2489 = CARTESIAN_POINT ( 'NONE',  ( 147.4999999999999716, 137.4999999999999716, 190.0000000000000000 ) ) ;
#2490 = VERTEX_POINT ( 'NONE', #3377 ) ;
#2491 = ADVANCED_FACE ( 'NONE', ( #1752 ), #2284, .F. ) ;
#2492 = AXIS2_PLACEMENT_3D ( 'NONE', #2997, #1892, #804 ) ;
#2493 = ORIENTED_EDGE ( 'NONE', *, *, #2287, .F. ) ;
#2494 = ORIENTED_EDGE ( 'NONE', *, *, #536, .T. ) ;
#2495 = CARTESIAN_POINT ( 'NONE',  ( 137.4999999999999147, 152.5000000000000000, 190.0000000000000000 ) ) ;
#2496 = SECURITY_CLASSIFICATION ( '', '', #1965 ) ;
#2497 = EDGE_CURVE ( 'NONE', #3065, #2693, #3363, .T. ) ;
#2498 = DIRECTION ( 'NONE',  ( -0.000000000000000000, -0.000000000000000000, 1.000000000000000000 ) ) ;
#2499 = LINE ( 'NONE', #8, #509 ) ;
#2500 = DIRECTION ( 'NONE',  ( -1.000000000000000000, 0.000000000000000000, 0.000000000000000000 ) ) ;
#2501 = CARTESIAN_POINT ( 'NONE',  ( -80.00000000000000000, -80.00000000000000000, 190.0000000000000000 ) ) ;
#2502 = LINE ( 'NONE', #1995, #351 ) ;
#2503 = AXIS2_PLACEMENT_3D ( 'NONE', #2734, #31, #2467 ) ;
#2504 = CARTESIAN_POINT ( 'NONE',  ( 15.00000000000000000, 1.836970198721029589E-15, 10.00000000000000000 ) ) ;
#2505 = ORIENTED_EDGE ( 'NONE', *, *, #1933, .T. ) ;
#2506 = APPROVAL_DATE_TIME ( #1682, #677 ) ;
#2507 = ORIENTED_EDGE ( 'NONE', *, *, #1230, .T. ) ;
#2508 = ORIENTED_EDGE ( 'NONE', *, *, #2417, .F. ) ;
#2509 = ORIENTED_EDGE ( 'NONE', *, *, #1712, .T. ) ;
#2510 = EDGE_CURVE ( 'NONE', #346, #2960, #2532, .T. ) ;
#2511 = DIRECTION ( 'NONE',  ( 1.000000000000000000, 0.000000000000000000, 0.000000000000000000 ) ) ;
#2512 = LINE ( 'NONE', #111, #3035 ) ;
#2513 = DIRECTION ( 'NONE',  ( 0.000000000000000000, 1.000000000000000000, 0.000000000000000000 ) ) ;
#2514 = EDGE_CURVE ( 'NONE', #1604, #237, #1743, .T. ) ;
#2515 = CARTESIAN_POINT ( 'NONE',  ( -137.5000000000000000, -152.4999999999999432, 10.00000000000000000 ) ) ;
#2516 = EDGE_LOOP ( 'NONE', ( #1116, #2572, #2128, #1729 ) ) ;
#2517 = CYLINDRICAL_SURFACE ( 'NONE', #647, 10.00000000000000888 ) ;
#2518 = CIRCLE ( 'NONE', #1500, 15.00000000000001421 ) ;
#2519 = DIRECTION ( 'NONE',  ( 0.000000000000000000, 0.000000000000000000, -1.000000000000000000 ) ) ;
#2520 = DIRECTION ( 'NONE',  ( 1.000000000000000000, 0.000000000000000000, 0.000000000000000000 ) ) ;
#2521 = EDGE_LOOP ( 'NONE', ( #1791, #1129, #2060, #3124 ) ) ;
#2522 = PERSON_AND_ORGANIZATION_ROLE ( 'creator' ) ;
#2523 = ORIENTED_EDGE ( 'NONE', *, *, #2644, .F. ) ;
#2524 = AXIS2_PLACEMENT_3D ( 'NONE', #1493, #2072, #2846 ) ;
#2525 = VERTEX_POINT ( 'NONE', #808 ) ;
#2526 = AXIS2_PLACEMENT_3D ( 'NONE', #2991, #2766, #1108 ) ;
#2527 = VERTEX_POINT ( 'NONE', #2400 ) ;
#2528 = CARTESIAN_POINT ( 'NONE',  ( 152.4999999999999716, -152.4999999999999432, 610.0000000000000000 ) ) ;
#2529 = ADVANCED_FACE ( 'NONE', ( #1856 ), #1002, .F. ) ;
#2530 = DIRECTION ( 'NONE',  ( 0.000000000000000000, 0.000000000000000000, 1.000000000000000000 ) ) ;
#2531 = MANIFOLD_SOLID_BREP ( 'BASEHAUT-1-solid1', #429 ) ;
#2532 = CIRCLE ( 'NONE', #967, 7.500000000000000000 ) ;
#2533 = EDGE_CURVE ( 'NONE', #2475, #3158, #492, .T. ) ;
#2534 = CARTESIAN_POINT ( 'NONE',  ( -147.4999999999999716, 137.5000000000000000, 0.000000000000000000 ) ) ;
#2535 = DIRECTION ( 'NONE',  ( 1.000000000000000000, 0.000000000000000000, 0.000000000000000000 ) ) ;
#2536 = PLANE ( 'NONE',  #2018 ) ;
#2537 = DIRECTION ( 'NONE',  ( 1.820037745287142411E-16, 1.000000000000000000, 0.000000000000000000 ) ) ;
#2538 = VERTEX_POINT ( 'NONE', #3424 ) ;
#2539 = APPROVAL_ROLE ( '' ) ;
#2540 = AXIS2_PLACEMENT_3D ( 'NONE', #2989, #879, #636 ) ;
#2541 = EDGE_LOOP ( 'NONE', ( #1365, #439, #182, #1732 ) ) ;
#2542 = CIRCLE ( 'NONE', #148, 5.000000000000004441 ) ;
#2543 = CYLINDRICAL_SURFACE ( 'NONE', #426, 5.000000000000004441 ) ;
#2544 = AXIS2_PLACEMENT_3D ( 'NONE', #2171, #2411, #2935 ) ;
#2545 = LOCAL_TIME ( 14, 37, 11.00000000000000000, #2571 ) ;
#2546 = DIRECTION ( 'NONE',  ( 1.000000000000000000, 0.000000000000000000, 0.000000000000000000 ) ) ;
#2547 = EDGE_CURVE ( 'NONE', #1687, #126, #3135, .T. ) ;
#2548 = AXIS2_PLACEMENT_3D ( 'NONE', #566, #3226, #1603 ) ;
#2549 = FACE_OUTER_BOUND ( 'NONE', #3294, .T. ) ;
#2550 = PLANE ( 'NONE',  #1930 ) ;
#2551 = EDGE_CURVE ( 'NONE', #2601, #19, #410, .T. ) ;
#2552 = DIRECTION ( 'NONE',  ( -1.820037745287142165E-16, -1.000000000000000000, -0.000000000000000000 ) ) ;
#2553 = CARTESIAN_POINT ( 'NONE',  ( -1.387778780781445676E-14, 0.000000000000000000, 600.0000000000000000 ) ) ;
#2554 = DIRECTION ( 'NONE',  ( 0.000000000000000000, 0.000000000000000000, -1.000000000000000000 ) ) ;
#2555 = ORIENTED_EDGE ( 'NONE', *, *, #3341, .F. ) ;
#2556 = EDGE_CURVE ( 'NONE', #2416, #2863, #2354, .T. ) ;
#2557 = APPLICATION_PROTOCOL_DEFINITION ( 'international standard', 'config_control_design', 1994, #2234 ) ;
#2558 = ORIENTED_EDGE ( 'NONE', *, *, #2566, .F. ) ;
#2559 = ORIENTED_EDGE ( 'NONE', *, *, #1621, .F. ) ;
#2560 = FACE_OUTER_BOUND ( 'NONE', #191, .T. ) ;
#2561 = VECTOR ( 'NONE', #2554, 1000.000000000000000 ) ;
#2562 = CARTESIAN_POINT ( 'NONE',  ( -137.4999999999999432, 137.5000000000000000, 0.000000000000000000 ) ) ;
#2563 = DIRECTION ( 'NONE',  ( 0.000000000000000000, 0.000000000000000000, -1.000000000000000000 ) ) ;
#2564 = LINE ( 'NONE', #713, #3092 ) ;
#2565 = DIRECTION ( 'NONE',  ( 0.000000000000000000, -0.000000000000000000, 1.000000000000000000 ) ) ;
#2566 = EDGE_CURVE ( 'NONE', #1415, #2992, #1291, .T. ) ;
#2567 = DIRECTION ( 'NONE',  ( -1.820037745287142165E-16, -1.000000000000000000, -0.000000000000000000 ) ) ;
#2568 = EDGE_CURVE ( 'NONE', #704, #519, #2203, .T. ) ;
#2569 = EDGE_LOOP ( 'NONE', ( #345, #3263 ) ) ;
#2570 = AXIS2_PLACEMENT_3D ( 'NONE', #2320, #2336, #1315 ) ;
#2571 = COORDINATED_UNIVERSAL_TIME_OFFSET ( 1, 0, .AHEAD. ) ;
#2572 = ORIENTED_EDGE ( 'NONE', *, *, #3041, .F. ) ;
#2573 = VERTEX_POINT ( 'NONE', #2101 ) ;
#2574 = FACE_OUTER_BOUND ( 'NONE', #951, .T. ) ;
#2575 = DIRECTION ( 'NONE',  ( 0.000000000000000000, 0.000000000000000000, 1.000000000000000000 ) ) ;
#2576 = AXIS2_PLACEMENT_3D ( 'NONE', #3236, #2714, #1141 ) ;
#2577 = CARTESIAN_POINT ( 'NONE',  ( -137.5000000000000000, -137.4999999999999432, 610.0000000000000000 ) ) ;
#2578 = ORIENTED_EDGE ( 'NONE', *, *, #212, .F. ) ;
#2579 = EDGE_CURVE ( 'NONE', #1655, #3282, #2872, .T. ) ;
#2580 = FACE_BOUND ( 'NONE', #384, .T. ) ;
#2581 = CARTESIAN_POINT ( 'NONE',  ( 84.99999999999998579, -80.00000000000000000, 600.0000000000000000 ) ) ;
#2582 = CARTESIAN_POINT ( 'NONE',  ( 137.4999999999999432, -152.4999999999999432, 600.0000000000000000 ) ) ;
#2583 = DIRECTION ( 'NONE',  ( 1.000000000000000000, 0.000000000000000000, 0.000000000000000000 ) ) ;
#2584 = EDGE_LOOP ( 'NONE', ( #548, #487, #20, #2420 ) ) ;
#2585 = ADVANCED_BREP_SHAPE_REPRESENTATION ( 'base_opt_DÚfaut_sldprt', ( #2531, #202, #258, #286, #757 ), #1873 ) ;
#2586 = EDGE_CURVE ( 'NONE', #2527, #1687, #3164, .T. ) ;
#2587 = ORIENTED_EDGE ( 'NONE', *, *, #1019, .F. ) ;
#2588 = ORIENTED_EDGE ( 'NONE', *, *, #2215, .F. ) ;
#2589 = CYLINDRICAL_SURFACE ( 'NONE', #2988, 10.00000000000000888 ) ;
#2590 = CARTESIAN_POINT ( 'NONE',  ( 75.00000000000000000, -80.00000000000000000, 190.0000000000000000 ) ) ;
#2591 = AXIS2_PLACEMENT_3D ( 'NONE', #135, #2843, #2535 ) ;
#2592 = CIRCLE ( 'NONE', #975, 15.00000000000000000 ) ;
#2593 = CARTESIAN_POINT ( 'NONE',  ( 0.000000000000000000, 0.000000000000000000, 210.0000000000000000 ) ) ;
#2594 = AXIS2_PLACEMENT_3D ( 'NONE', #1416, #2996, #1144 ) ;
#2595 = EDGE_LOOP ( 'NONE', ( #1123, #1077, #2505, #263 ) ) ;
#2596 = ADVANCED_FACE ( 'NONE', ( #477 ), #2901, .F. ) ;
#2597 = LINE ( 'NONE', #3186, #3390 ) ;
#2598 = DIRECTION ( 'NONE',  ( 0.000000000000000000, 0.000000000000000000, -1.000000000000000000 ) ) ;
#2599 = CARTESIAN_POINT ( 'NONE',  ( -152.4999999999999716, 137.4999999999999716, 600.0000000000000000 ) ) ;
#2600 = FACE_OUTER_BOUND ( 'NONE', #3462, .T. ) ;
#2601 = VERTEX_POINT ( 'NONE', #2918 ) ;
#2602 = CARTESIAN_POINT ( 'NONE',  ( -137.4999999999999716, 147.5000000000000284, 9.999999999999994671 ) ) ;
#2603 = ORIENTED_EDGE ( 'NONE', *, *, #1849, .T. ) ;
#2604 = ORIENTED_EDGE ( 'NONE', *, *, #3155, .F. ) ;
#2605 = DIRECTION ( 'NONE',  ( 0.000000000000000000, 0.000000000000000000, 1.000000000000000000 ) ) ;
#2606 = CARTESIAN_POINT ( 'NONE',  ( 0.000000000000000000, 0.000000000000000000, 200.0000000000000000 ) ) ;
#2607 = CLOSED_SHELL ( 'NONE', ( #453, #1445, #3101, #969, #986, #1722, #3394, #1347, #1939, #2695, #1778, #102, #2848, #2089, #815, #1788, #1147, #1222, #2529, #2900, #2990, #2030, #1047, #2309, #2747, #1211, #398, #2491, #3002, #945, #1245, #709, #1547, #3024, #872 ) ) ;
#2608 = ADVANCED_FACE ( 'NONE', ( #507 ), #2609, .F. ) ;
#2609 = CYLINDRICAL_SURFACE ( 'NONE', #2025, 10.00000000000000888 ) ;
#2610 = ORIENTED_EDGE ( 'NONE', *, *, #3317, .T. ) ;
#2611 = CARTESIAN_POINT ( 'NONE',  ( -80.00000000000000000, 79.99999999999998579, 0.000000000000000000 ) ) ;
#2612 = DIRECTION ( 'NONE',  ( -9.100188726435709590E-17, -1.000000000000000000, 0.000000000000000000 ) ) ;
#2613 = CARTESIAN_POINT ( 'NONE',  ( -137.5000000000000000, 137.4999999999999716, 190.0000000000000000 ) ) ;
#2614 = DIRECTION ( 'NONE',  ( -0.000000000000000000, -0.000000000000000000, 1.000000000000000000 ) ) ;
#2615 = DIRECTION ( 'NONE',  ( 0.000000000000000000, 1.000000000000000000, 0.000000000000000000 ) ) ;
#2616 = ORIENTED_EDGE ( 'NONE', *, *, #536, .F. ) ;
#2617 = EDGE_CURVE ( 'NONE', #1262, #1244, #1290, .T. ) ;
#2618 = EDGE_LOOP ( 'NONE', ( #2555, #423, #2251, #1348 ) ) ;
#2619 = CARTESIAN_POINT ( 'NONE',  ( 79.99999999999998579, 79.99999999999998579, 600.0000000000000000 ) ) ;
#2620 = DIRECTION ( 'NONE',  ( -1.000000000000000000, 0.000000000000000000, -0.000000000000000000 ) ) ;
#2621 = DIRECTION ( 'NONE',  ( -0.000000000000000000, -0.000000000000000000, 1.000000000000000000 ) ) ;
#2622 = DIRECTION ( 'NONE',  ( 0.000000000000000000, 0.000000000000000000, -1.000000000000000000 ) ) ;
#2623 = ORIENTED_EDGE ( 'NONE', *, *, #2825, .T. ) ;
#2624 = ADVANCED_FACE ( 'NONE', ( #2080 ), #3406, .T. ) ;
#2625 = DIRECTION ( 'NONE',  ( -0.000000000000000000, -0.000000000000000000, 1.000000000000000000 ) ) ;
#2626 = CIRCLE ( 'NONE', #1233, 5.000000000000004441 ) ;
#2627 = DIRECTION ( 'NONE',  ( -0.000000000000000000, -0.000000000000000000, 1.000000000000000000 ) ) ;
#2628 = EDGE_CURVE ( 'NONE', #164, #267, #2889, .T. ) ;
#2629 = FACE_BOUND ( 'NONE', #2980, .T. ) ;
#2630 = DIRECTION ( 'NONE',  ( 1.000000000000000000, 0.000000000000000000, 0.000000000000000000 ) ) ;
#2631 = CIRCLE ( 'NONE', #1461, 5.000000000000000888 ) ;
#2632 = FACE_BOUND ( 'NONE', #754, .T. ) ;
#2633 = ORIENTED_EDGE ( 'NONE', *, *, #618, .F. ) ;
#2634 = ORIENTED_EDGE ( 'NONE', *, *, #1746, .T. ) ;
#2635 = CARTESIAN_POINT ( 'NONE',  ( 152.4999999999999716, -152.4999999999999432, 10.00000000000000000 ) ) ;
#2636 = FACE_OUTER_BOUND ( 'NONE', #3297, .T. ) ;
#2637 = CARTESIAN_POINT ( 'NONE',  ( 137.4999999999999432, -137.4999999999999432, 0.000000000000000000 ) ) ;
#2638 = CIRCLE ( 'NONE', #591, 5.000000000000004441 ) ;
#2639 = VERTEX_POINT ( 'NONE', #1583 ) ;
#2640 = CARTESIAN_POINT ( 'NONE',  ( -75.00000000000001421, 79.99999999999998579, 600.0000000000000000 ) ) ;
#2641 = VECTOR ( 'NONE', #2009, 1000.000000000000000 ) ;
#2642 = LINE ( 'NONE', #1278, #2212 ) ;
#2643 = VECTOR ( 'NONE', #1150, 1000.000000000000000 ) ;
#2644 = EDGE_CURVE ( 'NONE', #2525, #2722, #2658, .T. ) ;
#2645 = AXIS2_PLACEMENT_3D ( 'NONE', #3422, #2114, #723 ) ;
#2646 = CARTESIAN_POINT ( 'NONE',  ( 85.00000000000000000, 79.99999999999998579, 0.000000000000000000 ) ) ;
#2647 = DIRECTION ( 'NONE',  ( 1.000000000000000000, 0.000000000000000000, 0.000000000000000000 ) ) ;
#2648 = EDGE_CURVE ( 'NONE', #2789, #2376, #593, .T. ) ;
#2649 = DIRECTION ( 'NONE',  ( -0.000000000000000000, -0.000000000000000000, 1.000000000000000000 ) ) ;
#2650 = CIRCLE ( 'NONE', #315, 10.00000000000000888 ) ;
#2651 = DIRECTION ( 'NONE',  ( -1.000000000000000000, 0.000000000000000000, 0.000000000000000000 ) ) ;
#2652 = ORIENTED_EDGE ( 'NONE', *, *, #2556, .T. ) ;
#2653 = ORIENTED_EDGE ( 'NONE', *, *, #2189, .T. ) ;
#2654 = DIRECTION ( 'NONE',  ( 0.000000000000000000, -0.000000000000000000, -1.000000000000000000 ) ) ;
#2655 = DIRECTION ( 'NONE',  ( -0.000000000000000000, -0.000000000000000000, 1.000000000000000000 ) ) ;
#2656 = ORIENTED_EDGE ( 'NONE', *, *, #1534, .F. ) ;
#2657 = CIRCLE ( 'NONE', #2329, 5.000000000000004441 ) ;
#2658 = LINE ( 'NONE', #2237, #2877 ) ;
#2659 = EDGE_LOOP ( 'NONE', ( #2430, #2136, #214, #3437 ) ) ;
#2660 = CIRCLE ( 'NONE', #612, 15.00000000000000000 ) ;
#2661 = CARTESIAN_POINT ( 'NONE',  ( -147.4999999999999716, -137.4999999999999432, 200.0000000000000000 ) ) ;
#2662 = LINE ( 'NONE', #2105, #2147 ) ;
#2663 = VERTEX_POINT ( 'NONE', #2158 ) ;
#2664 = CARTESIAN_POINT ( 'NONE',  ( 127.4999999999999432, -137.4999999999999432, 200.0000000000000000 ) ) ;
#2665 = DIRECTION ( 'NONE',  ( 1.000000000000000000, 0.000000000000000000, 0.000000000000000000 ) ) ;
#2666 = CIRCLE ( 'NONE', #1170, 15.00000000000000000 ) ;
#2667 = CYLINDRICAL_SURFACE ( 'NONE', #639, 10.00000000000000888 ) ;
#2668 = EDGE_CURVE ( 'NONE', #932, #657, #41, .T. ) ;
#2669 = EDGE_CURVE ( 'NONE', #1951, #1186, #1814, .T. ) ;
#2670 = CARTESIAN_POINT ( 'NONE',  ( 0.000000000000000000, 0.000000000000000000, 10.00000000000000000 ) ) ;
#2671 = ORIENTED_EDGE ( 'NONE', *, *, #2740, .F. ) ;
#2672 = ORIENTED_EDGE ( 'NONE', *, *, #1276, .F. ) ;
#2673 = DIRECTION ( 'NONE',  ( 0.000000000000000000, 0.000000000000000000, -1.000000000000000000 ) ) ;
#2674 = DIRECTION ( 'NONE',  ( 0.000000000000000000, 0.000000000000000000, -1.000000000000000000 ) ) ;
#2675 = EDGE_LOOP ( 'NONE', ( #1269, #1311, #1161, #1068 ) ) ;
#2676 = VERTEX_POINT ( 'NONE', #2218 ) ;
#2677 = CARTESIAN_POINT ( 'NONE',  ( 147.4999999999998863, 137.4999999999999716, 190.0000000000000000 ) ) ;
#2678 = DIRECTION ( 'NONE',  ( -0.000000000000000000, -0.000000000000000000, 1.000000000000000000 ) ) ;
#2679 = ORIENTED_EDGE ( 'NONE', *, *, #1621, .T. ) ;
#2680 = VERTEX_POINT ( 'NONE', #613 ) ;
#2681 = FACE_OUTER_BOUND ( 'NONE', #631, .T. ) ;
#2682 = CARTESIAN_POINT ( 'NONE',  ( -75.00000000000000000, -80.00000000000000000, 200.0000000000000000 ) ) ;
#2683 = ORIENTED_EDGE ( 'NONE', *, *, #990, .F. ) ;
#2684 = EDGE_CURVE ( 'NONE', #3140, #3149, #1806, .T. ) ;
#2685 = VECTOR ( 'NONE', #1962, 1000.000000000000000 ) ;
#2686 = FACE_OUTER_BOUND ( 'NONE', #3077, .T. ) ;
#2687 = CARTESIAN_POINT ( 'NONE',  ( 137.4999999999999432, -137.4999999999999432, 9.999999999999994671 ) ) ;
#2688 = CARTESIAN_POINT ( 'NONE',  ( 80.00000000000000000, 79.99999999999998579, 0.000000000000000000 ) ) ;
#2689 = CIRCLE ( 'NONE', #2073, 7.500000000000000000 ) ;
#2690 = DIRECTION ( 'NONE',  ( 0.000000000000000000, 0.000000000000000000, 1.000000000000000000 ) ) ;
#2691 = ORIENTED_EDGE ( 'NONE', *, *, #1470, .F. ) ;
#2692 = AXIS2_PLACEMENT_3D ( 'NONE', #1167, #3302, #1943 ) ;
#2693 = VERTEX_POINT ( 'NONE', #1166 ) ;
#2694 = CARTESIAN_POINT ( 'NONE',  ( -137.5000000000000000, 152.5000000000000284, 190.0000000000000000 ) ) ;
#2695 = ADVANCED_FACE ( 'NONE', ( #3299 ), #2201, .F. ) ;
#2696 = AXIS2_PLACEMENT_3D ( 'NONE', #204, #1507, #1760 ) ;
#2697 = CARTESIAN_POINT ( 'NONE',  ( 127.4999999999999432, 137.4999999999999716, 190.0000000000000000 ) ) ;
#2698 = VECTOR ( 'NONE', #245, 1000.000000000000000 ) ;
#2699 = EDGE_LOOP ( 'NONE', ( #1448, #2739, #559, #3369 ) ) ;
#2700 = ORIENTED_EDGE ( 'NONE', *, *, #2648, .T. ) ;
#2701 = CARTESIAN_POINT ( 'NONE',  ( 85.00000000000000000, 79.99999999999998579, 200.0000000000000000 ) ) ;
#2702 = FACE_OUTER_BOUND ( 'NONE', #2675, .T. ) ;
#2703 = EDGE_CURVE ( 'NONE', #721, #1255, #2268, .T. ) ;
#2704 = ORIENTED_EDGE ( 'NONE', *, *, #1885, .F. ) ;
#2705 = DIRECTION ( 'NONE',  ( 0.000000000000000000, 1.000000000000000000, 0.000000000000000000 ) ) ;
#2706 = VERTEX_POINT ( 'NONE', #2439 ) ;
#2707 = EDGE_CURVE ( 'NONE', #1956, #549, #3004, .T. ) ;
#2708 = AXIS2_PLACEMENT_3D ( 'NONE', #2966, #1710, #3026 ) ;
#2709 = CARTESIAN_POINT ( 'NONE',  ( 152.4999999999999716, -152.4999999999999432, 200.0000000000000000 ) ) ;
#2710 = DIRECTION ( 'NONE',  ( -0.000000000000000000, -0.000000000000000000, 1.000000000000000000 ) ) ;
#2711 = AXIS2_PLACEMENT_3D ( 'NONE', #656, #1714, #606 ) ;
#2712 = DIRECTION ( 'NONE',  ( 1.000000000000000000, 0.000000000000000000, 0.000000000000000000 ) ) ;
#2713 = VECTOR ( 'NONE', #1799, 1000.000000000000000 ) ;
#2714 = DIRECTION ( 'NONE',  ( -0.000000000000000000, -0.000000000000000000, 1.000000000000000000 ) ) ;
#2715 = ORIENTED_EDGE ( 'NONE', *, *, #132, .F. ) ;
#2716 = FACE_BOUND ( 'NONE', #2802, .T. ) ;
#2717 = ORIENTED_EDGE ( 'NONE', *, *, #2805, .F. ) ;
#2718 = CARTESIAN_POINT ( 'NONE',  ( 79.99999999999998579, 79.99999999999998579, 600.0000000000000000 ) ) ;
#2719 = LINE ( 'NONE', #2172, #1367 ) ;
#2720 = ORIENTED_EDGE ( 'NONE', *, *, #934, .F. ) ;
#2721 = ORIENTED_EDGE ( 'NONE', *, *, #557, .T. ) ;
#2722 = VERTEX_POINT ( 'NONE', #287 ) ;
#2723 = AXIS2_PLACEMENT_3D ( 'NONE', #2262, #931, #321 ) ;
#2724 = CARTESIAN_POINT ( 'NONE',  ( 137.4999999999999432, 137.4999999999999716, 190.0000000000000000 ) ) ;
#2725 = VERTEX_POINT ( 'NONE', #2476 ) ;
#2726 = ORIENTED_EDGE ( 'NONE', *, *, #1584, .T. ) ;
#2727 = EDGE_CURVE ( 'NONE', #146, #1655, #749, .T. ) ;
#2728 = CARTESIAN_POINT ( 'NONE',  ( 0.000000000000000000, 0.000000000000000000, 10.00000000000000000 ) ) ;
#2729 = ORIENTED_EDGE ( 'NONE', *, *, #2139, .T. ) ;
#2730 = AXIS2_PLACEMENT_3D ( 'NONE', #48, #1693, #820 ) ;
#2731 = ADVANCED_FACE ( 'NONE', ( #1404 ), #1114, .F. ) ;
#2732 = DIRECTION ( 'NONE',  ( 1.820037745287142165E-16, 1.000000000000000000, 0.000000000000000000 ) ) ;
#2733 = FACE_OUTER_BOUND ( 'NONE', #2134, .T. ) ;
#2734 = CARTESIAN_POINT ( 'NONE',  ( 137.4999999999999432, 137.4999999999999716, 0.000000000000000000 ) ) ;
#2735 = DIRECTION ( 'NONE',  ( 0.000000000000000000, 0.000000000000000000, -1.000000000000000000 ) ) ;
#2736 = ORIENTED_EDGE ( 'NONE', *, *, #1121, .F. ) ;
#2737 = FACE_OUTER_BOUND ( 'NONE', #1937, .T. ) ;
#2738 = DIRECTION ( 'NONE',  ( 1.000000000000000000, 0.000000000000000000, 0.000000000000000000 ) ) ;
#2739 = ORIENTED_EDGE ( 'NONE', *, *, #3311, .F. ) ;
#2740 = EDGE_CURVE ( 'NONE', #2045, #2458, #77, .T. ) ;
#2741 = ORIENTED_EDGE ( 'NONE', *, *, #1819, .T. ) ;
#2742 = ORIENTED_EDGE ( 'NONE', *, *, #841, .T. ) ;
#2743 = DIRECTION ( 'NONE',  ( 1.000000000000000000, 0.000000000000000000, 0.000000000000000000 ) ) ;
#2744 = ORIENTED_EDGE ( 'NONE', *, *, #1370, .F. ) ;
#2745 = CARTESIAN_POINT ( 'NONE',  ( -80.00000000000001421, 79.99999999999998579, 600.0000000000000000 ) ) ;
#2746 = CIRCLE ( 'NONE', #2013, 5.000000000000004441 ) ;
#2747 = ADVANCED_FACE ( 'NONE', ( #2702 ), #307, .T. ) ;
#2748 = DIRECTION ( 'NONE',  ( 0.000000000000000000, 0.000000000000000000, 1.000000000000000000 ) ) ;
#2749 = CARTESIAN_POINT ( 'NONE',  ( 74.99999999999998579, 79.99999999999998579, 600.0000000000000000 ) ) ;
#2750 = EDGE_CURVE ( 'NONE', #2960, #346, #2036, .T. ) ;
#2751 = DIRECTION ( 'NONE',  ( -1.000000000000000000, 0.000000000000000000, -0.000000000000000000 ) ) ;
#2752 = FACE_BOUND ( 'NONE', #2569, .T. ) ;
#2753 = ORIENTED_EDGE ( 'NONE', *, *, #2077, .F. ) ;
#2754 = AXIS2_PLACEMENT_3D ( 'NONE', #2277, #2304, #435 ) ;
#2755 = CYLINDRICAL_SURFACE ( 'NONE', #1250, 7.500000000000000000 ) ;
#2756 = ORIENTED_EDGE ( 'NONE', *, *, #2077, .T. ) ;
#2757 = ORIENTED_EDGE ( 'NONE', *, *, #990, .T. ) ;
#2758 = ORIENTED_EDGE ( 'NONE', *, *, #161, .F. ) ;
#2759 = CIRCLE ( 'NONE', #2022, 10.00000000000000888 ) ;
#2760 = DIRECTION ( 'NONE',  ( 0.000000000000000000, 0.000000000000000000, 1.000000000000000000 ) ) ;
#2761 = ORIENTED_EDGE ( 'NONE', *, *, #26, .T. ) ;
#2762 = CARTESIAN_POINT ( 'NONE',  ( -147.4999999999999716, 137.5000000000000000, 10.00000000000000000 ) ) ;
#2763 = LINE ( 'NONE', #100, #3463 ) ;
#2764 = PLANE ( 'NONE',  #466 ) ;
#2765 = AXIS2_PLACEMENT_3D ( 'NONE', #1462, #2337, #2583 ) ;
#2766 = DIRECTION ( 'NONE',  ( -0.000000000000000000, -0.000000000000000000, 1.000000000000000000 ) ) ;
#2767 = EDGE_CURVE ( 'NONE', #2487, #2816, #2178, .T. ) ;
#2768 = CARTESIAN_POINT ( 'NONE',  ( 137.4999999999999432, -137.4999999999999432, 600.0000000000000000 ) ) ;
#2769 = ORIENTED_EDGE ( 'NONE', *, *, #1181, .T. ) ;
#2770 = AXIS2_PLACEMENT_3D ( 'NONE', #72, #2673, #3279 ) ;
#2771 = CYLINDRICAL_SURFACE ( 'NONE', #1423, 15.00000000000000000 ) ;
#2772 = ORIENTED_EDGE ( 'NONE', *, *, #1075, .T. ) ;
#2773 = CIRCLE ( 'NONE', #2823, 7.500000000000000000 ) ;
#2774 = VERTEX_POINT ( 'NONE', #2495 ) ;
#2775 = EDGE_CURVE ( 'NONE', #2790, #826, #96, .T. ) ;
#2776 = CYLINDRICAL_SURFACE ( 'NONE', #1753, 5.000000000000004441 ) ;
#2777 = DIRECTION ( 'NONE',  ( -0.000000000000000000, -0.000000000000000000, 1.000000000000000000 ) ) ;
#2778 = VECTOR ( 'NONE', #1409, 1000.000000000000000 ) ;
#2779 = CARTESIAN_POINT ( 'NONE',  ( 75.00000000000000000, 79.99999999999998579, 190.0000000000000000 ) ) ;
#2780 = CARTESIAN_POINT ( 'NONE',  ( -137.5000000000000568, -137.4999999999999432, 190.0000000000000000 ) ) ;
#2781 = ORIENTED_EDGE ( 'NONE', *, *, #2948, .T. ) ;
#2782 = CARTESIAN_POINT ( 'NONE',  ( -75.00000000000001421, 79.99999999999998579, 600.0000000000000000 ) ) ;
#2783 = FACE_BOUND ( 'NONE', #3446, .T. ) ;
#2784 = CARTESIAN_POINT ( 'NONE',  ( 137.4999999999999716, -152.4999999999999432, 190.0000000000000000 ) ) ;
#2785 = VERTEX_POINT ( 'NONE', #850 ) ;
#2786 = CALENDAR_DATE ( 2020, 29, 11 ) ;
#2787 = EDGE_CURVE ( 'NONE', #641, #3426, #3095, .T. ) ;
#2788 = EDGE_CURVE ( 'NONE', #1149, #1057, #1573, .T. ) ;
#2789 = VERTEX_POINT ( 'NONE', #3361 ) ;
#2790 = VERTEX_POINT ( 'NONE', #968 ) ;
#2791 = ORIENTED_EDGE ( 'NONE', *, *, #1140, .F. ) ;
#2792 = CARTESIAN_POINT ( 'NONE',  ( -152.5000000000000284, -152.4999999999999432, 200.0000000000000000 ) ) ;
#2793 = CC_DESIGN_PERSON_AND_ORGANIZATION_ASSIGNMENT ( #1999, #685, ( #928 ) ) ;
#2794 = CARTESIAN_POINT ( 'NONE',  ( -147.5000000000000000, 137.5000000000000000, 190.0000000000000000 ) ) ;
#2795 = FACE_OUTER_BOUND ( 'NONE', #3343, .T. ) ;
#2796 = DIRECTION ( 'NONE',  ( 1.000000000000000000, -9.100188726435709590E-17, 0.000000000000000000 ) ) ;
#2797 = EDGE_CURVE ( 'NONE', #519, #2015, #2031, .T. ) ;
#2798 = DIRECTION ( 'NONE',  ( 1.000000000000000000, 0.000000000000000000, 0.000000000000000000 ) ) ;
#2799 = LINE ( 'NONE', #1476, #3168 ) ;
#2800 = ORIENTED_EDGE ( 'NONE', *, *, #1550, .F. ) ;
#2801 = APPROVAL_ROLE ( '' ) ;
#2802 = EDGE_LOOP ( 'NONE', ( #3032, #3358 ) ) ;
#2803 = AXIS2_PLACEMENT_3D ( 'NONE', #86, #2226, #1157 ) ;
#2804 = VERTEX_POINT ( 'NONE', #110 ) ;
#2805 = EDGE_CURVE ( 'NONE', #1386, #71, #386, .T. ) ;
#2806 = DIRECTION ( 'NONE',  ( 0.000000000000000000, 0.000000000000000000, 1.000000000000000000 ) ) ;
#2807 = CIRCLE ( 'NONE', #1624, 15.00000000000000000 ) ;
#2808 = ADVANCED_FACE ( 'NONE', ( #1764 ), #1466, .F. ) ;
#2809 = VECTOR ( 'NONE', #1107, 1000.000000000000000 ) ;
#2810 = DIRECTION ( 'NONE',  ( 0.000000000000000000, 0.000000000000000000, 1.000000000000000000 ) ) ;
#2811 = AXIS2_PLACEMENT_3D ( 'NONE', #1328, #2344, #1562 ) ;
#2812 = CYLINDRICAL_SURFACE ( 'NONE', #199, 5.000000000000004441 ) ;
#2813 = CARTESIAN_POINT ( 'NONE',  ( -137.4999999999999432, 137.5000000000000000, 190.0000000000000000 ) ) ;
#2814 = DIRECTION ( 'NONE',  ( 1.000000000000000000, 0.000000000000000000, 0.000000000000000000 ) ) ;
#2815 = CYLINDRICAL_SURFACE ( 'NONE', #2765, 5.000000000000000888 ) ;
#2816 = VERTEX_POINT ( 'NONE', #1749 ) ;
#2817 = CIRCLE ( 'NONE', #2083, 5.000000000000004441 ) ;
#2818 = DATE_AND_TIME ( #2786, #3213 ) ;
#2819 = CIRCLE ( 'NONE', #1300, 15.00000000000001421 ) ;
#2820 = EDGE_LOOP ( 'NONE', ( #190, #3184 ) ) ;
#2821 = AXIS2_PLACEMENT_3D ( 'NONE', #3403, #3388, #2654 ) ;
#2822 = FACE_OUTER_BOUND ( 'NONE', #1253, .T. ) ;
#2823 = AXIS2_PLACEMENT_3D ( 'NONE', #1646, #2194, #1071 ) ;
#2824 = CARTESIAN_POINT ( 'NONE',  ( 80.00000000000000000, -80.00000000000000000, 190.0000000000000000 ) ) ;
#2825 = EDGE_CURVE ( 'NONE', #3426, #641, #30, .T. ) ;
#2826 = EDGE_CURVE ( 'NONE', #1110, #701, #318, .T. ) ;
#2827 = AXIS2_PLACEMENT_3D ( 'NONE', #1896, #1685, #1346 ) ;
#2828 = CARTESIAN_POINT ( 'NONE',  ( -137.4999999999999432, 137.5000000000000000, 10.00000000000000000 ) ) ;
#2829 = LINE ( 'NONE', #154, #2641 ) ;
#2830 = VECTOR ( 'NONE', #1381, 1000.000000000000000 ) ;
#2831 = DIRECTION ( 'NONE',  ( 0.000000000000000000, 1.000000000000000000, 0.000000000000000000 ) ) ;
#2832 = LINE ( 'NONE', #1728, #1629 ) ;
#2833 = ORIENTED_EDGE ( 'NONE', *, *, #1913, .T. ) ;
#2834 = CIRCLE ( 'NONE', #1592, 15.00000000000001421 ) ;
#2835 = VERTEX_POINT ( 'NONE', #130 ) ;
#2836 = ORIENTED_EDGE ( 'NONE', *, *, #2707, .T. ) ;
#2837 = DIRECTION ( 'NONE',  ( -0.000000000000000000, -0.000000000000000000, 1.000000000000000000 ) ) ;
#2838 = PLANE ( 'NONE',  #1807 ) ;
#2839 = EDGE_CURVE ( 'NONE', #3319, #3264, #1301, .T. ) ;
#2840 = CARTESIAN_POINT ( 'NONE',  ( 152.5000000000000284, 137.4999999999999716, 10.00000000000000000 ) ) ;
#2841 = EDGE_LOOP ( 'NONE', ( #2066, #299 ) ) ;
#2842 = FACE_BOUND ( 'NONE', #3227, .T. ) ;
#2843 = DIRECTION ( 'NONE',  ( 0.000000000000000000, 0.000000000000000000, 1.000000000000000000 ) ) ;
#2844 = ADVANCED_FACE ( 'NONE', ( #2574 ), #1438, .F. ) ;
#2845 = PLANE ( 'NONE',  #2964 ) ;
#2846 = DIRECTION ( 'NONE',  ( -1.000000000000000000, 0.000000000000000000, 0.000000000000000000 ) ) ;
#2847 = ORIENTED_EDGE ( 'NONE', *, *, #1811, .T. ) ;
#2848 = ADVANCED_FACE ( 'NONE', ( #2252 ), #1453, .F. ) ;
#2849 = VECTOR ( 'NONE', #1083, 1000.000000000000000 ) ;
#2850 = DATE_TIME_ROLE ( 'classification_date' ) ;
#2851 = ORIENTED_EDGE ( 'NONE', *, *, #2497, .T. ) ;
#2852 = VERTEX_POINT ( 'NONE', #921 ) ;
#2853 = ADVANCED_FACE ( 'NONE', ( #1240 ), #2543, .F. ) ;
#2854 = CARTESIAN_POINT ( 'NONE',  ( -137.4999999999999432, 152.5000000000000284, 190.0000000000000000 ) ) ;
#2855 = CARTESIAN_POINT ( 'NONE',  ( 79.99999999999998579, 79.99999999999998579, 610.0000000000000000 ) ) ;
#2856 = PLANE ( 'NONE',  #2303 ) ;
#2857 = ORIENTED_EDGE ( 'NONE', *, *, #2466, .F. ) ;
#2858 = LINE ( 'NONE', #1504, #1267 ) ;
#2859 = CARTESIAN_POINT ( 'NONE',  ( -137.5000000000000000, -137.4999999999999432, 600.0000000000000000 ) ) ;
#2860 = AXIS2_PLACEMENT_3D ( 'NONE', #1723, #3335, #942 ) ;
#2861 = DIRECTION ( 'NONE',  ( 0.000000000000000000, 0.000000000000000000, -1.000000000000000000 ) ) ;
#2862 = CARTESIAN_POINT ( 'NONE',  ( 137.4999999999999432, -137.4999999999999432, 190.0000000000000000 ) ) ;
#2863 = VERTEX_POINT ( 'NONE', #3079 ) ;
#2864 = EDGE_CURVE ( 'NONE', #2882, #2785, #3067, .T. ) ;
#2865 = CARTESIAN_POINT ( 'NONE',  ( -137.4999999999999432, 152.5000000000000284, 0.000000000000000000 ) ) ;
#2866 = ORIENTED_EDGE ( 'NONE', *, *, #2484, .T. ) ;
#2867 = EDGE_LOOP ( 'NONE', ( #1601, #876, #3310, #2847 ) ) ;
#2868 = FACE_OUTER_BOUND ( 'NONE', #1801, .T. ) ;
#2869 = FACE_BOUND ( 'NONE', #40, .T. ) ;
#2870 = CIRCLE ( 'NONE', #2312, 5.000000000000004441 ) ;
#2871 = EDGE_CURVE ( 'NONE', #614, #2913, #880, .T. ) ;
#2872 = LINE ( 'NONE', #3445, #1631 ) ;
#2873 = VECTOR ( 'NONE', #361, 1000.000000000000000 ) ;
#2874 = ORIENTED_EDGE ( 'NONE', *, *, #370, .F. ) ;
#2875 = FACE_BOUND ( 'NONE', #1089, .T. ) ;
#2876 = FACE_OUTER_BOUND ( 'NONE', #2961, .T. ) ;
#2877 = VECTOR ( 'NONE', #367, 1000.000000000000000 ) ;
#2878 = ADVANCED_FACE ( 'NONE', ( #2822 ), #664, .F. ) ;
#2879 = DIRECTION ( 'NONE',  ( 0.000000000000000000, 0.000000000000000000, 1.000000000000000000 ) ) ;
#2880 = CARTESIAN_POINT ( 'NONE',  ( 75.00000000000000000, -80.00000000000000000, 200.0000000000000000 ) ) ;
#2881 = DIRECTION ( 'NONE',  ( 0.000000000000000000, 0.000000000000000000, 1.000000000000000000 ) ) ;
#2882 = VERTEX_POINT ( 'NONE', #645 ) ;
#2883 = AXIS2_PLACEMENT_3D ( 'NONE', #1035, #3178, #1833 ) ;
#2884 = ORIENTED_EDGE ( 'NONE', *, *, #2826, .F. ) ;
#2885 = DIRECTION ( 'NONE',  ( -0.000000000000000000, -0.000000000000000000, 1.000000000000000000 ) ) ;
#2886 = ADVANCED_FACE ( 'NONE', ( #1215 ), #2776, .F. ) ;
#2887 = CARTESIAN_POINT ( 'NONE',  ( 137.4999999999999432, -152.4999999999999432, 610.0000000000000000 ) ) ;
#2888 = CIRCLE ( 'NONE', #1660, 15.00000000000001421 ) ;
#2889 = LINE ( 'NONE', #3183, #873 ) ;
#2890 = ORIENTED_EDGE ( 'NONE', *, *, #354, .T. ) ;
#2891 = DIRECTION ( 'NONE',  ( 1.000000000000000000, 0.000000000000000000, 0.000000000000000000 ) ) ;
#2892 = DIRECTION ( 'NONE',  ( 1.820037745287142165E-16, 1.000000000000000000, 0.000000000000000000 ) ) ;
#2893 = DIRECTION ( 'NONE',  ( -1.000000000000000000, 0.000000000000000000, 0.000000000000000000 ) ) ;
#2894 = CYLINDRICAL_SURFACE ( 'NONE', #3144, 7.500000000000000000 ) ;
#2895 = CARTESIAN_POINT ( 'NONE',  ( 147.4999999999999716, 137.4999999999999716, 0.000000000000000000 ) ) ;
#2896 = ORIENTED_EDGE ( 'NONE', *, *, #2644, .T. ) ;
#2897 = VERTEX_POINT ( 'NONE', #2017 ) ;
#2898 = DIRECTION ( 'NONE',  ( 1.000000000000000000, 0.000000000000000000, 0.000000000000000000 ) ) ;
#2899 = DIRECTION ( 'NONE',  ( 0.000000000000000000, 0.000000000000000000, 1.000000000000000000 ) ) ;
#2900 = ADVANCED_FACE ( 'NONE', ( #2560 ), #165, .F. ) ;
#2901 = CYLINDRICAL_SURFACE ( 'NONE', #2811, 5.000000000000004441 ) ;
#2902 = VERTEX_POINT ( 'NONE', #1530 ) ;
#2903 = ADVANCED_FACE ( 'NONE', ( #1545 ), #1578, .F. ) ;
#2904 = CC_DESIGN_DATE_AND_TIME_ASSIGNMENT ( #3296, #673, ( #1279 ) ) ;
#2905 = FACE_OUTER_BOUND ( 'NONE', #459, .T. ) ;
#2906 = DIRECTION ( 'NONE',  ( -0.000000000000000000, -0.000000000000000000, 1.000000000000000000 ) ) ;
#2907 = EDGE_CURVE ( 'NONE', #2382, #2676, #2542, .T. ) ;
#2908 = CARTESIAN_POINT ( 'NONE',  ( -137.5000000000000000, 137.4999999999999716, 9.999999999999994671 ) ) ;
#2909 = CYLINDRICAL_SURFACE ( 'NONE', #1863, 10.00000000000000888 ) ;
#2910 = VECTOR ( 'NONE', #257, 1000.000000000000000 ) ;
#2911 = DIRECTION ( 'NONE',  ( 1.000000000000000000, 0.000000000000000000, 0.000000000000000000 ) ) ;
#2912 = DIRECTION ( 'NONE',  ( -0.000000000000000000, -0.000000000000000000, 1.000000000000000000 ) ) ;
#2913 = VERTEX_POINT ( 'NONE', #264 ) ;
#2914 = ORIENTED_EDGE ( 'NONE', *, *, #3393, .F. ) ;
#2915 = DIRECTION ( 'NONE',  ( 0.000000000000000000, 0.000000000000000000, 1.000000000000000000 ) ) ;
#2916 = DIRECTION ( 'NONE',  ( 0.000000000000000000, 0.000000000000000000, 1.000000000000000000 ) ) ;
#2917 = ORIENTED_EDGE ( 'NONE', *, *, #3351, .T. ) ;
#2918 = CARTESIAN_POINT ( 'NONE',  ( -75.00000000000000000, -80.00000000000000000, 190.0000000000000000 ) ) ;
#2919 = AXIS2_PLACEMENT_3D ( 'NONE', #1336, #1884, #2665 ) ;
#2920 = ORIENTED_EDGE ( 'NONE', *, *, #1628, .T. ) ;
#2921 = DIRECTION ( 'NONE',  ( -0.000000000000000000, -0.000000000000000000, 1.000000000000000000 ) ) ;
#2922 = DIRECTION ( 'NONE',  ( -0.000000000000000000, -0.000000000000000000, 1.000000000000000000 ) ) ;
#2923 = DIRECTION ( 'NONE',  ( -0.000000000000000000, -0.000000000000000000, 1.000000000000000000 ) ) ;
#2924 = VERTEX_POINT ( 'NONE', #2854 ) ;
#2925 = CIRCLE ( 'NONE', #1363, 5.000000000000004441 ) ;
#2926 = EDGE_CURVE ( 'NONE', #3065, #2122, #722, .T. ) ;
#2927 = ADVANCED_FACE ( 'NONE', ( #2094 ), #2589, .F. ) ;
#2928 = CARTESIAN_POINT ( 'NONE',  ( 147.4999999999999147, 137.4999999999999716, 9.999999999999994671 ) ) ;
#2929 = CARTESIAN_POINT ( 'NONE',  ( 137.5000000000000000, 137.4999999999999716, 0.000000000000000000 ) ) ;
#2930 = DIRECTION ( 'NONE',  ( 1.000000000000000000, 0.000000000000000000, 0.000000000000000000 ) ) ;
#2931 = EDGE_CURVE ( 'NONE', #3034, #3392, #1027, .T. ) ;
#2932 = DIRECTION ( 'NONE',  ( 1.000000000000000000, 0.000000000000000000, 0.000000000000000000 ) ) ;
#2933 = ORIENTED_EDGE ( 'NONE', *, *, #3300, .T. ) ;
#2934 = VERTEX_POINT ( 'NONE', #473 ) ;
#2935 = DIRECTION ( 'NONE',  ( 1.000000000000000000, 0.000000000000000000, 0.000000000000000000 ) ) ;
#2936 = DIRECTION ( 'NONE',  ( 0.000000000000000000, 0.000000000000000000, 1.000000000000000000 ) ) ;
#2937 = ORIENTED_EDGE ( 'NONE', *, *, #2197, .T. ) ;
#2938 = VERTEX_POINT ( 'NONE', #194 ) ;
#2939 = DIRECTION ( 'NONE',  ( 1.000000000000000000, 0.000000000000000000, 0.000000000000000000 ) ) ;
#2940 = ADVANCED_FACE ( 'NONE', ( #521 ), #1257, .F. ) ;
#2941 = ORIENTED_EDGE ( 'NONE', *, *, #3327, .F. ) ;
#2942 = ORIENTED_EDGE ( 'NONE', *, *, #3197, .F. ) ;
#2943 = DIRECTION ( 'NONE',  ( -0.000000000000000000, -0.000000000000000000, 1.000000000000000000 ) ) ;
#2944 = DIRECTION ( 'NONE',  ( -1.000000000000000000, 0.000000000000000000, 0.000000000000000000 ) ) ;
#2945 = ORIENTED_EDGE ( 'NONE', *, *, #710, .F. ) ;
#2946 = LINE ( 'NONE', #2144, #57 ) ;
#2947 = DIRECTION ( 'NONE',  ( 1.000000000000000000, 0.000000000000000000, 0.000000000000000000 ) ) ;
#2948 = EDGE_CURVE ( 'NONE', #1894, #549, #3272, .T. ) ;
#2949 = LINE ( 'NONE', #1337, #3081 ) ;
#2950 = DIRECTION ( 'NONE',  ( -1.000000000000000000, 0.000000000000000000, 0.000000000000000000 ) ) ;
#2951 = VERTEX_POINT ( 'NONE', #2062 ) ;
#2952 = ORIENTED_EDGE ( 'NONE', *, *, #2788, .T. ) ;
#2953 = DIRECTION ( 'NONE',  ( 1.000000000000000000, 0.000000000000000000, 0.000000000000000000 ) ) ;
#2954 = DIRECTION ( 'NONE',  ( 0.000000000000000000, 0.000000000000000000, 1.000000000000000000 ) ) ;
#2955 = EDGE_LOOP ( 'NONE', ( #3076, #3109 ) ) ;
#2956 = ORIENTED_EDGE ( 'NONE', *, *, #758, .F. ) ;
#2957 = ADVANCED_FACE ( 'NONE', ( #3126 ), #503, .F. ) ;
#2958 = DIRECTION ( 'NONE',  ( 1.000000000000000000, -1.820037745287142658E-16, 0.000000000000000000 ) ) ;
#2959 = CARTESIAN_POINT ( 'NONE',  ( -137.4999999999999432, -137.4999999999999432, 190.0000000000000000 ) ) ;
#2960 = VERTEX_POINT ( 'NONE', #771 ) ;
#2961 = EDGE_LOOP ( 'NONE', ( #365, #859, #1888, #3372 ) ) ;
#2962 = CARTESIAN_POINT ( 'NONE',  ( -152.5000000000000284, -137.4999999999999432, 10.00000000000000000 ) ) ;
#2963 = VERTEX_POINT ( 'NONE', #2342 ) ;
#2964 = AXIS2_PLACEMENT_3D ( 'NONE', #447, #914, #2288 ) ;
#2965 = FACE_OUTER_BOUND ( 'NONE', #1829, .T. ) ;
#2966 = CARTESIAN_POINT ( 'NONE',  ( -137.4999999999999432, 137.4999999999999716, 610.0000000000000000 ) ) ;
#2967 = DIRECTION ( 'NONE',  ( 0.000000000000000000, 0.000000000000000000, -1.000000000000000000 ) ) ;
#2968 = CIRCLE ( 'NONE', #1599, 5.000000000000004441 ) ;
#2969 = DIRECTION ( 'NONE',  ( 0.000000000000000000, 0.000000000000000000, 1.000000000000000000 ) ) ;
#2970 = ORIENTED_EDGE ( 'NONE', *, *, #2014, .F. ) ;
#2971 = VECTOR ( 'NONE', #1439, 1000.000000000000000 ) ;
#2972 = VERTEX_POINT ( 'NONE', #2047 ) ;
#2973 = LINE ( 'NONE', #300, #192 ) ;
#2974 = DIRECTION ( 'NONE',  ( 1.000000000000000000, 0.000000000000000000, 0.000000000000000000 ) ) ;
#2975 = EDGE_CURVE ( 'NONE', #3224, #661, #3111, .T. ) ;
#2976 = CARTESIAN_POINT ( 'NONE',  ( -80.00000000000000000, 79.99999999999998579, 190.0000000000000000 ) ) ;
#2977 = ORIENTED_EDGE ( 'NONE', *, *, #1019, .T. ) ;
#2978 = EDGE_LOOP ( 'NONE', ( #917, #919 ) ) ;
#2979 = ORIENTED_EDGE ( 'NONE', *, *, #864, .T. ) ;
#2980 = EDGE_LOOP ( 'NONE', ( #1345, #408 ) ) ;
#2981 = CARTESIAN_POINT ( 'NONE',  ( -7.500000000000000000, 9.184850993605147944E-16, 10.00000000000000000 ) ) ;
#2982 = ORIENTED_EDGE ( 'NONE', *, *, #1182, .F. ) ;
#2983 = ADVANCED_FACE ( 'NONE', ( #2868 ), #2078, .F. ) ;
#2984 = ORIENTED_EDGE ( 'NONE', *, *, #847, .T. ) ;
#2985 = FACE_OUTER_BOUND ( 'NONE', #1915, .T. ) ;
#2986 = EDGE_LOOP ( 'NONE', ( #2202, #1113, #2394, #3066 ) ) ;
#2987 = CARTESIAN_POINT ( 'NONE',  ( 152.5000000000000000, 137.4999999999999716, 190.0000000000000000 ) ) ;
#2988 = AXIS2_PLACEMENT_3D ( 'NONE', #1000, #1781, #2377 ) ;
#2989 = CARTESIAN_POINT ( 'NONE',  ( 0.000000000000000000, 0.000000000000000000, 20.00000000000000000 ) ) ;
#2990 = ADVANCED_FACE ( 'NONE', ( #1272 ), #3142, .F. ) ;
#2991 = CARTESIAN_POINT ( 'NONE',  ( -6.123233995736760366E-16, 25.00000000000000000, 190.0000000000000000 ) ) ;
#2992 = VERTEX_POINT ( 'NONE', #2358 ) ;
#2993 = FACE_BOUND ( 'NONE', #2116, .T. ) ;
#2994 = ORIENTED_EDGE ( 'NONE', *, *, #615, .T. ) ;
#2995 = VECTOR ( 'NONE', #2655, 1000.000000000000000 ) ;
#2996 = DIRECTION ( 'NONE',  ( -0.000000000000000000, -0.000000000000000000, -1.000000000000000000 ) ) ;
#2997 = CARTESIAN_POINT ( 'NONE',  ( -80.00000000000000000, -80.00000000000000000, 0.000000000000000000 ) ) ;
#2998 = ORIENTED_EDGE ( 'NONE', *, *, #764, .T. ) ;
#2999 = AXIS2_PLACEMENT_3D ( 'NONE', #2959, #1940, #347 ) ;
#3000 = VERTEX_POINT ( 'NONE', #1816 ) ;
#3001 = ORIENTED_EDGE ( 'NONE', *, *, #206, .F. ) ;
#3002 = ADVANCED_FACE ( 'NONE', ( #489 ), #223, .F. ) ;
#3003 = AXIS2_PLACEMENT_3D ( 'NONE', #2780, #3025, #2500 ) ;
#3004 = LINE ( 'NONE', #870, #2374 ) ;
#3005 = ORIENTED_EDGE ( 'NONE', *, *, #3412, .F. ) ;
#3006 = DIRECTION ( 'NONE',  ( -0.000000000000000000, -0.000000000000000000, 1.000000000000000000 ) ) ;
#3007 = EDGE_CURVE ( 'NONE', #866, #303, #1032, .T. ) ;
#3008 = ORIENTED_EDGE ( 'NONE', *, *, #3435, .F. ) ;
#3009 = AXIS2_PLACEMENT_3D ( 'NONE', #782, #2127, #1812 ) ;
#3010 = CARTESIAN_POINT ( 'NONE',  ( 85.00000000000000000, -80.00000000000000000, 190.0000000000000000 ) ) ;
#3011 = FACE_OUTER_BOUND ( 'NONE', #1544, .T. ) ;
#3012 = FACE_OUTER_BOUND ( 'NONE', #3198, .T. ) ;
#3013 = FACE_BOUND ( 'NONE', #2841, .T. ) ;
#3014 = ORIENTED_EDGE ( 'NONE', *, *, #332, .F. ) ;
#3015 = CARTESIAN_POINT ( 'NONE',  ( 0.000000000000000000, 0.000000000000000000, 190.0000000000000000 ) ) ;
#3016 = PERSON_AND_ORGANIZATION ( #1041, #1034 ) ;
#3017 = VERTEX_POINT ( 'NONE', #343 ) ;
#3018 = ORIENTED_EDGE ( 'NONE', *, *, #1195, .T. ) ;
#3019 = ORIENTED_EDGE ( 'NONE', *, *, #3042, .F. ) ;
#3020 = CARTESIAN_POINT ( 'NONE',  ( 137.4999999999999432, 137.4999999999999716, 0.000000000000000000 ) ) ;
#3021 = ORIENTED_EDGE ( 'NONE', *, *, #1104, .T. ) ;
#3022 = CYLINDRICAL_SURFACE ( 'NONE', #1689, 7.500000000000000000 ) ;
#3023 = AXIS2_PLACEMENT_3D ( 'NONE', #316, #817, #1947 ) ;
#3024 = ADVANCED_FACE ( 'NONE', ( #1126 ), #608, .F. ) ;
#3025 = DIRECTION ( 'NONE',  ( 0.000000000000000000, 0.000000000000000000, -1.000000000000000000 ) ) ;
#3026 = DIRECTION ( 'NONE',  ( -1.000000000000000000, 0.000000000000000000, 0.000000000000000000 ) ) ;
#3027 = ADVANCED_FACE ( 'NONE', ( #2737 ), #1932, .T. ) ;
#3028 = DIRECTION ( 'NONE',  ( -0.000000000000000000, -0.000000000000000000, 1.000000000000000000 ) ) ;
#3029 = FACE_OUTER_BOUND ( 'NONE', #187, .T. ) ;
#3030 = VERTEX_POINT ( 'NONE', #1644 ) ;
#3031 = PERSON_AND_ORGANIZATION_ROLE ( 'classification_officer' ) ;
#3032 = ORIENTED_EDGE ( 'NONE', *, *, #618, .T. ) ;
#3033 = ORIENTED_EDGE ( 'NONE', *, *, #1959, .F. ) ;
#3034 = VERTEX_POINT ( 'NONE', #3259 ) ;
#3035 = VECTOR ( 'NONE', #1707, 1000.000000000000000 ) ;
#3036 = CARTESIAN_POINT ( 'NONE',  ( 137.4999999999999147, -137.4999999999999432, 180.0000000000000000 ) ) ;
#3037 = DIRECTION ( 'NONE',  ( 1.000000000000000000, 0.000000000000000000, 0.000000000000000000 ) ) ;
#3038 = CARTESIAN_POINT ( 'NONE',  ( 152.4999999999999432, -152.4999999999999432, 190.0000000000000000 ) ) ;
#3039 = DIRECTION ( 'NONE',  ( -0.000000000000000000, -0.000000000000000000, -1.000000000000000000 ) ) ;
#3040 = DIRECTION ( 'NONE',  ( -0.000000000000000000, -0.000000000000000000, 1.000000000000000000 ) ) ;
#3041 = EDGE_CURVE ( 'NONE', #1525, #1650, #1577, .T. ) ;
#3042 = EDGE_CURVE ( 'NONE', #2027, #1255, #2973, .T. ) ;
#3043 = AXIS2_PLACEMENT_3D ( 'NONE', #1142, #1679, #394 ) ;
#3044 = DIRECTION ( 'NONE',  ( 0.000000000000000000, 0.000000000000000000, 1.000000000000000000 ) ) ;
#3045 = FACE_BOUND ( 'NONE', #1535, .T. ) ;
#3046 = ORIENTED_EDGE ( 'NONE', *, *, #829, .T. ) ;
#3047 = VECTOR ( 'NONE', #1081, 1000.000000000000000 ) ;
#3048 = AXIS2_PLACEMENT_3D ( 'NONE', #1341, #2130, #1070 ) ;
#3049 = APPROVAL_DATE_TIME ( #2818, #337 ) ;
#3050 = PRODUCT_DEFINITION_SHAPE ( 'NONE', 'NONE',  #1279 ) ;
#3051 = APPROVAL_PERSON_ORGANIZATION ( #1792, #2349, #2338 ) ;
#3052 = ORIENTED_EDGE ( 'NONE', *, *, #2907, .F. ) ;
#3053 = CARTESIAN_POINT ( 'NONE',  ( -147.4999999999999716, -137.4999999999999432, 190.0000000000000000 ) ) ;
#3054 = EDGE_CURVE ( 'NONE', #1527, #1954, #52, .T. ) ;
#3055 = LINE ( 'NONE', #694, #1975 ) ;
#3056 = CARTESIAN_POINT ( 'NONE',  ( -80.00000000000000000, 79.99999999999998579, 190.0000000000000000 ) ) ;
#3057 = CYLINDRICAL_SURFACE ( 'NONE', #242, 15.00000000000000000 ) ;
#3058 = AXIS2_PLACEMENT_3D ( 'NONE', #3447, #1606, #529 ) ;
#3059 = EDGE_CURVE ( 'NONE', #1069, #1834, #2213, .T. ) ;
#3060 = LINE ( 'NONE', #1234, #1454 ) ;
#3061 = DIRECTION ( 'NONE',  ( -0.000000000000000000, -0.000000000000000000, 1.000000000000000000 ) ) ;
#3062 = EDGE_LOOP ( 'NONE', ( #1152, #3331, #629, #2160 ) ) ;
#3063 = EDGE_CURVE ( 'NONE', #807, #1615, #1472, .T. ) ;
#3064 = EDGE_CURVE ( 'NONE', #2804, #2416, #1664, .T. ) ;
#3065 = VERTEX_POINT ( 'NONE', #862 ) ;
#3066 = ORIENTED_EDGE ( 'NONE', *, *, #3301, .T. ) ;
#3067 = LINE ( 'NONE', #1987, #138 ) ;
#3068 = EDGE_CURVE ( 'NONE', #1149, #1465, #323, .T. ) ;
#3069 = CARTESIAN_POINT ( 'NONE',  ( 137.4999999999999432, 137.4999999999999716, 10.00000000000000000 ) ) ;
#3070 = CARTESIAN_POINT ( 'NONE',  ( 0.000000000000000000, 0.000000000000000000, 210.0000000000000000 ) ) ;
#3071 = DIRECTION ( 'NONE',  ( 1.000000000000000000, 0.000000000000000000, 0.000000000000000000 ) ) ;
#3072 = CARTESIAN_POINT ( 'NONE',  ( 137.4999999999999432, 137.4999999999999716, 190.0000000000000000 ) ) ;
#3073 = CIRCLE ( 'NONE', #957, 10.00000000000000888 ) ;
#3074 = CARTESIAN_POINT ( 'NONE',  ( -147.4999999999999716, -137.4999999999999432, 190.0000000000000000 ) ) ;
#3075 = ORIENTED_EDGE ( 'NONE', *, *, #2163, .T. ) ;
#3076 = ORIENTED_EDGE ( 'NONE', *, *, #1718, .F. ) ;
#3077 = EDGE_LOOP ( 'NONE', ( #2029, #726, #1239, #2229 ) ) ;
#3078 = EDGE_CURVE ( 'NONE', #3125, #1292, #527, .T. ) ;
#3079 = CARTESIAN_POINT ( 'NONE',  ( -75.00000000000000000, 79.99999999999998579, 200.0000000000000000 ) ) ;
#3080 = EDGE_CURVE ( 'NONE', #1525, #1615, #2472, .T. ) ;
#3081 = VECTOR ( 'NONE', #798, 1000.000000000000000 ) ;
#3082 = DIRECTION ( 'NONE',  ( 1.000000000000000000, 0.000000000000000000, 0.000000000000000000 ) ) ;
#3083 = VECTOR ( 'NONE', #400, 1000.000000000000000 ) ;
#3084 = CARTESIAN_POINT ( 'NONE',  ( -80.00000000000000000, 79.99999999999998579, 190.0000000000000000 ) ) ;
#3085 = CYLINDRICAL_SURFACE ( 'NONE', #81, 5.000000000000004441 ) ;
#3086 = DIRECTION ( 'NONE',  ( 1.000000000000000000, 0.000000000000000000, 0.000000000000000000 ) ) ;
#3087 = DIRECTION ( 'NONE',  ( 0.000000000000000000, 0.000000000000000000, -1.000000000000000000 ) ) ;
#3088 = CARTESIAN_POINT ( 'NONE',  ( -85.00000000000001421, 79.99999999999998579, 610.0000000000000000 ) ) ;
#3089 = ORIENTED_EDGE ( 'NONE', *, *, #2163, .F. ) ;
#3090 = ADVANCED_FACE ( 'NONE', ( #3240 ), #844, .T. ) ;
#3091 = AXIS2_PLACEMENT_3D ( 'NONE', #1248, #2040, #2796 ) ;
#3092 = VECTOR ( 'NONE', #2021, 1000.000000000000000 ) ;
#3093 = ORIENTED_EDGE ( 'NONE', *, *, #3239, .F. ) ;
#3094 = ORIENTED_EDGE ( 'NONE', *, *, #2446, .F. ) ;
#3095 = CIRCLE ( 'NONE', #1372, 5.000000000000000888 ) ;
#3096 = CARTESIAN_POINT ( 'NONE',  ( 5.000000000000000000, 25.00000000000000000, 190.0000000000000000 ) ) ;
#3097 = CIRCLE ( 'NONE', #143, 5.000000000000004441 ) ;
#3098 = EDGE_CURVE ( 'NONE', #1186, #1951, #2367, .T. ) ;
#3099 = CARTESIAN_POINT ( 'NONE',  ( -137.4999999999999432, -137.4999999999999432, 0.000000000000000000 ) ) ;
#3100 = ORIENTED_EDGE ( 'NONE', *, *, #2484, .F. ) ;
#3101 = ADVANCED_FACE ( 'NONE', ( #885 ), #1952, .F. ) ;
#3102 = CARTESIAN_POINT ( 'NONE',  ( 80.00000000000000000, 79.99999999999998579, 200.0000000000000000 ) ) ;
#3103 = DIRECTION ( 'NONE',  ( 0.000000000000000000, 0.000000000000000000, -1.000000000000000000 ) ) ;
#3104 = CARTESIAN_POINT ( 'NONE',  ( -137.4999999999999716, 147.5000000000000284, 9.999999999999994671 ) ) ;
#3105 = LINE ( 'NONE', #716, #960 ) ;
#3106 = DIRECTION ( 'NONE',  ( -1.000000000000000000, 9.100188726435709590E-17, -0.000000000000000000 ) ) ;
#3107 = ORIENTED_EDGE ( 'NONE', *, *, #2533, .F. ) ;
#3108 = AXIS2_PLACEMENT_3D ( 'NONE', #768, #735, #3173 ) ;
#3109 = ORIENTED_EDGE ( 'NONE', *, *, #2053, .F. ) ;
#3110 = EDGE_LOOP ( 'NONE', ( #1861, #320, #2102, #625 ) ) ;
#3111 = LINE ( 'NONE', #1306, #314 ) ;
#3112 = DIRECTION ( 'NONE',  ( 1.000000000000000000, 0.000000000000000000, 0.000000000000000000 ) ) ;
#3113 = CARTESIAN_POINT ( 'NONE',  ( 127.4999999999999432, -137.4999999999999432, 10.00000000000000000 ) ) ;
#3114 = ORIENTED_EDGE ( 'NONE', *, *, #841, .F. ) ;
#3115 = LINE ( 'NONE', #216, #2253 ) ;
#3116 = CARTESIAN_POINT ( 'NONE',  ( 152.4999999999999432, -137.4999999999999432, 190.0000000000000000 ) ) ;
#3117 = ADVANCED_FACE ( 'NONE', ( #1910 ), #2755, .F. ) ;
#3118 = DIRECTION ( 'NONE',  ( 1.000000000000000000, 0.000000000000000000, 0.000000000000000000 ) ) ;
#3119 = DIRECTION ( 'NONE',  ( 0.000000000000000000, 0.000000000000000000, 1.000000000000000000 ) ) ;
#3120 = EDGE_LOOP ( 'NONE', ( #1483, #1709, #1192, #2075 ) ) ;
#3121 = VECTOR ( 'NONE', #3452, 1000.000000000000000 ) ;
#3122 = SHAPE_DEFINITION_REPRESENTATION ( #3050, #2585 ) ;
#3123 = DIRECTION ( 'NONE',  ( 0.000000000000000000, 0.000000000000000000, -1.000000000000000000 ) ) ;
#3124 = ORIENTED_EDGE ( 'NONE', *, *, #1432, .T. ) ;
#3125 = VERTEX_POINT ( 'NONE', #2694 ) ;
#3126 = FACE_OUTER_BOUND ( 'NONE', #3110, .T. ) ;
#3127 = CARTESIAN_POINT ( 'NONE',  ( -137.4999999999999432, 152.5000000000000284, 10.00000000000000000 ) ) ;
#3128 = AXIS2_PLACEMENT_3D ( 'NONE', #1506, #1043, #3118 ) ;
#3129 = DIRECTION ( 'NONE',  ( 1.000000000000000000, 0.000000000000000000, 0.000000000000000000 ) ) ;
#3130 = EDGE_LOOP ( 'NONE', ( #1096, #936, #1776, #1517 ) ) ;
#3131 = AXIS2_PLACEMENT_3D ( 'NONE', #1518, #3150, #3133 ) ;
#3132 = VECTOR ( 'NONE', #646, 1000.000000000000000 ) ;
#3133 = DIRECTION ( 'NONE',  ( 1.000000000000000000, 0.000000000000000000, 0.000000000000000000 ) ) ;
#3134 = CARTESIAN_POINT ( 'NONE',  ( -137.4999999999999432, 137.5000000000000000, 190.0000000000000000 ) ) ;
#3135 = CIRCLE ( 'NONE', #1190, 15.00000000000000000 ) ;
#3136 = DIRECTION ( 'NONE',  ( 0.000000000000000000, 0.000000000000000000, -1.000000000000000000 ) ) ;
#3137 = EDGE_CURVE ( 'NONE', #1013, #2093, #1360, .T. ) ;
#3138 = CARTESIAN_POINT ( 'NONE',  ( 84.99999999999998579, 79.99999999999998579, 600.0000000000000000 ) ) ;
#3139 = DIRECTION ( 'NONE',  ( 1.000000000000000000, 0.000000000000000000, 0.000000000000000000 ) ) ;
#3140 = VERTEX_POINT ( 'NONE', #2489 ) ;
#3141 = ORIENTED_EDGE ( 'NONE', *, *, #3300, .F. ) ;
#3142 = CYLINDRICAL_SURFACE ( 'NONE', #1031, 10.00000000000000888 ) ;
#3143 = DIRECTION ( 'NONE',  ( 0.000000000000000000, 0.000000000000000000, 1.000000000000000000 ) ) ;
#3144 = AXIS2_PLACEMENT_3D ( 'NONE', #516, #2614, #235 ) ;
#3145 = AXIS2_PLACEMENT_3D ( 'NONE', #3285, #892, #1955 ) ;
#3146 = AXIS2_PLACEMENT_3D ( 'NONE', #2468, #3324, #2210 ) ;
#3147 = DIRECTION ( 'NONE',  ( -1.000000000000000000, 0.000000000000000000, 0.000000000000000000 ) ) ;
#3148 = VECTOR ( 'NONE', #1891, 1000.000000000000000 ) ;
#3149 = VERTEX_POINT ( 'NONE', #2230 ) ;
#3150 = DIRECTION ( 'NONE',  ( 0.000000000000000000, 0.000000000000000000, 1.000000000000000000 ) ) ;
#3151 = PLANE ( 'NONE',  #1419 ) ;
#3152 = AXIS2_PLACEMENT_3D ( 'NONE', #2792, #938, #177 ) ;
#3153 = DIRECTION ( 'NONE',  ( 1.000000000000000000, 0.000000000000000000, -0.000000000000000000 ) ) ;
#3154 = LINE ( 'NONE', #294, #1026 ) ;
#3155 = EDGE_CURVE ( 'NONE', #2195, #2091, #2925, .T. ) ;
#3156 = FACE_BOUND ( 'NONE', #1797, .T. ) ;
#3157 = ORIENTED_EDGE ( 'NONE', *, *, #2668, .T. ) ;
#3158 = VERTEX_POINT ( 'NONE', #738 ) ;
#3159 = CARTESIAN_POINT ( 'NONE',  ( -80.00000000000000000, 79.99999999999998579, 0.000000000000000000 ) ) ;
#3160 = DIRECTION ( 'NONE',  ( 1.000000000000000000, 0.000000000000000000, 0.000000000000000000 ) ) ;
#3161 = AXIS2_PLACEMENT_3D ( 'NONE', #2209, #2168, #2429 ) ;
#3162 = EDGE_CURVE ( 'NONE', #1013, #2852, #1756, .T. ) ;
#3163 = LINE ( 'NONE', #2023, #2000 ) ;
#3164 = LINE ( 'NONE', #773, #1920 ) ;
#3165 = EDGE_LOOP ( 'NONE', ( #1109, #274, #2977, #2462 ) ) ;
#3166 = EDGE_CURVE ( 'NONE', #38, #1604, #1052, .T. ) ;
#3167 = FACE_BOUND ( 'NONE', #1719, .T. ) ;
#3168 = VECTOR ( 'NONE', #2305, 1000.000000000000000 ) ;
#3169 = DIRECTION ( 'NONE',  ( 0.000000000000000000, 0.000000000000000000, 1.000000000000000000 ) ) ;
#3170 = CARTESIAN_POINT ( 'NONE',  ( -137.4999999999999432, 137.4999999999999716, 190.0000000000000000 ) ) ;
#3171 = CARTESIAN_POINT ( 'NONE',  ( -137.4999999999999432, 137.5000000000000000, 0.000000000000000000 ) ) ;
#3172 = FACE_OUTER_BOUND ( 'NONE', #963, .T. ) ;
#3173 = DIRECTION ( 'NONE',  ( -1.000000000000000000, 0.000000000000000000, 0.000000000000000000 ) ) ;
#3174 = ORIENTED_EDGE ( 'NONE', *, *, #2052, .T. ) ;
#3175 = ORIENTED_EDGE ( 'NONE', *, *, #2788, .F. ) ;
#3176 = DIRECTION ( 'NONE',  ( -0.000000000000000000, -0.000000000000000000, 1.000000000000000000 ) ) ;
#3177 = CARTESIAN_POINT ( 'NONE',  ( 0.000000000000000000, 0.000000000000000000, 10.00000000000000000 ) ) ;
#3178 = DIRECTION ( 'NONE',  ( 0.000000000000000000, 0.000000000000000000, -1.000000000000000000 ) ) ;
#3179 = ORIENTED_EDGE ( 'NONE', *, *, #2648, .F. ) ;
#3180 = ORIENTED_EDGE ( 'NONE', *, *, #3341, .T. ) ;
#3181 = ADVANCED_FACE ( 'NONE', ( #2343 ), #2095, .F. ) ;
#3182 = EDGE_CURVE ( 'NONE', #146, #1389, #706, .T. ) ;
#3183 = CARTESIAN_POINT ( 'NONE',  ( -137.4999999999999716, 147.5000000000000284, 9.999999999999994671 ) ) ;
#3184 = ORIENTED_EDGE ( 'NONE', *, *, #966, .T. ) ;
#3185 = CARTESIAN_POINT ( 'NONE',  ( 0.000000000000000000, 0.000000000000000000, 10.00000000000000000 ) ) ;
#3186 = CARTESIAN_POINT ( 'NONE',  ( -137.4999999999999432, 152.5000000000000284, 200.0000000000000000 ) ) ;
#3187 = AXIS2_PLACEMENT_3D ( 'NONE', #682, #3044, #2814 ) ;
#3188 = LINE ( 'NONE', #3209, #3208 ) ;
#3189 = EDGE_CURVE ( 'NONE', #3140, #3030, #195, .T. ) ;
#3190 = ORIENTED_EDGE ( 'NONE', *, *, #2497, .F. ) ;
#3191 = FACE_BOUND ( 'NONE', #208, .T. ) ;
#3192 = DIRECTION ( 'NONE',  ( -0.000000000000000000, -0.000000000000000000, 1.000000000000000000 ) ) ;
#3193 = AXIS2_PLACEMENT_3D ( 'NONE', #1134, #2705, #1899 ) ;
#3194 = DIRECTION ( 'NONE',  ( -1.000000000000000000, 9.100188726435709590E-17, -0.000000000000000000 ) ) ;
#3195 = FACE_OUTER_BOUND ( 'NONE', #610, .T. ) ;
#3196 = ORIENTED_EDGE ( 'NONE', *, *, #68, .T. ) ;
#3197 = EDGE_CURVE ( 'NONE', #1834, #2902, #504, .T. ) ;
#3198 = EDGE_LOOP ( 'NONE', ( #2436, #2279, #1403, #3225 ) ) ;
#3199 = DIRECTION ( 'NONE',  ( 0.000000000000000000, 0.000000000000000000, -1.000000000000000000 ) ) ;
#3200 = DIRECTION ( 'NONE',  ( -0.000000000000000000, -0.000000000000000000, 1.000000000000000000 ) ) ;
#3201 = ORIENTED_EDGE ( 'NONE', *, *, #3182, .F. ) ;
#3202 = DIRECTION ( 'NONE',  ( -1.000000000000000000, 9.100188726435709590E-17, -0.000000000000000000 ) ) ;
#3203 = CIRCLE ( 'NONE', #188, 5.000000000000004441 ) ;
#3204 = EDGE_LOOP ( 'NONE', ( #2691, #1929, #906, #2704 ) ) ;
#3205 = ADVANCED_FACE ( 'NONE', ( #2359, #1765, #2311, #2869, #2636 ), #2838, .F. ) ;
#3206 = EDGE_LOOP ( 'NONE', ( #1135, #1761, #1557, #3258 ) ) ;
#3207 = DIRECTION ( 'NONE',  ( -0.000000000000000000, -0.000000000000000000, -1.000000000000000000 ) ) ;
#3208 = VECTOR ( 'NONE', #2923, 1000.000000000000000 ) ;
#3209 = CARTESIAN_POINT ( 'NONE',  ( -85.00000000000000000, -80.00000000000000000, 0.000000000000000000 ) ) ;
#3210 = ORIENTED_EDGE ( 'NONE', *, *, #582, .T. ) ;
#3211 = VECTOR ( 'NONE', #3389, 1000.000000000000000 ) ;
#3212 = DESIGN_CONTEXT ( 'detailed design', #3346, 'design' ) ;
#3213 = LOCAL_TIME ( 14, 37, 11.00000000000000000, #918 ) ;
#3214 = DIRECTION ( 'NONE',  ( -1.820037745287142411E-16, -1.000000000000000000, 0.000000000000000000 ) ) ;
#3215 = CARTESIAN_POINT ( 'NONE',  ( 5.510910596163089556E-15, -25.00000000000000000, 190.0000000000000000 ) ) ;
#3216 = CYLINDRICAL_SURFACE ( 'NONE', #3409, 5.000000000000004441 ) ;
#3217 = ADVANCED_FACE ( 'NONE', ( #2328 ), #1546, .T. ) ;
#3218 = DIRECTION ( 'NONE',  ( -0.000000000000000000, -0.000000000000000000, 1.000000000000000000 ) ) ;
#3219 = VERTEX_POINT ( 'NONE', #442 ) ;
#3220 = CIRCLE ( 'NONE', #605, 10.00000000000000888 ) ;
#3221 = ORIENTED_EDGE ( 'NONE', *, *, #2417, .T. ) ;
#3222 = CARTESIAN_POINT ( 'NONE',  ( 0.000000000000000000, 0.000000000000000000, 10.00000000000000000 ) ) ;
#3223 = DIRECTION ( 'NONE',  ( 1.000000000000000000, 0.000000000000000000, 0.000000000000000000 ) ) ;
#3224 = VERTEX_POINT ( 'NONE', #1241 ) ;
#3225 = ORIENTED_EDGE ( 'NONE', *, *, #3347, .T. ) ;
#3226 = DIRECTION ( 'NONE',  ( 0.000000000000000000, 0.000000000000000000, 1.000000000000000000 ) ) ;
#3227 = EDGE_LOOP ( 'NONE', ( #2800, #2150 ) ) ;
#3228 = EDGE_LOOP ( 'NONE', ( #1769, #488, #359, #1543 ) ) ;
#3229 = FACE_OUTER_BOUND ( 'NONE', #55, .T. ) ;
#3230 = EDGE_LOOP ( 'NONE', ( #3093, #1082, #1641, #3114 ) ) ;
#3231 = FACE_OUTER_BOUND ( 'NONE', #539, .T. ) ;
#3232 = DIRECTION ( 'NONE',  ( -0.000000000000000000, -0.000000000000000000, 1.000000000000000000 ) ) ;
#3233 = VECTOR ( 'NONE', #445, 1000.000000000000000 ) ;
#3234 = EDGE_CURVE ( 'NONE', #1650, #1525, #1703, .T. ) ;
#3235 = DIRECTION ( 'NONE',  ( 1.000000000000000000, 0.000000000000000000, 0.000000000000000000 ) ) ;
#3236 = CARTESIAN_POINT ( 'NONE',  ( 137.4999999999999147, 137.4999999999999716, 180.0000000000000000 ) ) ;
#3237 = EDGE_LOOP ( 'NONE', ( #687, #814 ) ) ;
#3238 = ORIENTED_EDGE ( 'NONE', *, *, #3054, .T. ) ;
#3239 = EDGE_CURVE ( 'NONE', #38, #32, #2148, .T. ) ;
#3240 = FACE_OUTER_BOUND ( 'NONE', #1581, .T. ) ;
#3241 = CARTESIAN_POINT ( 'NONE',  ( -147.5000000000000000, 137.5000000000000000, 9.999999999999994671 ) ) ;
#3242 = ORIENTED_EDGE ( 'NONE', *, *, #360, .F. ) ;
#3243 = CARTESIAN_POINT ( 'NONE',  ( 137.5000000000000000, 152.5000000000000000, 190.0000000000000000 ) ) ;
#3244 = ORIENTED_EDGE ( 'NONE', *, *, #378, .T. ) ;
#3245 = CARTESIAN_POINT ( 'NONE',  ( -152.5000000000000284, -152.4999999999999432, 10.00000000000000000 ) ) ;
#3246 = ORIENTED_EDGE ( 'NONE', *, *, #1566, .F. ) ;
#3247 = EDGE_LOOP ( 'NONE', ( #1563, #2129, #3014, #2956 ) ) ;
#3248 = CARTESIAN_POINT ( 'NONE',  ( -137.4999999999999716, 147.5000000000000284, 190.0000000000000000 ) ) ;
#3249 = ORIENTED_EDGE ( 'NONE', *, *, #2684, .T. ) ;
#3250 = EDGE_CURVE ( 'NONE', #1615, #807, #1154, .T. ) ;
#3251 = VECTOR ( 'NONE', #3354, 1000.000000000000000 ) ;
#3252 = CARTESIAN_POINT ( 'NONE',  ( 137.5000000000000000, 152.5000000000000000, 610.0000000000000000 ) ) ;
#3253 = CARTESIAN_POINT ( 'NONE',  ( -137.5000000000000000, -137.4999999999999432, 190.0000000000000000 ) ) ;
#3254 = DIRECTION ( 'NONE',  ( -1.000000000000000000, 0.000000000000000000, 0.000000000000000000 ) ) ;
#3255 = ORIENTED_EDGE ( 'NONE', *, *, #724, .T. ) ;
#3256 = CIRCLE ( 'NONE', #1741, 5.000000000000000888 ) ;
#3257 = DIRECTION ( 'NONE',  ( -1.000000000000000000, 0.000000000000000000, 0.000000000000000000 ) ) ;
#3258 = ORIENTED_EDGE ( 'NONE', *, *, #116, .F. ) ;
#3259 = CARTESIAN_POINT ( 'NONE',  ( 75.00000000000000000, -80.00000000000000000, 0.000000000000000000 ) ) ;
#3260 = CARTESIAN_POINT ( 'NONE',  ( -75.00000000000001421, -80.00000000000000000, 610.0000000000000000 ) ) ;
#3261 = AXIS2_PLACEMENT_3D ( 'NONE', #1768, #443, #3082 ) ;
#3262 = DIRECTION ( 'NONE',  ( 1.000000000000000000, 0.000000000000000000, 0.000000000000000000 ) ) ;
#3263 = ORIENTED_EDGE ( 'NONE', *, *, #1305, .T. ) ;
#3264 = VERTEX_POINT ( 'NONE', #456 ) ;
#3265 = DIRECTION ( 'NONE',  ( 0.000000000000000000, 0.000000000000000000, 1.000000000000000000 ) ) ;
#3266 = VERTEX_POINT ( 'NONE', #2887 ) ;
#3267 = FACE_OUTER_BOUND ( 'NONE', #2521, .T. ) ;
#3268 = VERTEX_POINT ( 'NONE', #241 ) ;
#3269 = VECTOR ( 'NONE', #101, 1000.000000000000000 ) ;
#3270 = VECTOR ( 'NONE', #669, 1000.000000000000000 ) ;
#3271 = CARTESIAN_POINT ( 'NONE',  ( -4.999999999999995559, -25.00000000000000000, 190.0000000000000000 ) ) ;
#3272 = CIRCLE ( 'NONE', #2271, 10.00000000000000888 ) ;
#3273 = DIRECTION ( 'NONE',  ( 1.000000000000000000, 0.000000000000000000, 0.000000000000000000 ) ) ;
#3274 = AXIS2_PLACEMENT_3D ( 'NONE', #3015, #1681, #1619 ) ;
#3275 = CARTESIAN_POINT ( 'NONE',  ( -7.500000000000000000, 9.184850993605147944E-16, 190.0000000000000000 ) ) ;
#3276 = FACE_OUTER_BOUND ( 'NONE', #437, .T. ) ;
#3277 = ORIENTED_EDGE ( 'NONE', *, *, #2270, .F. ) ;
#3278 = AXIS2_PLACEMENT_3D ( 'NONE', #35, #845, #3223 ) ;
#3279 = DIRECTION ( 'NONE',  ( -1.000000000000000000, 0.000000000000000000, 0.000000000000000000 ) ) ;
#3280 = EDGE_CURVE ( 'NONE', #221, #2693, #490, .T. ) ;
#3281 = DIRECTION ( 'NONE',  ( -1.000000000000000000, 0.000000000000000000, 0.000000000000000000 ) ) ;
#3282 = VERTEX_POINT ( 'NONE', #2378 ) ;
#3283 = VERTEX_POINT ( 'NONE', #224 ) ;
#3284 = EDGE_CURVE ( 'NONE', #2443, #2538, #474, .T. ) ;
#3285 = CARTESIAN_POINT ( 'NONE',  ( -137.5000000000000000, -137.4999999999999432, 200.0000000000000000 ) ) ;
#3286 = ORIENTED_EDGE ( 'NONE', *, *, #2775, .T. ) ;
#3287 = CLOSED_SHELL ( 'NONE', ( #2143, #837, #1901, #2256, #2886, #2596, #2375, #1433, #2808, #2927, #1452, #598, #2983, #1957, #355, #750, #2731, #2608, #2239, #1541, #306, #3460, #1053, #3090, #2315, #2033, #3405, #2853, #3027, #1705, #3117, #513 ) ) ;
#3288 = CARTESIAN_POINT ( 'NONE',  ( -137.4999999999999432, 137.5000000000000000, 190.0000000000000000 ) ) ;
#3289 = CIRCLE ( 'NONE', #156, 15.00000000000000000 ) ;
#3290 = DIRECTION ( 'NONE',  ( -0.000000000000000000, -0.000000000000000000, 1.000000000000000000 ) ) ;
#3291 = LINE ( 'NONE', #912, #2142 ) ;
#3292 = CARTESIAN_POINT ( 'NONE',  ( -137.5000000000000568, -137.4999999999999432, 9.999999999999994671 ) ) ;
#3293 = CYLINDRICAL_SURFACE ( 'NONE', #1480, 15.00000000000000000 ) ;
#3294 = EDGE_LOOP ( 'NONE', ( #546, #1369, #3255, #2753 ) ) ;
#3295 = DIRECTION ( 'NONE',  ( 0.000000000000000000, 0.000000000000000000, 1.000000000000000000 ) ) ;
#3296 = DATE_AND_TIME ( #2247, #599 ) ;
#3297 = EDGE_LOOP ( 'NONE', ( #3046, #1003, #451, #3196, #2896, #3360, #2603, #1146 ) ) ;
#3298 = EDGE_LOOP ( 'NONE', ( #1795, #260 ) ) ;
#3299 = FACE_OUTER_BOUND ( 'NONE', #1094, .T. ) ;
#3300 = EDGE_CURVE ( 'NONE', #1421, #1368, #1648, .T. ) ;
#3301 = EDGE_CURVE ( 'NONE', #2863, #2416, #3097, .T. ) ;
#3302 = DIRECTION ( 'NONE',  ( 0.000000000000000000, 0.000000000000000000, 1.000000000000000000 ) ) ;
#3303 = CARTESIAN_POINT ( 'NONE',  ( 5.000000000000006217, -25.00000000000000000, 190.0000000000000000 ) ) ;
#3304 = FACE_OUTER_BOUND ( 'NONE', #1784, .T. ) ;
#3305 = DIRECTION ( 'NONE',  ( -0.000000000000000000, -0.000000000000000000, 1.000000000000000000 ) ) ;
#3306 = DIRECTION ( 'NONE',  ( 1.000000000000000000, 0.000000000000000000, 0.000000000000000000 ) ) ;
#3307 = FACE_BOUND ( 'NONE', #1695, .T. ) ;
#3308 = VERTEX_POINT ( 'NONE', #1817 ) ;
#3309 = PERSON_AND_ORGANIZATION ( #1041, #1034 ) ;
#3310 = ORIENTED_EDGE ( 'NONE', *, *, #1996, .F. ) ;
#3311 = EDGE_CURVE ( 'NONE', #2913, #614, #651, .T. ) ;
#3312 = VERTEX_POINT ( 'NONE', #583 ) ;
#3313 = ORIENTED_EDGE ( 'NONE', *, *, #3317, .F. ) ;
#3314 = AXIS2_PLACEMENT_3D ( 'NONE', #3099, #2810, #427 ) ;
#3315 = CARTESIAN_POINT ( 'NONE',  ( -80.00000000000000000, 79.99999999999998579, 0.000000000000000000 ) ) ;
#3316 = DIRECTION ( 'NONE',  ( 0.000000000000000000, 0.000000000000000000, 1.000000000000000000 ) ) ;
#3317 = EDGE_CURVE ( 'NONE', #1368, #1421, #2086, .T. ) ;
#3318 = DIRECTION ( 'NONE',  ( 1.000000000000000000, 0.000000000000000000, 0.000000000000000000 ) ) ;
#3319 = VERTEX_POINT ( 'NONE', #3260 ) ;
#3320 = PLANE ( 'NONE',  #3091 ) ;
#3321 = CIRCLE ( 'NONE', #3423, 10.00000000000000888 ) ;
#3322 = AXIS2_PLACEMENT_3D ( 'NONE', #2528, #425, #3373 ) ;
#3323 = CARTESIAN_POINT ( 'NONE',  ( -152.5000000000000284, -137.4999999999999432, 200.0000000000000000 ) ) ;
#3324 = DIRECTION ( 'NONE',  ( 0.000000000000000000, 0.000000000000000000, 1.000000000000000000 ) ) ;
#3325 = ORIENTED_EDGE ( 'NONE', *, *, #1591, .T. ) ;
#3326 = AXIS2_PLACEMENT_3D ( 'NONE', #2855, #1560, #772 ) ;
#3327 = EDGE_CURVE ( 'NONE', #51, #2111, #525, .T. ) ;
#3328 = VERTEX_POINT ( 'NONE', #2154 ) ;
#3329 = AXIS2_PLACEMENT_3D ( 'NONE', #73, #1145, #2974 ) ;
#3330 = ORIENTED_EDGE ( 'NONE', *, *, #1531, .F. ) ;
#3331 = ORIENTED_EDGE ( 'NONE', *, *, #588, .F. ) ;
#3332 = CARTESIAN_POINT ( 'NONE',  ( 137.4999999999999432, -137.4999999999999432, 0.000000000000000000 ) ) ;
#3333 = AXIS2_PLACEMENT_3D ( 'NONE', #1227, #3176, #240 ) ;
#3334 = AXIS2_PLACEMENT_3D ( 'NONE', #1185, #2285, #635 ) ;
#3335 = DIRECTION ( 'NONE',  ( 0.000000000000000000, 0.000000000000000000, 1.000000000000000000 ) ) ;
#3336 = AXIS2_PLACEMENT_3D ( 'NONE', #2372, #2615, #1067 ) ;
#3337 = DIRECTION ( 'NONE',  ( 1.000000000000000000, 0.000000000000000000, 0.000000000000000000 ) ) ;
#3338 = CARTESIAN_POINT ( 'NONE',  ( -152.5000000000000284, -152.4999999999999432, 610.0000000000000000 ) ) ;
#3339 = VECTOR ( 'NONE', #1086, 1000.000000000000000 ) ;
#3340 = FACE_BOUND ( 'NONE', #1627, .T. ) ;
#3341 = EDGE_CURVE ( 'NONE', #3450, #2573, #2719, .T. ) ;
#3342 = CARTESIAN_POINT ( 'NONE',  ( -152.5000000000000000, 152.5000000000000284, 190.0000000000000000 ) ) ;
#3343 = EDGE_LOOP ( 'NONE', ( #2188, #3348, #2652, #364 ) ) ;
#3344 = DIRECTION ( 'NONE',  ( 0.000000000000000000, 0.000000000000000000, -1.000000000000000000 ) ) ;
#3345 = EDGE_LOOP ( 'NONE', ( #1443, #2263, #2851, #3018, #2653, #2890, #3157, #2994 ) ) ;
#3346 = APPLICATION_CONTEXT ( 'configuration controlled 3d designs of mechanical parts and assemblies' ) ;
#3347 = EDGE_CURVE ( 'NONE', #866, #2725, #2454, .T. ) ;
#3348 = ORIENTED_EDGE ( 'NONE', *, *, #3064, .T. ) ;
#3349 = DIRECTION ( 'NONE',  ( -0.000000000000000000, -0.000000000000000000, 1.000000000000000000 ) ) ;
#3350 = CARTESIAN_POINT ( 'NONE',  ( -6.123233995736760366E-16, 25.00000000000000000, 200.0000000000000000 ) ) ;
#3351 = EDGE_CURVE ( 'NONE', #2816, #1954, #2773, .T. ) ;
#3352 = CYLINDRICAL_SURFACE ( 'NONE', #1503, 5.000000000000004441 ) ;
#3353 = LINE ( 'NONE', #415, #1571 ) ;
#3354 = DIRECTION ( 'NONE',  ( -0.000000000000000000, -0.000000000000000000, 1.000000000000000000 ) ) ;
#3355 = CARTESIAN_POINT ( 'NONE',  ( -152.5000000000000284, -152.4999999999999432, 10.00000000000000000 ) ) ;
#3356 = ORIENTED_EDGE ( 'NONE', *, *, #890, .T. ) ;
#3357 = CALENDAR_DATE ( 2020, 29, 11 ) ;
#3358 = ORIENTED_EDGE ( 'NONE', *, *, #1490, .T. ) ;
#3359 = AXIS2_PLACEMENT_3D ( 'NONE', #2087, #2107, #778 ) ;
#3360 = ORIENTED_EDGE ( 'NONE', *, *, #2353, .T. ) ;
#3361 = CARTESIAN_POINT ( 'NONE',  ( 147.4999999999999716, -137.4999999999999432, 10.00000000000000000 ) ) ;
#3362 = AXIS2_PLACEMENT_3D ( 'NONE', #2577, #1783, #678 ) ;
#3363 = LINE ( 'NONE', #2050, #129 ) ;
#3364 = AXIS2_PLACEMENT_3D ( 'NONE', #2314, #151, #1217 ) ;
#3365 = CARTESIAN_POINT ( 'NONE',  ( 75.00000000000000000, -80.00000000000000000, 10.00000000000000000 ) ) ;
#3366 = DIRECTION ( 'NONE',  ( 0.000000000000000000, 0.000000000000000000, 1.000000000000000000 ) ) ;
#3367 = LINE ( 'NONE', #977, #787 ) ;
#3368 = DIRECTION ( 'NONE',  ( -0.000000000000000000, -0.000000000000000000, 1.000000000000000000 ) ) ;
#3369 = ORIENTED_EDGE ( 'NONE', *, *, #3098, .T. ) ;
#3370 = VECTOR ( 'NONE', #2124, 1000.000000000000000 ) ;
#3371 = CIRCLE ( 'NONE', #871, 15.00000000000000000 ) ;
#3372 = ORIENTED_EDGE ( 'NONE', *, *, #1835, .F. ) ;
#3373 = DIRECTION ( 'NONE',  ( -1.820037745287142411E-16, -1.000000000000000000, 0.000000000000000000 ) ) ;
#3374 = CARTESIAN_POINT ( 'NONE',  ( -137.4999999999999432, 137.5000000000000000, 0.000000000000000000 ) ) ;
#3375 = VECTOR ( 'NONE', #2088, 1000.000000000000000 ) ;
#3376 = EDGE_CURVE ( 'NONE', #769, #1415, #563, .T. ) ;
#3377 = CARTESIAN_POINT ( 'NONE',  ( 127.4999999999999432, 137.4999999999999716, 10.00000000000000000 ) ) ;
#3378 = VERTEX_POINT ( 'NONE', #1934 ) ;
#3379 = CARTESIAN_POINT ( 'NONE',  ( 75.00000000000000000, 79.99999999999998579, 10.00000000000000000 ) ) ;
#3380 = CARTESIAN_POINT ( 'NONE',  ( -2.775557561562891351E-14, -6.938893903907228378E-15, 9.999999999999994671 ) ) ;
#3381 = EDGE_CURVE ( 'NONE', #2002, #3030, #981, .T. ) ;
#3382 = DIRECTION ( 'NONE',  ( -1.000000000000000000, 0.000000000000000000, 0.000000000000000000 ) ) ;
#3383 = LINE ( 'NONE', #2057, #740 ) ;
#3384 = ORIENTED_EDGE ( 'NONE', *, *, #966, .F. ) ;
#3385 = CIRCLE ( 'NONE', #940, 5.000000000000004441 ) ;
#3386 = ORIENTED_EDGE ( 'NONE', *, *, #3376, .F. ) ;
#3387 = ORIENTED_EDGE ( 'NONE', *, *, #2669, .T. ) ;
#3388 = DIRECTION ( 'NONE',  ( 0.000000000000000000, -1.000000000000000000, 0.000000000000000000 ) ) ;
#3389 = DIRECTION ( 'NONE',  ( -0.000000000000000000, -0.000000000000000000, 1.000000000000000000 ) ) ;
#3390 = VECTOR ( 'NONE', #2922, 1000.000000000000000 ) ;
#3391 = CARTESIAN_POINT ( 'NONE',  ( 80.00000000000000000, -80.00000000000000000, 200.0000000000000000 ) ) ;
#3392 = VERTEX_POINT ( 'NONE', #609 ) ;
#3393 = EDGE_CURVE ( 'NONE', #71, #2963, #1810, .T. ) ;
#3394 = ADVANCED_FACE ( 'NONE', ( #2131 ), #1401, .F. ) ;
#3395 = DIRECTION ( 'NONE',  ( -0.000000000000000000, -0.000000000000000000, 1.000000000000000000 ) ) ;
#3396 = DIRECTION ( 'NONE',  ( -0.000000000000000000, -0.000000000000000000, 1.000000000000000000 ) ) ;
#3397 = EDGE_CURVE ( 'NONE', #303, #1956, #2650, .T. ) ;
#3398 = DIRECTION ( 'NONE',  ( -1.000000000000000000, 0.000000000000000000, 0.000000000000000000 ) ) ;
#3399 = DIRECTION ( 'NONE',  ( 1.000000000000000000, 0.000000000000000000, 0.000000000000000000 ) ) ;
#3400 = LINE ( 'NONE', #2895, #1377 ) ;
#3401 = EDGE_LOOP ( 'NONE', ( #1275, #2460 ) ) ;
#3402 = VERTEX_POINT ( 'NONE', #1343 ) ;
#3403 = CARTESIAN_POINT ( 'NONE',  ( -137.4999999999999716, -147.4999999999999716, 9.999999999999994671 ) ) ;
#3404 = DIRECTION ( 'NONE',  ( 0.000000000000000000, 0.000000000000000000, -1.000000000000000000 ) ) ;
#3405 = ADVANCED_FACE ( 'NONE', ( #1875 ), #1911, .F. ) ;
#3406 = CYLINDRICAL_SURFACE ( 'NONE', #1931, 15.00000000000001421 ) ;
#3407 = ORIENTED_EDGE ( 'NONE', *, *, #2566, .T. ) ;
#3408 = CIRCLE ( 'NONE', #1916, 10.00000000000000888 ) ;
#3409 = AXIS2_PLACEMENT_3D ( 'NONE', #2688, #296, #2911 ) ;
#3410 = DIRECTION ( 'NONE',  ( 0.000000000000000000, 0.000000000000000000, 1.000000000000000000 ) ) ;
#3411 = CARTESIAN_POINT ( 'NONE',  ( -85.00000000000000000, -80.00000000000000000, 10.00000000000000000 ) ) ;
#3412 = EDGE_CURVE ( 'NONE', #3268, #1196, #2433, .T. ) ;
#3413 = AXIS2_PLACEMENT_3D ( 'NONE', #1548, #760, #197 ) ;
#3414 = PLANE ( 'NONE',  #2126 ) ;
#3415 = CARTESIAN_POINT ( 'NONE',  ( -152.4999999999999716, 137.4999999999999716, 200.0000000000000000 ) ) ;
#3416 = EDGE_CURVE ( 'NONE', #519, #704, #929, .T. ) ;
#3417 = CARTESIAN_POINT ( 'NONE',  ( 0.000000000000000000, 0.000000000000000000, 210.0000000000000000 ) ) ;
#3418 = EDGE_LOOP ( 'NONE', ( #2295, #2181, #42, #2578 ) ) ;
#3419 = VERTEX_POINT ( 'NONE', #1852 ) ;
#3420 = EDGE_CURVE ( 'NONE', #3149, #2002, #522, .T. ) ;
#3421 = DIRECTION ( 'NONE',  ( 1.000000000000000000, 0.000000000000000000, 0.000000000000000000 ) ) ;
#3422 = CARTESIAN_POINT ( 'NONE',  ( -152.5000000000000284, -152.4999999999999432, 610.0000000000000000 ) ) ;
#3423 = AXIS2_PLACEMENT_3D ( 'NONE', #535, #747, #2647 ) ;
#3424 = CARTESIAN_POINT ( 'NONE',  ( -152.5000000000000568, -137.4999999999999432, 190.0000000000000000 ) ) ;
#3425 = VECTOR ( 'NONE', #824, 1000.000000000000000 ) ;
#3426 = VERTEX_POINT ( 'NONE', #1598 ) ;
#3427 = DIRECTION ( 'NONE',  ( 1.000000000000000000, 0.000000000000000000, 0.000000000000000000 ) ) ;
#3428 = AXIS2_PLACEMENT_3D ( 'NONE', #344, #265, #1324 ) ;
#3429 = CYLINDRICAL_SURFACE ( 'NONE', #1702, 10.00000000000000888 ) ;
#3430 = AXIS2_PLACEMENT_3D ( 'NONE', #547, #1669, #2459 ) ;
#3431 = DIRECTION ( 'NONE',  ( -1.000000000000000000, 0.000000000000000000, 0.000000000000000000 ) ) ;
#3432 = DIRECTION ( 'NONE',  ( -1.000000000000000000, 0.000000000000000000, 0.000000000000000000 ) ) ;
#3433 = VECTOR ( 'NONE', #2190, 1000.000000000000000 ) ;
#3434 = FACE_OUTER_BOUND ( 'NONE', #528, .T. ) ;
#3435 = EDGE_CURVE ( 'NONE', #470, #3312, #13, .T. ) ;
#3436 = FACE_BOUND ( 'NONE', #570, .T. ) ;
#3437 = ORIENTED_EDGE ( 'NONE', *, *, #588, .T. ) ;
#3438 = CIRCLE ( 'NONE', #152, 10.00000000000000888 ) ;
#3439 = EDGE_LOOP ( 'NONE', ( #1213, #1528, #663, #1848 ) ) ;
#3440 = DIRECTION ( 'NONE',  ( 1.000000000000000000, 0.000000000000000000, 0.000000000000000000 ) ) ;
#3441 = DIRECTION ( 'NONE',  ( -0.000000000000000000, -0.000000000000000000, 1.000000000000000000 ) ) ;
#3442 = AXIS2_PLACEMENT_3D ( 'NONE', #1594, #236, #3139 ) ;
#3443 = CARTESIAN_POINT ( 'NONE',  ( -137.5000000000000000, -152.4999999999999432, 610.0000000000000000 ) ) ;
#3444 = ORIENTED_EDGE ( 'NONE', *, *, #2825, .F. ) ;
#3445 = CARTESIAN_POINT ( 'NONE',  ( -147.4999999999999716, -137.4999999999999432, 0.000000000000000000 ) ) ;
#3446 = EDGE_LOOP ( 'NONE', ( #1733, #58 ) ) ;
#3447 = CARTESIAN_POINT ( 'NONE',  ( 79.99999999999998579, -80.00000000000000000, 600.0000000000000000 ) ) ;
#3448 = LINE ( 'NONE', #991, #2173 ) ;
#3449 = FACE_OUTER_BOUND ( 'NONE', #2211, .T. ) ;
#3450 = VERTEX_POINT ( 'NONE', #1620 ) ;
#3451 = ADVANCED_FACE ( 'NONE', ( #301 ), #1361, .T. ) ;
#3452 = DIRECTION ( 'NONE',  ( 0.000000000000000000, 0.000000000000000000, -1.000000000000000000 ) ) ;
#3453 = LINE ( 'NONE', #2406, #3370 ) ;
#3454 = DIRECTION ( 'NONE',  ( 1.000000000000000000, 0.000000000000000000, 0.000000000000000000 ) ) ;
#3455 = FACE_BOUND ( 'NONE', #567, .T. ) ;
#3456 = EDGE_LOOP ( 'NONE', ( #1314, #478, #846, #63 ) ) ;
#3457 = ORIENTED_EDGE ( 'NONE', *, *, #1754, .F. ) ;
#3458 = AXIS2_PLACEMENT_3D ( 'NONE', #1568, #1265, #254 ) ;
#3459 = DIRECTION ( 'NONE',  ( -0.000000000000000000, -0.000000000000000000, 1.000000000000000000 ) ) ;
#3460 = ADVANCED_FACE ( 'NONE', ( #362 ), #2771, .T. ) ;
#3461 = DIRECTION ( 'NONE',  ( 0.000000000000000000, 0.000000000000000000, -1.000000000000000000 ) ) ;
#3462 = EDGE_LOOP ( 'NONE', ( #540, #209, #1680, #3201 ) ) ;
#3463 = VECTOR ( 'NONE', #1456, 1000.000000000000000 ) ;
#3464 = DIRECTION ( 'NONE',  ( -1.000000000000000000, 9.100188726435709590E-17, -0.000000000000000000 ) ) ;
#3465 = ORIENTED_EDGE ( 'NONE', *, *, #733, .T. ) ;
ENDSEC;
END-ISO-10303-21;
