ISO-10303-21;
HEADER;
FILE_DESCRIPTION (( 'STEP AP203' ),
    '1' );
FILE_NAME ('barre_plate_bas_Défaut_sldprt.STEP',
    '2020-11-29T13:37:00',
    ( '' ),
    ( '' ),
    'SwSTEP 2.0',
    'SolidWorks 2020',
    '' );
FILE_SCHEMA (( 'CONFIG_CONTROL_DESIGN' ));
ENDSEC;

DATA;
#1 = DIRECTION ( 'NONE',  ( -0.01414517629233779175, -0.9998999519890270360, 0.000000000000000000 ) ) ;
#2 = APPLICATION_PROTOCOL_DEFINITION ( 'international standard', 'config_control_design', 1994, #718 ) ;
#3 = DIRECTION ( 'NONE',  ( 0.01414517629233675265, 0.9998999519890271470, 0.000000000000000000 ) ) ;
#4 = DIRECTION ( 'NONE',  ( 0.000000000000000000, 0.000000000000000000, 1.000000000000000000 ) ) ;
#5 = EDGE_LOOP ( 'NONE', ( #1934, #771 ) ) ;
#6 = DIRECTION ( 'NONE',  ( 0.000000000000000000, 0.000000000000000000, 1.000000000000000000 ) ) ;
#7 = ADVANCED_FACE ( 'NONE', ( #845 ), #482, .F. ) ;
#8 = DIRECTION ( 'NONE',  ( 1.000000000000000000, 0.000000000000000000, -0.000000000000000000 ) ) ;
#9 = ORIENTED_EDGE ( 'NONE', *, *, #240, .T. ) ;
#10 = VERTEX_POINT ( 'NONE', #468 ) ;
#11 = ORIENTED_EDGE ( 'NONE', *, *, #484, .T. ) ;
#12 = EDGE_CURVE ( 'NONE', #1988, #1499, #1739, .T. ) ;
#13 = COORDINATED_UNIVERSAL_TIME_OFFSET ( 1, 0, .AHEAD. ) ;
#14 = AXIS2_PLACEMENT_3D ( 'NONE', #702, #1190, #1933 ) ;
#15 = ORIENTED_EDGE ( 'NONE', *, *, #560, .T. ) ;
#16 = AXIS2_PLACEMENT_3D ( 'NONE', #1187, #1413, #1570 ) ;
#17 = DIRECTION ( 'NONE',  ( 0.000000000000000000, 0.000000000000000000, 1.000000000000000000 ) ) ;
#18 = DIRECTION ( 'NONE',  ( 0.000000000000000000, 0.000000000000000000, -1.000000000000000000 ) ) ;
#19 = ORIENTED_EDGE ( 'NONE', *, *, #361, .F. ) ;
#20 = CC_DESIGN_APPROVAL ( #694, ( #706 ) ) ;
#21 = DIRECTION ( 'NONE',  ( -1.000000000000000000, 0.000000000000000000, 0.000000000000000000 ) ) ;
#22 = DIRECTION ( 'NONE',  ( -1.000000000000000000, 0.000000000000000000, 0.000000000000000000 ) ) ;
#23 = ORIENTED_EDGE ( 'NONE', *, *, #1516, .F. ) ;
#24 = EDGE_CURVE ( 'NONE', #113, #1090, #2135, .T. ) ;
#25 = ORIENTED_EDGE ( 'NONE', *, *, #1049, .F. ) ;
#26 = CIRCLE ( 'NONE', #825, 5.000000000000004441 ) ;
#27 = ORIENTED_EDGE ( 'NONE', *, *, #650, .F. ) ;
#28 = LINE ( 'NONE', #1835, #583 ) ;
#29 = DIRECTION ( 'NONE',  ( -0.01414517629233665898, -0.9998999519890270360, 0.000000000000000000 ) ) ;
#30 = CARTESIAN_POINT ( 'NONE',  ( 5.000000000000000888, 25.00000000000000000, -162.9999999999999716 ) ) ;
#31 = CARTESIAN_POINT ( 'NONE',  ( 72.38758894974358782, 72.10688920628028598, 12.00000000000000711 ) ) ;
#32 = CARTESIAN_POINT ( 'NONE',  ( -79.92927411853828801, -75.00050024005491878, 7.000000000000006217 ) ) ;
#33 = DIRECTION ( 'NONE',  ( 0.000000000000000000, 0.000000000000000000, 1.000000000000000000 ) ) ;
#34 = ORIENTED_EDGE ( 'NONE', *, *, #1216, .F. ) ;
#35 = PERSON_AND_ORGANIZATION_ROLE ( 'design_owner' ) ;
#36 = ADVANCED_FACE ( 'NONE', ( #1914 ), #1546, .T. ) ;
#37 = EDGE_LOOP ( 'NONE', ( #1040, #778 ) ) ;
#38 = CARTESIAN_POINT ( 'NONE',  ( 0.000000000000000000, 24.99999999999999289, 7.000000000000006217 ) ) ;
#39 = DIRECTION ( 'NONE',  ( -0.000000000000000000, -0.000000000000000000, -1.000000000000000000 ) ) ;
#40 = ORIENTED_EDGE ( 'NONE', *, *, #811, .F. ) ;
#41 = PLANE ( 'NONE',  #97 ) ;
#42 = DIRECTION ( 'NONE',  ( -1.000000000000000000, 0.000000000000000000, 0.000000000000000000 ) ) ;
#43 = CARTESIAN_POINT ( 'NONE',  ( 88.99999999999998579, -80.00000000000000000, -1.387778780781445676E-14 ) ) ;
#44 = ORIENTED_EDGE ( 'NONE', *, *, #150, .F. ) ;
#45 = CARTESIAN_POINT ( 'NONE',  ( -87.49924963991767868, -79.89391117780752438, 7.000000000000006217 ) ) ;
#46 = LINE ( 'NONE', #466, #1082 ) ;
#47 = EDGE_LOOP ( 'NONE', ( #1069, #1272, #83, #920 ) ) ;
#48 = EDGE_CURVE ( 'NONE', #2020, #2098, #1127, .T. ) ;
#49 = LINE ( 'NONE', #1649, #202 ) ;
#50 = DIRECTION ( 'NONE',  ( -1.000000000000000000, 0.000000000000000000, 0.000000000000000000 ) ) ;
#51 = VERTEX_POINT ( 'NONE', #1336 ) ;
#52 = AXIS2_PLACEMENT_3D ( 'NONE', #1502, #1176, #412 ) ;
#53 = DIRECTION ( 'NONE',  ( 1.000000000000000000, 0.000000000000000000, 0.000000000000000000 ) ) ;
#54 = CIRCLE ( 'NONE', #2015, 8.999999999999994671 ) ;
#55 = CARTESIAN_POINT ( 'NONE',  ( -10.00000000000000178, -50.00000000000000000, -162.9999999999999716 ) ) ;
#56 = FACE_OUTER_BOUND ( 'NONE', #739, .T. ) ;
#57 = CYLINDRICAL_SURFACE ( 'NONE', #541, 5.000000000000003553 ) ;
#58 = EDGE_CURVE ( 'NONE', #2275, #1236, #1654, .T. ) ;
#59 = ORIENTED_EDGE ( 'NONE', *, *, #266, .T. ) ;
#60 = CARTESIAN_POINT ( 'NONE',  ( -87.61241105025636955, -87.89311079371975666, 12.00000000000000711 ) ) ;
#61 = AXIS2_PLACEMENT_3D ( 'NONE', #2106, #1581, #691 ) ;
#62 = FACE_OUTER_BOUND ( 'NONE', #1392, .T. ) ;
#63 = CARTESIAN_POINT ( 'NONE',  ( -80.00000000000002842, -80.00000000000000000, -1.387778780781445676E-14 ) ) ;
#64 = ADVANCED_FACE ( 'NONE', ( #1162 ), #70, .F. ) ;
#65 = ORIENTED_EDGE ( 'NONE', *, *, #1311, .T. ) ;
#66 = AXIS2_PLACEMENT_3D ( 'NONE', #659, #1178, #1366 ) ;
#67 = DIRECTION ( 'NONE',  ( 0.000000000000000000, 0.000000000000000000, -1.000000000000000000 ) ) ;
#68 = DIRECTION ( 'NONE',  ( 0.000000000000000000, 0.000000000000000000, -1.000000000000000000 ) ) ;
#69 = EDGE_CURVE ( 'NONE', #379, #2131, #425, .T. ) ;
#70 = CYLINDRICAL_SURFACE ( 'NONE', #516, 5.000000000000004441 ) ;
#71 = LINE ( 'NONE', #441, #1593 ) ;
#72 = ORIENTED_EDGE ( 'NONE', *, *, #421, .F. ) ;
#73 = CARTESIAN_POINT ( 'NONE',  ( -72.61391177042102640, 71.89471156189519263, 7.000000000000006217 ) ) ;
#74 = AXIS2_PLACEMENT_3D ( 'NONE', #1334, #67, #2187 ) ;
#75 = LINE ( 'NONE', #978, #1971 ) ;
#76 = DIRECTION ( 'NONE',  ( 0.000000000000000000, 0.000000000000000000, 1.000000000000000000 ) ) ;
#77 = EDGE_LOOP ( 'NONE', ( #2023, #2132, #2178, #127 ) ) ;
#78 = DIRECTION ( 'NONE',  ( 0.000000000000000000, 0.000000000000000000, 1.000000000000000000 ) ) ;
#79 = CARTESIAN_POINT ( 'NONE',  ( 25.00000000000000000, -35.00000000000000000, -162.9999999999999716 ) ) ;
#80 = FACE_BOUND ( 'NONE', #152, .T. ) ;
#81 = ADVANCED_FACE ( 'NONE', ( #1147 ), #802, .T. ) ;
#82 = DIRECTION ( 'NONE',  ( -0.01414517629233779175, -0.9998999519890270360, 0.000000000000000000 ) ) ;
#83 = ORIENTED_EDGE ( 'NONE', *, *, #24, .F. ) ;
#84 = VECTOR ( 'NONE', #895, 1000.000000000000000 ) ;
#85 = DIRECTION ( 'NONE',  ( 0.000000000000000000, 0.000000000000000000, 1.000000000000000000 ) ) ;
#86 = VERTEX_POINT ( 'NONE', #1864 ) ;
#87 = ORIENTED_EDGE ( 'NONE', *, *, #1825, .T. ) ;
#88 = CARTESIAN_POINT ( 'NONE',  ( 80.07072588146168357, 84.99949975994512386, 2.000000000000006217 ) ) ;
#89 = DIRECTION ( 'NONE',  ( -1.000000000000000000, 0.000000000000000000, 0.000000000000000000 ) ) ;
#90 = AXIS2_PLACEMENT_3D ( 'NONE', #1039, #1210, #1923 ) ;
#91 = CIRCLE ( 'NONE', #1973, 15.00000000000000000 ) ;
#92 = CARTESIAN_POINT ( 'NONE',  ( -5.000000000000000888, -25.00000000000000000, -173.0000000000000000 ) ) ;
#93 = ORIENTED_EDGE ( 'NONE', *, *, #1572, .F. ) ;
#94 = ADVANCED_FACE ( 'NONE', ( #2226, #80, #1692, #56 ), #1515, .T. ) ;
#95 = VECTOR ( 'NONE', #1859, 1000.000000000000114 ) ;
#96 = APPROVAL_PERSON_ORGANIZATION ( #729, #1636, #369 ) ;
#97 = AXIS2_PLACEMENT_3D ( 'NONE', #961, #606, #1665 ) ;
#98 = DIRECTION ( 'NONE',  ( 0.000000000000000000, 0.000000000000000000, -1.000000000000000000 ) ) ;
#99 = CIRCLE ( 'NONE', #1947, 8.000000000000005329 ) ;
#100 = CARTESIAN_POINT ( 'NONE',  ( 87.49924963991769289, -80.10608882219253246, 12.00000000000000711 ) ) ;
#101 = DIRECTION ( 'NONE',  ( -0.9998999519890270360, 0.01414517629233642826, 0.000000000000000000 ) ) ;
#102 = LINE ( 'NONE', #1556, #1042 ) ;
#103 = AXIS2_PLACEMENT_3D ( 'NONE', #1706, #250, #1879 ) ;
#104 = CARTESIAN_POINT ( 'NONE',  ( 74.99999999999998579, -80.00000000000000000, -1.387778780781445676E-14 ) ) ;
#105 = ORIENTED_EDGE ( 'NONE', *, *, #1872, .F. ) ;
#106 = EDGE_LOOP ( 'NONE', ( #2203, #1995, #245, #1290 ) ) ;
#107 = EDGE_LOOP ( 'NONE', ( #2035, #450, #1267, #660 ) ) ;
#108 = EDGE_CURVE ( 'NONE', #1203, #1718, #1668, .T. ) ;
#109 = DIRECTION ( 'NONE',  ( 0.01414517629233675265, 0.9998999519890271470, 0.000000000000000000 ) ) ;
#110 = EDGE_LOOP ( 'NONE', ( #1465, #1261, #475, #1766 ) ) ;
#111 = LINE ( 'NONE', #272, #524 ) ;
#112 = DIRECTION ( 'NONE',  ( 1.000000000000000000, 0.000000000000000000, 0.000000000000000000 ) ) ;
#113 = VERTEX_POINT ( 'NONE', #226 ) ;
#114 = DIRECTION ( 'NONE',  ( -1.000000000000000000, 0.000000000000000000, 0.000000000000000000 ) ) ;
#115 = CARTESIAN_POINT ( 'NONE',  ( -5.000000000000000000, -25.00000000000000000, 7.000000000000006217 ) ) ;
#116 = ORIENTED_EDGE ( 'NONE', *, *, #860, .F. ) ;
#117 = ORIENTED_EDGE ( 'NONE', *, *, #956, .T. ) ;
#118 = VERTEX_POINT ( 'NONE', #2214 ) ;
#119 = CARTESIAN_POINT ( 'NONE',  ( -89.00000000000002842, 79.99999999999998579, -17.50000000000001421 ) ) ;
#120 = ADVANCED_FACE ( 'NONE', ( #1829 ), #954, .T. ) ;
#121 = ORIENTED_EDGE ( 'NONE', *, *, #2057, .F. ) ;
#122 = CARTESIAN_POINT ( 'NONE',  ( -71.00000000000002842, -80.00000000000000000, -1.387778780781445676E-14 ) ) ;
#123 = DIRECTION ( 'NONE',  ( 0.000000000000000000, 0.000000000000000000, 1.000000000000000000 ) ) ;
#124 = DIRECTION ( 'NONE',  ( 1.000000000000000000, 0.000000000000000000, -0.000000000000000000 ) ) ;
#125 = CIRCLE ( 'NONE', #313, 5.000000000000003553 ) ;
#126 = DIRECTION ( 'NONE',  ( 0.000000000000000000, 0.000000000000000000, 1.000000000000000000 ) ) ;
#127 = ORIENTED_EDGE ( 'NONE', *, *, #1687, .T. ) ;
#128 = AXIS2_PLACEMENT_3D ( 'NONE', #2246, #820, #621 ) ;
#129 = AXIS2_PLACEMENT_3D ( 'NONE', #2206, #588, #408 ) ;
#130 = AXIS2_PLACEMENT_3D ( 'NONE', #601, #1845, #1303 ) ;
#131 = DIRECTION ( 'NONE',  ( -1.000000000000000000, -0.000000000000000000, -0.000000000000000000 ) ) ;
#132 = EDGE_LOOP ( 'NONE', ( #1102, #237, #862, #848 ) ) ;
#133 = CARTESIAN_POINT ( 'NONE',  ( 72.38758894974358782, 72.10688920628028598, 12.00000000000000711 ) ) ;
#134 = EDGE_CURVE ( 'NONE', #1773, #1998, #2136, .T. ) ;
#135 = PLANE ( 'NONE',  #1220 ) ;
#136 = VECTOR ( 'NONE', #1017, 1000.000000000000114 ) ;
#137 = CARTESIAN_POINT ( 'NONE',  ( 25.00000000000000000, -50.00000000000000000, -173.0000000000000000 ) ) ;
#138 = EDGE_CURVE ( 'NONE', #605, #2260, #1489, .T. ) ;
#139 = FACE_OUTER_BOUND ( 'NONE', #2217, .T. ) ;
#140 = ORIENTED_EDGE ( 'NONE', *, *, #1742, .F. ) ;
#141 = CLOSED_SHELL ( 'NONE', ( #662, #506, #7, #2155, #1027, #722, #2311, #1946 ) ) ;
#142 = CARTESIAN_POINT ( 'NONE',  ( -5.000000000000000000, -25.00000000000000000, 7.000000000000006217 ) ) ;
#143 = EDGE_LOOP ( 'NONE', ( #976, #27 ) ) ;
#144 = CYLINDRICAL_SURFACE ( 'NONE', #538, 8.000000000000005329 ) ;
#145 = CYLINDRICAL_SURFACE ( 'NONE', #2280, 8.999999999999994671 ) ;
#146 = CIRCLE ( 'NONE', #1620, 5.000000000000000000 ) ;
#147 = CARTESIAN_POINT ( 'NONE',  ( 25.00000000000000000, -35.00000000000000000, -162.9999999999999716 ) ) ;
#148 = CARTESIAN_POINT ( 'NONE',  ( -72.61391177042102640, 71.89471156189519263, 12.00000000000000711 ) ) ;
#149 = EDGE_LOOP ( 'NONE', ( #1898, #1890 ) ) ;
#150 = EDGE_CURVE ( 'NONE', #284, #539, #1840, .T. ) ;
#151 = VECTOR ( 'NONE', #698, 1000.000000000000000 ) ;
#152 = EDGE_LOOP ( 'NONE', ( #1555, #1660 ) ) ;
#153 = DIRECTION ( 'NONE',  ( 1.000000000000000000, 0.000000000000000000, 0.000000000000000000 ) ) ;
#154 = CARTESIAN_POINT ( 'NONE',  ( 72.61391177042098377, -71.89471156189524947, 7.000000000000006217 ) ) ;
#155 = CARTESIAN_POINT ( 'NONE',  ( -79.99999999999997158, -80.00000000000005684, 2.000000000000006217 ) ) ;
#156 = ORIENTED_EDGE ( 'NONE', *, *, #471, .T. ) ;
#157 = CARTESIAN_POINT ( 'NONE',  ( 87.61241105025638376, -72.10688920628030019, 12.00000000000000711 ) ) ;
#158 = DIRECTION ( 'NONE',  ( -0.000000000000000000, -0.000000000000000000, -1.000000000000000000 ) ) ;
#159 = ORIENTED_EDGE ( 'NONE', *, *, #2224, .F. ) ;
#160 = AXIS2_PLACEMENT_3D ( 'NONE', #2130, #1738, #2297 ) ;
#161 = EDGE_CURVE ( 'NONE', #1111, #2260, #767, .T. ) ;
#162 = CARTESIAN_POINT ( 'NONE',  ( 72.50075036008229290, -79.89391117780748175, 12.00000000000000711 ) ) ;
#163 = AXIS2_PLACEMENT_3D ( 'NONE', #635, #1893, #2062 ) ;
#164 = AXIS2_PLACEMENT_3D ( 'NONE', #1847, #76, #434 ) ;
#165 = AXIS2_PLACEMENT_3D ( 'NONE', #571, #2201, #2030 ) ;
#166 = ORIENTED_EDGE ( 'NONE', *, *, #650, .T. ) ;
#167 = CARTESIAN_POINT ( 'NONE',  ( -5.000000000000000888, -25.00000000000000000, -162.9999999999999716 ) ) ;
#168 = DIRECTION ( 'NONE',  ( 0.000000000000000000, 0.000000000000000000, 1.000000000000000000 ) ) ;
#169 = ORIENTED_EDGE ( 'NONE', *, *, #2287, .T. ) ;
#170 = FACE_OUTER_BOUND ( 'NONE', #1755, .T. ) ;
#171 = VECTOR ( 'NONE', #935, 1000.000000000000000 ) ;
#172 = CARTESIAN_POINT ( 'NONE',  ( -79.99999999999997158, -80.00000000000005684, 12.00000000000000711 ) ) ;
#173 = EDGE_LOOP ( 'NONE', ( #1982, #1734 ) ) ;
#174 = ORIENTED_EDGE ( 'NONE', *, *, #1182, .F. ) ;
#175 = VECTOR ( 'NONE', #2071, 1000.000000000000000 ) ;
#176 = LINE ( 'NONE', #1229, #367 ) ;
#177 = VECTOR ( 'NONE', #783, 1000.000000000000000 ) ;
#178 = CLOSED_SHELL ( 'NONE', ( #837, #1092, #1983, #1785, #1527, #1265, #1592, #2281, #94, #1657, #36, #444, #1704, #1378, #1882, #1482 ) ) ;
#179 = ORIENTED_EDGE ( 'NONE', *, *, #429, .T. ) ;
#180 = EDGE_LOOP ( 'NONE', ( #105, #1491 ) ) ;
#181 = EDGE_CURVE ( 'NONE', #1206, #2131, #794, .T. ) ;
#182 = CARTESIAN_POINT ( 'NONE',  ( -80.00000000000002842, 79.99999999999998579, -17.50000000000001421 ) ) ;
#183 = DIRECTION ( 'NONE',  ( -0.000000000000000000, -1.000000000000000000, -0.000000000000000000 ) ) ;
#184 = ORIENTED_EDGE ( 'NONE', *, *, #1328, .T. ) ;
#185 = FACE_OUTER_BOUND ( 'NONE', #2250, .T. ) ;
#186 = CARTESIAN_POINT ( 'NONE',  ( 72.61391177042098377, -71.89471156189524947, 12.00000000000000711 ) ) ;
#187 = ORIENTED_EDGE ( 'NONE', *, *, #1815, .F. ) ;
#188 = AXIS2_PLACEMENT_3D ( 'NONE', #1463, #1106, #262 ) ;
#189 = VERTEX_POINT ( 'NONE', #1797 ) ;
#190 = DIRECTION ( 'NONE',  ( 0.000000000000000000, 0.000000000000000000, -1.000000000000000000 ) ) ;
#191 = ORIENTED_EDGE ( 'NONE', *, *, #967, .F. ) ;
#192 = FACE_OUTER_BOUND ( 'NONE', #1832, .T. ) ;
#193 = DIRECTION ( 'NONE',  ( 0.000000000000000000, 0.000000000000000000, 1.000000000000000000 ) ) ;
#194 = EDGE_CURVE ( 'NONE', #572, #1997, #1384, .T. ) ;
#195 = ORIENTED_EDGE ( 'NONE', *, *, #1406, .T. ) ;
#196 = DIRECTION ( 'NONE',  ( 0.000000000000000000, 0.000000000000000000, -1.000000000000000000 ) ) ;
#197 = CARTESIAN_POINT ( 'NONE',  ( 0.000000000000000000, -25.00000000000000000, -162.9999999999999716 ) ) ;
#198 = EDGE_LOOP ( 'NONE', ( #1168, #1057, #842, #1578 ) ) ;
#199 = VERTEX_POINT ( 'NONE', #717 ) ;
#200 = EDGE_LOOP ( 'NONE', ( #2330, #1507, #1566, #2279 ) ) ;
#201 = EDGE_CURVE ( 'NONE', #756, #1053, #257, .T. ) ;
#202 = VECTOR ( 'NONE', #1661, 1000.000000000000114 ) ;
#203 = VERTEX_POINT ( 'NONE', #1970 ) ;
#204 = ORIENTED_EDGE ( 'NONE', *, *, #1931, .F. ) ;
#205 = CIRCLE ( 'NONE', #1302, 5.000000000000003553 ) ;
#206 = DIRECTION ( 'NONE',  ( -0.000000000000000000, -0.000000000000000000, -1.000000000000000000 ) ) ;
#207 = CARTESIAN_POINT ( 'NONE',  ( -80.00000000000002842, 79.99999999999998579, -17.50000000000001421 ) ) ;
#208 = AXIS2_PLACEMENT_3D ( 'NONE', #270, #2234, #50 ) ;
#209 = CC_DESIGN_PERSON_AND_ORGANIZATION_ASSIGNMENT ( #1549, #1695, ( #706 ) ) ;
#210 = LOCAL_TIME ( 14, 37, 0.000000000000000000, #268 ) ;
#211 = FACE_OUTER_BOUND ( 'NONE', #952, .T. ) ;
#212 = DIRECTION ( 'NONE',  ( -0.000000000000000000, -0.000000000000000000, 1.000000000000000000 ) ) ;
#213 = EDGE_LOOP ( 'NONE', ( #1521, #1280, #2227, #2156 ) ) ;
#214 = EDGE_CURVE ( 'NONE', #949, #1924, #898, .T. ) ;
#215 = DIRECTION ( 'NONE',  ( 0.000000000000000000, 0.000000000000000000, 1.000000000000000000 ) ) ;
#216 = ORIENTED_EDGE ( 'NONE', *, *, #1584, .T. ) ;
#217 = CIRCLE ( 'NONE', #556, 8.999999999999994671 ) ;
#218 = CALENDAR_DATE ( 2020, 29, 11 ) ;
#219 = ORIENTED_EDGE ( 'NONE', *, *, #757, .T. ) ;
#220 = ORIENTED_EDGE ( 'NONE', *, *, #24, .T. ) ;
#221 = DIRECTION ( 'NONE',  ( -0.01414517629233675265, -0.9998999519890271470, 0.000000000000000000 ) ) ;
#222 = CARTESIAN_POINT ( 'NONE',  ( 72.38758894974358782, 72.10688920628028598, 7.000000000000006217 ) ) ;
#223 = FACE_OUTER_BOUND ( 'NONE', #213, .T. ) ;
#224 = PLANE ( 'NONE',  #1564 ) ;
#225 = FACE_OUTER_BOUND ( 'NONE', #2032, .T. ) ;
#226 = CARTESIAN_POINT ( 'NONE',  ( 10.00000000000000178, 50.00000000000000000, -173.0000000000000000 ) ) ;
#227 = ORIENTED_EDGE ( 'NONE', *, *, #1551, .T. ) ;
#228 = ADVANCED_FACE ( 'NONE', ( #1251 ), #1237, .T. ) ;
#229 = ORIENTED_EDGE ( 'NONE', *, *, #1212, .F. ) ;
#230 = CARTESIAN_POINT ( 'NONE',  ( 72.38758894974358782, -87.89311079371969981, 12.00000000000000711 ) ) ;
#231 = CARTESIAN_POINT ( 'NONE',  ( 79.99999999999998579, -80.00000000000000000, -1.387778780781445676E-14 ) ) ;
#232 = ORIENTED_EDGE ( 'NONE', *, *, #1888, .F. ) ;
#233 = CIRCLE ( 'NONE', #1329, 5.000000000000000888 ) ;
#234 = DIRECTION ( 'NONE',  ( -0.01414517629233779175, -0.9998999519890270360, 0.000000000000000000 ) ) ;
#235 = PLANE ( 'NONE',  #779 ) ;
#236 = CARTESIAN_POINT ( 'NONE',  ( -87.61241105025636955, -87.89311079371975666, 12.00000000000000711 ) ) ;
#237 = ORIENTED_EDGE ( 'NONE', *, *, #1539, .F. ) ;
#238 = EDGE_CURVE ( 'NONE', #189, #118, #2094, .T. ) ;
#239 = PERSON_AND_ORGANIZATION ( #1968, #1978 ) ;
#240 = EDGE_CURVE ( 'NONE', #1338, #320, #176, .T. ) ;
#241 = ADVANCED_FACE ( 'NONE', ( #1066 ), #2303, .F. ) ;
#242 = AXIS2_PLACEMENT_3D ( 'NONE', #1326, #2039, #2213 ) ;
#243 = DIRECTION ( 'NONE',  ( 0.000000000000000000, 0.000000000000000000, 1.000000000000000000 ) ) ;
#244 = CARTESIAN_POINT ( 'NONE',  ( -80.00000000000002842, 79.99999999999998579, -17.50000000000001421 ) ) ;
#245 = ORIENTED_EDGE ( 'NONE', *, *, #134, .F. ) ;
#246 = CIRCLE ( 'NONE', #1370, 5.000000000000004441 ) ;
#247 = CARTESIAN_POINT ( 'NONE',  ( 79.99999999999998579, -80.00000000000000000, -1.387778780781445676E-14 ) ) ;
#248 = AXIS2_PLACEMENT_3D ( 'NONE', #762, #18, #345 ) ;
#249 = CARTESIAN_POINT ( 'NONE',  ( 72.38758894974358782, -87.89311079371969981, 7.000000000000006217 ) ) ;
#250 = DIRECTION ( 'NONE',  ( 0.000000000000000000, 0.000000000000000000, 1.000000000000000000 ) ) ;
#251 = AXIS2_PLACEMENT_3D ( 'NONE', #1720, #98, #827 ) ;
#252 = FACE_OUTER_BOUND ( 'NONE', #1787, .T. ) ;
#253 = EDGE_LOOP ( 'NONE', ( #65, #1792 ) ) ;
#254 = CALENDAR_DATE ( 2020, 29, 11 ) ;
#255 = CARTESIAN_POINT ( 'NONE',  ( -80.00000000000002842, 79.99999999999998579, -17.50000000000001421 ) ) ;
#256 = VERTEX_POINT ( 'NONE', #708 ) ;
#257 = CIRCLE ( 'NONE', #1010, 15.00000000000000000 ) ;
#258 = DIRECTION ( 'NONE',  ( -0.000000000000000000, -0.000000000000000000, -1.000000000000000000 ) ) ;
#259 = CARTESIAN_POINT ( 'NONE',  ( -25.00000000000000000, -50.00000000000000000, -173.0000000000000000 ) ) ;
#260 = ADVANCED_FACE ( 'NONE', ( #2125, #2137 ), #883, .F. ) ;
#261 = ORIENTED_EDGE ( 'NONE', *, *, #939, .T. ) ;
#262 = DIRECTION ( 'NONE',  ( 0.01414517629233675265, 0.9998999519890271470, 0.000000000000000000 ) ) ;
#263 = LINE ( 'NONE', #1347, #2208 ) ;
#264 = CARTESIAN_POINT ( 'NONE',  ( -80.00000000000002842, -80.00000000000000000, -1.387778780781445676E-14 ) ) ;
#265 = LINE ( 'NONE', #1299, #1896 ) ;
#266 = EDGE_CURVE ( 'NONE', #664, #2123, #332, .T. ) ;
#267 = ORIENTED_EDGE ( 'NONE', *, *, #48, .F. ) ;
#268 = COORDINATED_UNIVERSAL_TIME_OFFSET ( 1, 0, .AHEAD. ) ;
#269 = VECTOR ( 'NONE', #2003, 1000.000000000000114 ) ;
#270 = CARTESIAN_POINT ( 'NONE',  ( 79.99999999999998579, -80.00000000000000000, -1.387778780781445676E-14 ) ) ;
#271 = VERTEX_POINT ( 'NONE', #874 ) ;
#272 = CARTESIAN_POINT ( 'NONE',  ( 71.00000000000000000, 79.99999999999998579, -1.387778780781445676E-14 ) ) ;
#273 = EDGE_CURVE ( 'NONE', #1499, #1927, #2133, .T. ) ;
#274 = DIRECTION ( 'NONE',  ( 0.000000000000000000, 0.000000000000000000, -1.000000000000000000 ) ) ;
#275 = CARTESIAN_POINT ( 'NONE',  ( 72.61391177042098377, -71.89471156189524947, 12.00000000000000711 ) ) ;
#276 = ORIENTED_EDGE ( 'NONE', *, *, #1213, .T. ) ;
#277 = PLANE ( 'NONE',  #251 ) ;
#278 = DIRECTION ( 'NONE',  ( -0.000000000000000000, -0.000000000000000000, -1.000000000000000000 ) ) ;
#279 = CARTESIAN_POINT ( 'NONE',  ( 10.00000000000000178, -35.00000000000000000, -162.9999999999999716 ) ) ;
#280 = AXIS2_PLACEMENT_3D ( 'NONE', #1305, #2021, #2194 ) ;
#281 = AXIS2_PLACEMENT_3D ( 'NONE', #679, #2092, #1580 ) ;
#282 = DIRECTION ( 'NONE',  ( 0.000000000000000000, 0.000000000000000000, 1.000000000000000000 ) ) ;
#283 = DIRECTION ( 'NONE',  ( 0.01414517629233642999, 0.9998999519890271470, 0.000000000000000000 ) ) ;
#284 = VERTEX_POINT ( 'NONE', #1317 ) ;
#285 = AXIS2_PLACEMENT_3D ( 'NONE', #1634, #2001, #1802 ) ;
#286 = EDGE_CURVE ( 'NONE', #1244, #2123, #2323, .T. ) ;
#287 = LOCAL_TIME ( 14, 37, 0.000000000000000000, #13 ) ;
#288 = FACE_BOUND ( 'NONE', #149, .T. ) ;
#289 = AXIS2_PLACEMENT_3D ( 'NONE', #1300, #1784, #2134 ) ;
#290 = VERTEX_POINT ( 'NONE', #1494 ) ;
#291 = LINE ( 'NONE', #1553, #2151 ) ;
#292 = CARTESIAN_POINT ( 'NONE',  ( -25.00000000000000000, -50.00000000000000000, -162.9999999999999716 ) ) ;
#293 = FACE_OUTER_BOUND ( 'NONE', #1775, .T. ) ;
#294 = FACE_BOUND ( 'NONE', #404, .T. ) ;
#295 = DIRECTION ( 'NONE',  ( 0.000000000000000000, 0.000000000000000000, -1.000000000000000000 ) ) ;
#296 = ORIENTED_EDGE ( 'NONE', *, *, #1279, .T. ) ;
#297 = EDGE_CURVE ( 'NONE', #256, #2331, #325, .T. ) ;
#298 = CARTESIAN_POINT ( 'NONE',  ( 25.00000000000000000, 35.00000000000000000, -162.9999999999999716 ) ) ;
#299 = EDGE_LOOP ( 'NONE', ( #368, #1451, #1024, #727 ) ) ;
#300 = CARTESIAN_POINT ( 'NONE',  ( -25.00000000000000000, -35.00000000000000000, -162.9999999999999716 ) ) ;
#301 = DIRECTION ( 'NONE',  ( 1.000000000000000000, 0.000000000000000000, 0.000000000000000000 ) ) ;
#302 = CARTESIAN_POINT ( 'NONE',  ( -79.92927411853828801, -75.00050024005491878, 2.000000000000006217 ) ) ;
#303 = DIRECTION ( 'NONE',  ( -0.01414517629233642999, -0.9998999519890271470, 0.000000000000000000 ) ) ;
#304 = VERTEX_POINT ( 'NONE', #613 ) ;
#305 = EDGE_CURVE ( 'NONE', #1252, #1111, #1856, .T. ) ;
#306 = PRODUCT_DEFINITION ( 'UNKNOWN', '', #1454, #1012 ) ;
#307 = DIRECTION ( 'NONE',  ( 0.000000000000000000, 0.000000000000000000, 1.000000000000000000 ) ) ;
#308 = ORIENTED_EDGE ( 'NONE', *, *, #1790, .F. ) ;
#309 = EDGE_CURVE ( 'NONE', #86, #290, #598, .T. ) ;
#310 = DIRECTION ( 'NONE',  ( 0.000000000000000000, 0.000000000000000000, 1.000000000000000000 ) ) ;
#311 = DIRECTION ( 'NONE',  ( -1.000000000000000000, 0.000000000000000000, 0.000000000000000000 ) ) ;
#312 = FACE_BOUND ( 'NONE', #346, .T. ) ;
#313 = AXIS2_PLACEMENT_3D ( 'NONE', #1488, #766, #594 ) ;
#314 = DIRECTION ( 'NONE',  ( 0.000000000000000000, 0.000000000000000000, 1.000000000000000000 ) ) ;
#315 = VERTEX_POINT ( 'NONE', #1870 ) ;
#316 = VERTEX_POINT ( 'NONE', #1696 ) ;
#317 = VECTOR ( 'NONE', #274, 1000.000000000000000 ) ;
#318 = CIRCLE ( 'NONE', #2251, 15.00000000000000000 ) ;
#319 = DIRECTION ( 'NONE',  ( -0.01414517629233675265, -0.9998999519890271470, 0.000000000000000000 ) ) ;
#320 = VERTEX_POINT ( 'NONE', #73 ) ;
#321 = CYLINDRICAL_SURFACE ( 'NONE', #585, 5.000000000000004441 ) ;
#322 = FACE_OUTER_BOUND ( 'NONE', #1446, .T. ) ;
#323 = CIRCLE ( 'NONE', #1648, 8.000000000000005329 ) ;
#324 = EDGE_CURVE ( 'NONE', #2020, #418, #46, .T. ) ;
#325 = CIRCLE ( 'NONE', #1310, 5.000000000000003553 ) ;
#326 = DIRECTION ( 'NONE',  ( 0.000000000000000000, 0.000000000000000000, 1.000000000000000000 ) ) ;
#327 = FACE_BOUND ( 'NONE', #1033, .T. ) ;
#328 = ORIENTED_EDGE ( 'NONE', *, *, #911, .T. ) ;
#329 = AXIS2_PLACEMENT_3D ( 'NONE', #1191, #1006, #832 ) ;
#330 = FACE_OUTER_BOUND ( 'NONE', #1819, .T. ) ;
#331 = EDGE_LOOP ( 'NONE', ( #529, #2059, #184, #1976 ) ) ;
#332 = LINE ( 'NONE', #1241, #1165 ) ;
#333 = CARTESIAN_POINT ( 'NONE',  ( 88.99999999999998579, 79.99999999999998579, -1.387778780781445676E-14 ) ) ;
#334 = CARTESIAN_POINT ( 'NONE',  ( 87.38608822957900202, 71.89471156189524947, 12.00000000000000711 ) ) ;
#335 = VERTEX_POINT ( 'NONE', #2079 ) ;
#336 = EDGE_CURVE ( 'NONE', #1090, #2235, #102, .T. ) ;
#337 = DIRECTION ( 'NONE',  ( -0.01414517629233675265, -0.9998999519890271470, 0.000000000000000000 ) ) ;
#338 = CARTESIAN_POINT ( 'NONE',  ( 72.61391177042098377, -71.89471156189524947, 12.00000000000000711 ) ) ;
#339 = EDGE_LOOP ( 'NONE', ( #2182, #308, #2292, #919 ) ) ;
#340 = ORIENTED_EDGE ( 'NONE', *, *, #2261, .T. ) ;
#341 = CARTESIAN_POINT ( 'NONE',  ( -80.00000000000002842, -80.00000000000000000, -1.387778780781445676E-14 ) ) ;
#342 = EDGE_CURVE ( 'NONE', #1833, #1090, #455, .T. ) ;
#343 = ORIENTED_EDGE ( 'NONE', *, *, #181, .T. ) ;
#344 = DIRECTION ( 'NONE',  ( 0.000000000000000000, 0.000000000000000000, -1.000000000000000000 ) ) ;
#345 = DIRECTION ( 'NONE',  ( -1.000000000000000000, 0.000000000000000000, 0.000000000000000000 ) ) ;
#346 = EDGE_LOOP ( 'NONE', ( #1631, #611 ) ) ;
#347 = DIRECTION ( 'NONE',  ( 0.000000000000000000, 0.000000000000000000, 1.000000000000000000 ) ) ;
#348 = CARTESIAN_POINT ( 'NONE',  ( 5.000000000000000000, 24.99999999999999289, 7.000000000000006217 ) ) ;
#349 = ORIENTED_EDGE ( 'NONE', *, *, #1270, .F. ) ;
#350 = ORIENTED_EDGE ( 'NONE', *, *, #686, .T. ) ;
#351 = VECTOR ( 'NONE', #467, 1000.000000000000000 ) ;
#352 = DIRECTION ( 'NONE',  ( 0.000000000000000000, 0.000000000000000000, 1.000000000000000000 ) ) ;
#353 = EDGE_CURVE ( 'NONE', #793, #1915, #474, .T. ) ;
#354 = AXIS2_PLACEMENT_3D ( 'NONE', #1026, #1036, #830 ) ;
#355 = AXIS2_PLACEMENT_3D ( 'NONE', #1622, #4, #1650 ) ;
#356 = ORIENTED_EDGE ( 'NONE', *, *, #526, .F. ) ;
#357 = APPROVAL_PERSON_ORGANIZATION ( #2055, #694, #1368 ) ;
#358 = EDGE_LOOP ( 'NONE', ( #1939, #2215, #2186, #2335, #1016, #227, #2314, #1532 ) ) ;
#359 = LINE ( 'NONE', #1253, #1519 ) ;
#360 = CARTESIAN_POINT ( 'NONE',  ( -79.92927411853834485, 84.99949975994506701, 2.000000000000006217 ) ) ;
#361 = EDGE_CURVE ( 'NONE', #787, #1537, #217, .T. ) ;
#362 = ORIENTED_EDGE ( 'NONE', *, *, #1437, .T. ) ;
#363 = CARTESIAN_POINT ( 'NONE',  ( -87.38608822957903044, 88.10528843810467947, 12.00000000000000711 ) ) ;
#364 = CARTESIAN_POINT ( 'NONE',  ( 10.00000000000000178, -50.00000000000000000, -162.9999999999999716 ) ) ;
#365 = VERTEX_POINT ( 'NONE', #1005 ) ;
#366 = ORIENTED_EDGE ( 'NONE', *, *, #2239, .T. ) ;
#367 = VECTOR ( 'NONE', #2315, 1000.000000000000000 ) ;
#368 = ORIENTED_EDGE ( 'NONE', *, *, #1524, .T. ) ;
#369 = APPROVAL_ROLE ( '' ) ;
#370 = EDGE_CURVE ( 'NONE', #2111, #1479, #1356, .T. ) ;
#371 = ORIENTED_EDGE ( 'NONE', *, *, #1077, .F. ) ;
#372 = ORIENTED_EDGE ( 'NONE', *, *, #881, .F. ) ;
#373 = LINE ( 'NONE', #709, #2074 ) ;
#374 = CYLINDRICAL_SURFACE ( 'NONE', #545, 5.000000000000003553 ) ;
#375 = ORIENTED_EDGE ( 'NONE', *, *, #614, .T. ) ;
#376 = DIRECTION ( 'NONE',  ( 1.000000000000000000, 0.000000000000000000, 0.000000000000000000 ) ) ;
#377 = CARTESIAN_POINT ( 'NONE',  ( 87.38608822957900202, 71.89471156189524947, 7.000000000000006217 ) ) ;
#378 = EDGE_LOOP ( 'NONE', ( #1144, #972, #1211, #1991 ) ) ;
#379 = VERTEX_POINT ( 'NONE', #1028 ) ;
#380 = ORIENTED_EDGE ( 'NONE', *, *, #826, .F. ) ;
#381 = LINE ( 'NONE', #1644, #1721 ) ;
#382 = ADVANCED_FACE ( 'NONE', ( #293, #1189 ), #855, .T. ) ;
#383 = EDGE_LOOP ( 'NONE', ( #1632, #760, #507, #2072 ) ) ;
#384 = CIRCLE ( 'NONE', #990, 8.999999999999994671 ) ;
#385 = CARTESIAN_POINT ( 'NONE',  ( -10.00000000000000178, -50.00000000000000000, -162.9999999999999716 ) ) ;
#386 = LINE ( 'NONE', #1962, #669 ) ;
#387 = ADVANCED_FACE ( 'NONE', ( #2288, #658 ), #680, .F. ) ;
#388 = LINE ( 'NONE', #30, #171 ) ;
#389 = LINE ( 'NONE', #1805, #1449 ) ;
#390 = DIRECTION ( 'NONE',  ( -0.01414517629233675265, -0.9998999519890271470, 0.000000000000000000 ) ) ;
#391 = ORIENTED_EDGE ( 'NONE', *, *, #12, .T. ) ;
#392 = FACE_OUTER_BOUND ( 'NONE', #929, .T. ) ;
#393 = CIRCLE ( 'NONE', #998, 5.000000000000003553 ) ;
#394 = AXIS2_PLACEMENT_3D ( 'NONE', #1747, #1015, #488 ) ;
#395 = CARTESIAN_POINT ( 'NONE',  ( 88.99999999999998579, -80.00000000000000000, -17.50000000000001421 ) ) ;
#396 = CARTESIAN_POINT ( 'NONE',  ( 10.00000000000000178, -50.00000000000000000, -162.9999999999999716 ) ) ;
#397 = ORIENTED_EDGE ( 'NONE', *, *, #735, .T. ) ;
#398 = CARTESIAN_POINT ( 'NONE',  ( -87.49924963991767868, -79.89391117780752438, 12.00000000000000711 ) ) ;
#399 = EDGE_CURVE ( 'NONE', #1992, #1338, #1748, .T. ) ;
#400 = DIRECTION ( 'NONE',  ( -0.000000000000000000, -0.000000000000000000, 1.000000000000000000 ) ) ;
#401 = CARTESIAN_POINT ( 'NONE',  ( 88.99999999999998579, -80.00000000000000000, -1.387778780781445676E-14 ) ) ;
#402 = CARTESIAN_POINT ( 'NONE',  ( 72.50075036008229290, -79.89391117780748175, 12.00000000000000711 ) ) ;
#403 = AXIS2_PLACEMENT_3D ( 'NONE', #924, #1417, #1625 ) ;
#404 = EDGE_LOOP ( 'NONE', ( #1996, #1541 ) ) ;
#405 = CIRCLE ( 'NONE', #1725, 5.000000000000000000 ) ;
#406 = DIRECTION ( 'NONE',  ( 0.000000000000000000, 0.000000000000000000, 1.000000000000000000 ) ) ;
#407 = VECTOR ( 'NONE', #1324, 1000.000000000000000 ) ;
#408 = DIRECTION ( 'NONE',  ( 1.000000000000000000, 0.000000000000000000, 0.000000000000000000 ) ) ;
#409 = ORIENTED_EDGE ( 'NONE', *, *, #1948, .F. ) ;
#410 = CARTESIAN_POINT ( 'NONE',  ( -79.99999999999997158, -80.00000000000005684, 2.000000000000006217 ) ) ;
#411 = EDGE_CURVE ( 'NONE', #2108, #564, #1462, .T. ) ;
#412 = DIRECTION ( 'NONE',  ( -0.01414517629233779175, -0.9998999519890270360, 0.000000000000000000 ) ) ;
#413 = EDGE_CURVE ( 'NONE', #1277, #10, #489, .T. ) ;
#414 = DIRECTION ( 'NONE',  ( 0.000000000000000000, 0.000000000000000000, 1.000000000000000000 ) ) ;
#415 = EDGE_LOOP ( 'NONE', ( #955, #1117 ) ) ;
#416 = PERSON_AND_ORGANIZATION_ROLE ( 'creator' ) ;
#417 = DIRECTION ( 'NONE',  ( -0.01414517629233779175, -0.9998999519890270360, 0.000000000000000000 ) ) ;
#418 = VERTEX_POINT ( 'NONE', #1889 ) ;
#419 = CYLINDRICAL_SURFACE ( 'NONE', #1563, 8.999999999999994671 ) ;
#420 = CARTESIAN_POINT ( 'NONE',  ( -5.000000000000000888, 25.00000000000000000, -162.9999999999999716 ) ) ;
#421 = EDGE_CURVE ( 'NONE', #271, #1277, #443, .T. ) ;
#422 = ORIENTED_EDGE ( 'NONE', *, *, #1114, .F. ) ;
#423 = CARTESIAN_POINT ( 'NONE',  ( 0.000000000000000000, 25.00000000000000000, -162.9999999999999716 ) ) ;
#424 = DIRECTION ( 'NONE',  ( -1.000000000000000000, 0.000000000000000000, 0.000000000000000000 ) ) ;
#425 = LINE ( 'NONE', #2038, #407 ) ;
#426 = FACE_OUTER_BOUND ( 'NONE', #180, .T. ) ;
#427 = ORIENTED_EDGE ( 'NONE', *, *, #1888, .T. ) ;
#428 = PERSON_AND_ORGANIZATION ( #1968, #1978 ) ;
#429 = EDGE_CURVE ( 'NONE', #1795, #203, #1737, .T. ) ;
#430 = ORIENTED_EDGE ( 'NONE', *, *, #2068, .F. ) ;
#431 = CARTESIAN_POINT ( 'NONE',  ( -80.00000000000002842, 79.99999999999998579, -1.387778780781445676E-14 ) ) ;
#432 = VECTOR ( 'NONE', #158, 1000.000000000000000 ) ;
#433 = CARTESIAN_POINT ( 'NONE',  ( -80.00000000000002842, -80.00000000000000000, -1.387778780781445676E-14 ) ) ;
#434 = DIRECTION ( 'NONE',  ( 1.000000000000000000, 0.000000000000000000, 0.000000000000000000 ) ) ;
#435 = ORIENTED_EDGE ( 'NONE', *, *, #1114, .T. ) ;
#436 = AXIS2_PLACEMENT_3D ( 'NONE', #2037, #1678, #424 ) ;
#437 = FACE_BOUND ( 'NONE', #1313, .T. ) ;
#438 = CIRCLE ( 'NONE', #285, 5.000000000000003553 ) ;
#439 = LINE ( 'NONE', #79, #668 ) ;
#440 = DIRECTION ( 'NONE',  ( -0.000000000000000000, -0.000000000000000000, -1.000000000000000000 ) ) ;
#441 = CARTESIAN_POINT ( 'NONE',  ( 25.00000000000000000, -50.00000000000000000, -162.9999999999999716 ) ) ;
#442 = EDGE_LOOP ( 'NONE', ( #1640, #72, #1857, #1783 ) ) ;
#443 = CIRCLE ( 'NONE', #1194, 5.000000000000003553 ) ;
#444 = ADVANCED_FACE ( 'NONE', ( #1209 ), #449, .T. ) ;
#445 = CARTESIAN_POINT ( 'NONE',  ( -89.00000000000002842, 79.99999999999998579, -1.387778780781445676E-14 ) ) ;
#446 = ORIENTED_EDGE ( 'NONE', *, *, #894, .T. ) ;
#447 = CARTESIAN_POINT ( 'NONE',  ( 0.000000000000000000, -25.00000000000000000, -162.9999999999999716 ) ) ;
#448 = CYLINDRICAL_SURFACE ( 'NONE', #128, 5.000000000000000000 ) ;
#449 = CYLINDRICAL_SURFACE ( 'NONE', #1798, 15.00000000000000000 ) ;
#450 = ORIENTED_EDGE ( 'NONE', *, *, #399, .T. ) ;
#451 = DIRECTION ( 'NONE',  ( 0.000000000000000000, 0.000000000000000000, -1.000000000000000000 ) ) ;
#452 = CARTESIAN_POINT ( 'NONE',  ( -89.00000000000002842, -80.00000000000000000, -17.50000000000001421 ) ) ;
#453 = LINE ( 'NONE', #55, #317 ) ;
#454 = ADVANCED_FACE ( 'NONE', ( #312, #843 ), #1759, .F. ) ;
#455 = LINE ( 'NONE', #137, #1576 ) ;
#456 = ORIENTED_EDGE ( 'NONE', *, *, #939, .F. ) ;
#457 = DATE_AND_TIME ( #254, #287 ) ;
#458 = CARTESIAN_POINT ( 'NONE',  ( 0.000000000000000000, 25.00000000000000000, -173.0000000000000000 ) ) ;
#459 = CIRCLE ( 'NONE', #1108, 5.000000000000003553 ) ;
#460 = LINE ( 'NONE', #1198, #836 ) ;
#461 = CYLINDRICAL_SURFACE ( 'NONE', #394, 5.000000000000000000 ) ;
#462 = VECTOR ( 'NONE', #2293, 1000.000000000000114 ) ;
#463 = VECTOR ( 'NONE', #212, 1000.000000000000000 ) ;
#464 = EDGE_CURVE ( 'NONE', #530, #189, #651, .T. ) ;
#465 = VECTOR ( 'NONE', #39, 1000.000000000000000 ) ;
#466 = CARTESIAN_POINT ( 'NONE',  ( 72.61391177042098377, 88.10528843810473631, 12.00000000000000711 ) ) ;
#467 = DIRECTION ( 'NONE',  ( 0.000000000000000000, 0.000000000000000000, -1.000000000000000000 ) ) ;
#468 = CARTESIAN_POINT ( 'NONE',  ( -79.92927411853828801, -75.00050024005491878, 12.00000000000000711 ) ) ;
#469 = VERTEX_POINT ( 'NONE', #92 ) ;
#470 = CIRCLE ( 'NONE', #971, 5.000000000000000888 ) ;
#471 = EDGE_CURVE ( 'NONE', #1927, #1499, #26, .T. ) ;
#472 = CARTESIAN_POINT ( 'NONE',  ( -80.00000000000002842, -80.00000000000000000, -17.50000000000001421 ) ) ;
#473 = EDGE_CURVE ( 'NONE', #2097, #1628, #642, .T. ) ;
#474 = CIRCLE ( 'NONE', #936, 7.500000000000000000 ) ;
#475 = ORIENTED_EDGE ( 'NONE', *, *, #1731, .T. ) ;
#476 = CARTESIAN_POINT ( 'NONE',  ( -80.00000000000002842, 79.99999999999998579, -1.387778780781445676E-14 ) ) ;
#477 = FACE_OUTER_BOUND ( 'NONE', #1750, .T. ) ;
#478 = EDGE_LOOP ( 'NONE', ( #1643, #751 ) ) ;
#479 = AXIS2_PLACEMENT_3D ( 'NONE', #1202, #283, #2267 ) ;
#480 = CARTESIAN_POINT ( 'NONE',  ( 0.000000000000000000, 0.000000000000000000, -173.0000000000000000 ) ) ;
#481 = FACE_OUTER_BOUND ( 'NONE', #1164, .T. ) ;
#482 = PLANE ( 'NONE',  #479 ) ;
#483 = EDGE_CURVE ( 'NONE', #2005, #916, #99, .T. ) ;
#484 = EDGE_CURVE ( 'NONE', #1998, #914, #1603, .T. ) ;
#485 = CARTESIAN_POINT ( 'NONE',  ( -72.50075036008232132, 79.89391117780741070, 12.00000000000000711 ) ) ;
#486 = ORIENTED_EDGE ( 'NONE', *, *, #2119, .F. ) ;
#487 = FACE_BOUND ( 'NONE', #2318, .T. ) ;
#488 = DIRECTION ( 'NONE',  ( -1.000000000000000000, 0.000000000000000000, 0.000000000000000000 ) ) ;
#489 = LINE ( 'NONE', #302, #2219 ) ;
#490 = CYLINDRICAL_SURFACE ( 'NONE', #160, 5.000000000000004441 ) ;
#491 = VECTOR ( 'NONE', #1928, 1000.000000000000000 ) ;
#492 = ORIENTED_EDGE ( 'NONE', *, *, #1213, .F. ) ;
#493 = EDGE_CURVE ( 'NONE', #1338, #813, #1945, .T. ) ;
#494 = DIRECTION ( 'NONE',  ( 1.000000000000000000, 0.000000000000000000, 0.000000000000000000 ) ) ;
#495 = ORIENTED_EDGE ( 'NONE', *, *, #1167, .F. ) ;
#496 = DIRECTION ( 'NONE',  ( 0.000000000000000000, 0.000000000000000000, 1.000000000000000000 ) ) ;
#497 = DIRECTION ( 'NONE',  ( 0.000000000000000000, 0.000000000000000000, -1.000000000000000000 ) ) ;
#498 = CARTESIAN_POINT ( 'NONE',  ( -87.49924963991767868, -79.89391117780752438, 12.00000000000000711 ) ) ;
#499 = AXIS2_PLACEMENT_3D ( 'NONE', #38, #1156, #1873 ) ;
#500 = CARTESIAN_POINT ( 'NONE',  ( -87.38608822957898781, -71.89471156189530632, 12.00000000000000711 ) ) ;
#501 = ORIENTED_EDGE ( 'NONE', *, *, #266, .F. ) ;
#502 = CIRCLE ( 'NONE', #163, 5.000000000000000000 ) ;
#503 = CIRCLE ( 'NONE', #1863, 8.000000000000005329 ) ;
#504 = VECTOR ( 'NONE', #131, 1000.000000000000000 ) ;
#505 = DIRECTION ( 'NONE',  ( -0.000000000000000000, -0.000000000000000000, -1.000000000000000000 ) ) ;
#506 = ADVANCED_FACE ( 'NONE', ( #185 ), #701, .T. ) ;
#507 = ORIENTED_EDGE ( 'NONE', *, *, #483, .F. ) ;
#508 = CARTESIAN_POINT ( 'NONE',  ( -87.49924963991773552, 80.10608882219246141, 7.000000000000006217 ) ) ;
#509 = DIRECTION ( 'NONE',  ( -1.000000000000000000, 0.000000000000000000, 0.000000000000000000 ) ) ;
#510 = CARTESIAN_POINT ( 'NONE',  ( 0.000000000000000000, 25.00000000000000000, -162.9999999999999716 ) ) ;
#511 = AXIS2_PLACEMENT_3D ( 'NONE', #431, #1330, #1153 ) ;
#512 = CARTESIAN_POINT ( 'NONE',  ( 80.07072588146168357, 84.99949975994512386, 7.000000000000006217 ) ) ;
#513 = CARTESIAN_POINT ( 'NONE',  ( 0.000000000000000000, 0.000000000000000000, -162.9999999999999716 ) ) ;
#514 = ORIENTED_EDGE ( 'NONE', *, *, #574, .F. ) ;
#515 = VECTOR ( 'NONE', #1019, 1000.000000000000000 ) ;
#516 = AXIS2_PLACEMENT_3D ( 'NONE', #264, #440, #622 ) ;
#517 = EDGE_CURVE ( 'NONE', #10, #1377, #1226, .T. ) ;
#518 = DIRECTION ( 'NONE',  ( -1.000000000000000000, 0.000000000000000000, 0.000000000000000000 ) ) ;
#519 = ORIENTED_EDGE ( 'NONE', *, *, #1623, .F. ) ;
#520 = DIRECTION ( 'NONE',  ( -0.01414517629233665898, -0.9998999519890270360, 0.000000000000000000 ) ) ;
#521 = CARTESIAN_POINT ( 'NONE',  ( 72.50075036008229290, 80.10608882219251825, 12.00000000000000711 ) ) ;
#522 = DIRECTION ( 'NONE',  ( -0.01414517629233779175, -0.9998999519890270360, 0.000000000000000000 ) ) ;
#523 = ORIENTED_EDGE ( 'NONE', *, *, #1999, .F. ) ;
#524 = VECTOR ( 'NONE', #278, 1000.000000000000000 ) ;
#525 = DIRECTION ( 'NONE',  ( 0.000000000000000000, 0.000000000000000000, 1.000000000000000000 ) ) ;
#526 = EDGE_CURVE ( 'NONE', #1264, #2173, #405, .T. ) ;
#527 = FACE_OUTER_BOUND ( 'NONE', #1101, .T. ) ;
#528 = EDGE_LOOP ( 'NONE', ( #2040, #1455 ) ) ;
#529 = ORIENTED_EDGE ( 'NONE', *, *, #238, .T. ) ;
#530 = VERTEX_POINT ( 'NONE', #157 ) ;
#531 = ORIENTED_EDGE ( 'NONE', *, *, #2041, .T. ) ;
#532 = CARTESIAN_POINT ( 'NONE',  ( 84.99999999999998579, 79.99999999999998579, -1.387778780781445676E-14 ) ) ;
#533 = CARTESIAN_POINT ( 'NONE',  ( -25.00000000000000000, -50.00000000000000000, -162.9999999999999716 ) ) ;
#534 = ORIENTED_EDGE ( 'NONE', *, *, #609, .T. ) ;
#535 = DIRECTION ( 'NONE',  ( -0.01414517629233675265, -0.9998999519890271470, 0.000000000000000000 ) ) ;
#536 = DIRECTION ( 'NONE',  ( -0.01414517629233779175, -0.9998999519890270360, 0.000000000000000000 ) ) ;
#537 = ORIENTED_EDGE ( 'NONE', *, *, #2140, .T. ) ;
#538 = AXIS2_PLACEMENT_3D ( 'NONE', #521, #1444, #3 ) ;
#539 = VERTEX_POINT ( 'NONE', #1780 ) ;
#540 = ADVANCED_FACE ( 'NONE', ( #1942 ), #1771, .T. ) ;
#541 = AXIS2_PLACEMENT_3D ( 'NONE', #1525, #414, #624 ) ;
#542 = ORIENTED_EDGE ( 'NONE', *, *, #911, .F. ) ;
#543 = VECTOR ( 'NONE', #1878, 1000.000000000000000 ) ;
#544 = DIRECTION ( 'NONE',  ( 0.000000000000000000, 0.000000000000000000, 1.000000000000000000 ) ) ;
#545 = AXIS2_PLACEMENT_3D ( 'NONE', #155, #2195, #522 ) ;
#546 = EDGE_LOOP ( 'NONE', ( #531, #1844 ) ) ;
#547 = CC_DESIGN_APPROVAL ( #980, ( #306 ) ) ;
#548 = VERTEX_POINT ( 'NONE', #1817 ) ;
#549 = CARTESIAN_POINT ( 'NONE',  ( 79.99999999999998579, -80.00000000000000000, -1.387778780781445676E-14 ) ) ;
#550 = CARTESIAN_POINT ( 'NONE',  ( -10.00000000000000178, 50.00000000000000000, -162.9999999999999716 ) ) ;
#551 = EDGE_CURVE ( 'NONE', #664, #957, #824, .T. ) ;
#552 = ORIENTED_EDGE ( 'NONE', *, *, #2239, .F. ) ;
#553 = CARTESIAN_POINT ( 'NONE',  ( -72.61391177042096956, -88.10528843810480737, 12.00000000000000711 ) ) ;
#554 = DIRECTION ( 'NONE',  ( 0.000000000000000000, -0.000000000000000000, 1.000000000000000000 ) ) ;
#555 = ORIENTED_EDGE ( 'NONE', *, *, #1948, .T. ) ;
#556 = AXIS2_PLACEMENT_3D ( 'NONE', #868, #2266, #1544 ) ;
#557 = CC_DESIGN_PERSON_AND_ORGANIZATION_ASSIGNMENT ( #1671, #416, ( #306 ) ) ;
#558 = ORIENTED_EDGE ( 'NONE', *, *, #770, .F. ) ;
#559 = APPROVAL_ROLE ( '' ) ;
#560 = EDGE_CURVE ( 'NONE', #1260, #2244, #2321, .T. ) ;
#561 = ORIENTED_EDGE ( 'NONE', *, *, #1105, .T. ) ;
#562 = PLANE ( 'NONE',  #1598 ) ;
#563 = LINE ( 'NONE', #360, #1372 ) ;
#564 = VERTEX_POINT ( 'NONE', #147 ) ;
#565 = CARTESIAN_POINT ( 'NONE',  ( -71.00000000000002842, 79.99999999999998579, -17.50000000000001421 ) ) ;
#566 = DIRECTION ( 'NONE',  ( -1.000000000000000000, 0.000000000000000000, 0.000000000000000000 ) ) ;
#567 = ORIENTED_EDGE ( 'NONE', *, *, #1815, .T. ) ;
#568 = AXIS2_PLACEMENT_3D ( 'NONE', #2024, #1850, #234 ) ;
#569 = ORIENTED_EDGE ( 'NONE', *, *, #138, .F. ) ;
#570 = ORIENTED_EDGE ( 'NONE', *, *, #1911, .F. ) ;
#571 = CARTESIAN_POINT ( 'NONE',  ( -79.99999999999997158, -80.00000000000005684, 7.000000000000006217 ) ) ;
#572 = VERTEX_POINT ( 'NONE', #1993 ) ;
#573 = VERTEX_POINT ( 'NONE', #512 ) ;
#574 = EDGE_CURVE ( 'NONE', #2053, #2005, #1246, .T. ) ;
#575 = CYLINDRICAL_SURFACE ( 'NONE', #499, 5.000000000000000000 ) ;
#576 = DIRECTION ( 'NONE',  ( 1.000000000000000000, 0.000000000000000000, 0.000000000000000000 ) ) ;
#577 = CARTESIAN_POINT ( 'NONE',  ( -7.500000000000000000, 0.000000000000000000, -162.9999999999999716 ) ) ;
#578 = LINE ( 'NONE', #1296, #1529 ) ;
#579 = CARTESIAN_POINT ( 'NONE',  ( 72.50075036008229290, -79.89391117780748175, 7.000000000000006217 ) ) ;
#580 = CARTESIAN_POINT ( 'NONE',  ( 74.99999999999998579, 79.99999999999998579, -1.387778780781445676E-14 ) ) ;
#581 = ADVANCED_FACE ( 'NONE', ( #170 ), #1058, .F. ) ;
#582 = EDGE_LOOP ( 'NONE', ( #2284, #87 ) ) ;
#583 = VECTOR ( 'NONE', #1131, 1000.000000000000000 ) ;
#584 = VECTOR ( 'NONE', #1952, 1000.000000000000114 ) ;
#585 = AXIS2_PLACEMENT_3D ( 'NONE', #1044, #1587, #2304 ) ;
#586 = CIRCLE ( 'NONE', #1595, 8.999999999999994671 ) ;
#587 = CYLINDRICAL_SURFACE ( 'NONE', #280, 5.000000000000004441 ) ;
#588 = DIRECTION ( 'NONE',  ( 0.000000000000000000, 0.000000000000000000, 1.000000000000000000 ) ) ;
#589 = EDGE_CURVE ( 'NONE', #1915, #793, #1009, .T. ) ;
#590 = AXIS2_PLACEMENT_3D ( 'NONE', #750, #1473, #934 ) ;
#591 = ORIENTED_EDGE ( 'NONE', *, *, #1986, .T. ) ;
#592 = PLANE ( 'NONE',  #653 ) ;
#593 = DIRECTION ( 'NONE',  ( 1.000000000000000000, 0.000000000000000000, 0.000000000000000000 ) ) ;
#594 = DIRECTION ( 'NONE',  ( -0.01414517629233779175, -0.9998999519890270360, 0.000000000000000000 ) ) ;
#595 = DIRECTION ( 'NONE',  ( 0.000000000000000000, 0.000000000000000000, 1.000000000000000000 ) ) ;
#596 = AXIS2_PLACEMENT_3D ( 'NONE', #1084, #2115, #878 ) ;
#597 = VERTEX_POINT ( 'NONE', #363 ) ;
#598 = CIRCLE ( 'NONE', #511, 8.999999999999994671 ) ;
#599 = ADVANCED_BREP_SHAPE_REPRESENTATION ( 'barre_plate_bas_DÚfaut_sldprt', ( #2171, #1386, #620, #648, #1423, #1396, #2145, #600, #2149, #627, #1363, #2253 ), #1116 ) ;
#600 = MANIFOLD_SOLID_BREP ( 'Coulisse_petitt-1-solid1', #1196 ) ;
#601 = CARTESIAN_POINT ( 'NONE',  ( -80.00000000000002842, 79.99999999999998579, -1.387778780781445676E-14 ) ) ;
#602 = ORIENTED_EDGE ( 'NONE', *, *, #1498, .F. ) ;
#603 = DIRECTION ( 'NONE',  ( -0.9998999519890270360, 0.01414517629233642826, 0.000000000000000000 ) ) ;
#604 = CARTESIAN_POINT ( 'NONE',  ( -72.50075036008227869, -80.10608882219258930, 12.00000000000000711 ) ) ;
#605 = VERTEX_POINT ( 'NONE', #553 ) ;
#606 = DIRECTION ( 'NONE',  ( 0.000000000000000000, 0.000000000000000000, 1.000000000000000000 ) ) ;
#607 = CARTESIAN_POINT ( 'NONE',  ( 79.99999999999998579, 79.99999999999998579, -17.50000000000001421 ) ) ;
#608 = DIRECTION ( 'NONE',  ( 0.000000000000000000, 0.000000000000000000, 1.000000000000000000 ) ) ;
#609 = EDGE_CURVE ( 'NONE', #469, #823, #2218, .T. ) ;
#610 = CARTESIAN_POINT ( 'NONE',  ( -75.00000000000002842, 79.99999999999998579, -17.50000000000001421 ) ) ;
#611 = ORIENTED_EDGE ( 'NONE', *, *, #1672, .T. ) ;
#612 = AXIS2_PLACEMENT_3D ( 'NONE', #1345, #310, #1542 ) ;
#613 = CARTESIAN_POINT ( 'NONE',  ( -71.00000000000002842, -80.00000000000000000, -17.50000000000001421 ) ) ;
#614 = EDGE_CURVE ( 'NONE', #899, #1659, #323, .T. ) ;
#615 = FACE_OUTER_BOUND ( 'NONE', #378, .T. ) ;
#616 = DIRECTION ( 'NONE',  ( 0.000000000000000000, 0.000000000000000000, 1.000000000000000000 ) ) ;
#617 = ORIENTED_EDGE ( 'NONE', *, *, #1325, .T. ) ;
#618 = EDGE_CURVE ( 'NONE', #1397, #1382, #1257, .T. ) ;
#619 = LINE ( 'NONE', #2012, #269 ) ;
#620 = MANIFOLD_SOLID_BREP ( 'PLATEsupportdoublet-1-solid1', #178 ) ;
#621 = DIRECTION ( 'NONE',  ( -1.000000000000000000, 0.000000000000000000, 0.000000000000000000 ) ) ;
#622 = DIRECTION ( 'NONE',  ( -1.000000000000000000, 0.000000000000000000, 0.000000000000000000 ) ) ;
#623 = ORIENTED_EDGE ( 'NONE', *, *, #1642, .F. ) ;
#624 = DIRECTION ( 'NONE',  ( -0.01414517629233779175, -0.9998999519890270360, 0.000000000000000000 ) ) ;
#625 = ORIENTED_EDGE ( 'NONE', *, *, #1986, .F. ) ;
#626 = EDGE_CURVE ( 'NONE', #316, #1098, #388, .T. ) ;
#627 = MANIFOLD_SOLID_BREP ( 'Coulisse_petitt-3-solid1', #758 ) ;
#628 = AXIS2_PLACEMENT_3D ( 'NONE', #230, #1685, #603 ) ;
#629 = DIRECTION ( 'NONE',  ( -0.000000000000000000, -0.000000000000000000, -1.000000000000000000 ) ) ;
#630 = EDGE_LOOP ( 'NONE', ( #1967, #1043, #422, #1694 ) ) ;
#631 = AXIS2_PLACEMENT_3D ( 'NONE', #1887, #810, #974 ) ;
#632 = EDGE_CURVE ( 'NONE', #1397, #1373, #1475, .T. ) ;
#633 = DIRECTION ( 'NONE',  ( 0.000000000000000000, 0.000000000000000000, -1.000000000000000000 ) ) ;
#634 = CIRCLE ( 'NONE', #2122, 5.000000000000000888 ) ;
#635 = CARTESIAN_POINT ( 'NONE',  ( 0.000000000000000000, -25.00000000000000000, -173.0000000000000000 ) ) ;
#636 = CIRCLE ( 'NONE', #2087, 5.000000000000003553 ) ;
#637 = DIRECTION ( 'NONE',  ( -0.01414517629233665898, -0.9998999519890270360, 0.000000000000000000 ) ) ;
#638 = EDGE_LOOP ( 'NONE', ( #1987, #1140, #519, #1504 ) ) ;
#639 = APPROVAL_DATE_TIME ( #457, #1636 ) ;
#640 = CC_DESIGN_PERSON_AND_ORGANIZATION_ASSIGNMENT ( #2073, #1917, ( #1454 ) ) ;
#641 = VECTOR ( 'NONE', #1273, 1000.000000000000114 ) ;
#642 = CIRCLE ( 'NONE', #1834, 8.000000000000005329 ) ;
#643 = ADVANCED_FACE ( 'NONE', ( #437, #1160 ), #41, .T. ) ;
#644 = LINE ( 'NONE', #445, #1076 ) ;
#645 = UNCERTAINTY_MEASURE_WITH_UNIT (LENGTH_MEASURE( 1.000000000000000082E-05 ), #1820, 'distance_accuracy_value', 'NONE');
#646 = AXIS2_PLACEMENT_3D ( 'NONE', #2050, #608, #790 ) ;
#647 = CARTESIAN_POINT ( 'NONE',  ( 72.38758894974358782, -87.89311079371969981, 12.00000000000000711 ) ) ;
#648 = MANIFOLD_SOLID_BREP ( 'maintien-1-solid1', #1088 ) ;
#649 = PLANE ( 'NONE',  #631 ) ;
#650 = EDGE_CURVE ( 'NONE', #798, #1988, #2093, .T. ) ;
#651 = LINE ( 'NONE', #275, #1122 ) ;
#652 = ORIENTED_EDGE ( 'NONE', *, *, #1672, .F. ) ;
#653 = AXIS2_PLACEMENT_3D ( 'NONE', #398, #1308, #950 ) ;
#654 = PLANE ( 'NONE',  #2210 ) ;
#655 = ADVANCED_FACE ( 'NONE', ( #774 ), #1121, .F. ) ;
#656 = CARTESIAN_POINT ( 'NONE',  ( -5.000000000000000888, 25.00000000000000000, -162.9999999999999716 ) ) ;
#657 = FACE_OUTER_BOUND ( 'NONE', #77, .T. ) ;
#658 = FACE_BOUND ( 'NONE', #1381, .T. ) ;
#659 = CARTESIAN_POINT ( 'NONE',  ( 10.00000000000000178, 35.00000000000000000, -173.0000000000000000 ) ) ;
#660 = ORIENTED_EDGE ( 'NONE', *, *, #1212, .T. ) ;
#661 = ORIENTED_EDGE ( 'NONE', *, *, #700, .F. ) ;
#662 = ADVANCED_FACE ( 'NONE', ( #223 ), #1134, .F. ) ;
#663 = DIRECTION ( 'NONE',  ( 0.000000000000000000, 0.000000000000000000, -1.000000000000000000 ) ) ;
#664 = VERTEX_POINT ( 'NONE', #1689 ) ;
#665 = LINE ( 'NONE', #88, #2269 ) ;
#666 = EDGE_CURVE ( 'NONE', #2018, #1149, #2177, .T. ) ;
#667 = DIRECTION ( 'NONE',  ( 0.000000000000000000, 0.000000000000000000, 1.000000000000000000 ) ) ;
#668 = VECTOR ( 'NONE', #1146, 1000.000000000000000 ) ;
#669 = VECTOR ( 'NONE', #1094, 1000.000000000000114 ) ;
#670 = DIRECTION ( 'NONE',  ( 0.000000000000000000, 0.000000000000000000, -1.000000000000000000 ) ) ;
#671 = LINE ( 'NONE', #338, #351 ) ;
#672 = EDGE_LOOP ( 'NONE', ( #1810, #786, #276, #1275 ) ) ;
#673 = ORIENTED_EDGE ( 'NONE', *, *, #826, .T. ) ;
#674 = CIRCLE ( 'NONE', #1263, 8.000000000000005329 ) ;
#675 = DIRECTION ( 'NONE',  ( -0.01414517629233779175, -0.9998999519890270360, 0.000000000000000000 ) ) ;
#676 = AXIS2_PLACEMENT_3D ( 'NONE', #1589, #326, #1637 ) ;
#677 = EDGE_LOOP ( 'NONE', ( #140, #1950, #1669, #1972 ) ) ;
#678 = CARTESIAN_POINT ( 'NONE',  ( -87.49924963991773552, 80.10608882219246141, 12.00000000000000711 ) ) ;
#679 = CARTESIAN_POINT ( 'NONE',  ( 79.99999999999998579, -80.00000000000000000, -1.387778780781445676E-14 ) ) ;
#680 = PLANE ( 'NONE',  #863 ) ;
#681 = CARTESIAN_POINT ( 'NONE',  ( 79.99999999999998579, -80.00000000000000000, -1.387778780781445676E-14 ) ) ;
#682 = ADVANCED_FACE ( 'NONE', ( #982 ), #1652, .T. ) ;
#683 = ORIENTED_EDGE ( 'NONE', *, *, #574, .T. ) ;
#684 = EDGE_CURVE ( 'NONE', #949, #793, #799, .T. ) ;
#685 = DIRECTION ( 'NONE',  ( 0.000000000000000000, 0.000000000000000000, -1.000000000000000000 ) ) ;
#686 = EDGE_CURVE ( 'NONE', #199, #1111, #1511, .T. ) ;
#687 = ORIENTED_EDGE ( 'NONE', *, *, #324, .T. ) ;
#688 = LINE ( 'NONE', #2153, #584 ) ;
#689 = DIRECTION ( 'NONE',  ( -0.000000000000000000, -0.000000000000000000, -1.000000000000000000 ) ) ;
#690 = VERTEX_POINT ( 'NONE', #565 ) ;
#691 = DIRECTION ( 'NONE',  ( -1.000000000000000000, 0.000000000000000000, 0.000000000000000000 ) ) ;
#692 = FACE_OUTER_BOUND ( 'NONE', #107, .T. ) ;
#693 = ORIENTED_EDGE ( 'NONE', *, *, #1956, .T. ) ;
#694 = APPROVAL ( #2252, 'UNSPECIFIED' ) ;
#695 = AXIS2_PLACEMENT_3D ( 'NONE', #1768, #1093, #720 ) ;
#696 = CARTESIAN_POINT ( 'NONE',  ( 87.49924963991769289, 79.89391117780746754, 7.000000000000006217 ) ) ;
#697 = VERTEX_POINT ( 'NONE', #2209 ) ;
#698 = DIRECTION ( 'NONE',  ( -0.000000000000000000, -0.000000000000000000, -1.000000000000000000 ) ) ;
#699 = CARTESIAN_POINT ( 'NONE',  ( 0.000000000000000000, 25.00000000000000000, -162.9999999999999716 ) ) ;
#700 = EDGE_CURVE ( 'NONE', #1833, #1885, #1662, .T. ) ;
#701 = CYLINDRICAL_SURFACE ( 'NONE', #1501, 8.000000000000005329 ) ;
#702 = CARTESIAN_POINT ( 'NONE',  ( 79.99999999999998579, -80.00000000000000000, -17.50000000000001421 ) ) ;
#703 = EDGE_LOOP ( 'NONE', ( #1673, #726, #661, #1467 ) ) ;
#704 = CIRCLE ( 'NONE', #2013, 5.000000000000000888 ) ;
#705 = AXIS2_PLACEMENT_3D ( 'NONE', #1269, #1822, #1445 ) ;
#706 = SECURITY_CLASSIFICATION ( '', '', #996 ) ;
#707 = EDGE_CURVE ( 'NONE', #1659, #2005, #619, .T. ) ;
#708 = CARTESIAN_POINT ( 'NONE',  ( 79.92927411853830222, -84.99949975994513807, 7.000000000000006217 ) ) ;
#709 = CARTESIAN_POINT ( 'NONE',  ( -5.000000000000000000, 24.99999999999999289, 7.000000000000006217 ) ) ;
#710 = CARTESIAN_POINT ( 'NONE',  ( 74.99999999999998579, -80.00000000000000000, -1.387778780781445676E-14 ) ) ;
#711 = AXIS2_PLACEMENT_3D ( 'NONE', #341, #893, #1064 ) ;
#712 = ORIENTED_EDGE ( 'NONE', *, *, #811, .T. ) ;
#713 = DIRECTION ( 'NONE',  ( 0.000000000000000000, 0.000000000000000000, -1.000000000000000000 ) ) ;
#714 = LINE ( 'NONE', #2142, #2051 ) ;
#715 = ORIENTED_EDGE ( 'NONE', *, *, #161, .F. ) ;
#716 = CLOSED_SHELL ( 'NONE', ( #2077, #2091, #1316, #387, #1422, #1352 ) ) ;
#717 = CARTESIAN_POINT ( 'NONE',  ( -87.38608822957898781, -71.89471156189530632, 7.000000000000006217 ) ) ;
#718 = APPLICATION_CONTEXT ( 'configuration controlled 3d designs of mechanical parts and assemblies' ) ;
#719 = ORIENTED_EDGE ( 'NONE', *, *, #763, .T. ) ;
#720 = DIRECTION ( 'NONE',  ( 1.000000000000000000, 0.000000000000000000, 0.000000000000000000 ) ) ;
#721 = DIRECTION ( 'NONE',  ( -1.000000000000000000, 0.000000000000000000, 0.000000000000000000 ) ) ;
#722 = ADVANCED_FACE ( 'NONE', ( #1824, #211 ), #592, .T. ) ;
#723 = ORIENTED_EDGE ( 'NONE', *, *, #2193, .F. ) ;
#724 = CARTESIAN_POINT ( 'NONE',  ( 72.50075036008229290, -79.89391117780748175, 7.000000000000006217 ) ) ;
#725 = FACE_OUTER_BOUND ( 'NONE', #1981, .T. ) ;
#726 = ORIENTED_EDGE ( 'NONE', *, *, #1490, .F. ) ;
#727 = ORIENTED_EDGE ( 'NONE', *, *, #834, .T. ) ;
#728 = CARTESIAN_POINT ( 'NONE',  ( -10.00000000000000178, -35.00000000000000000, -162.9999999999999716 ) ) ;
#729 = PERSON_AND_ORGANIZATION ( #1968, #1978 ) ;
#730 = EDGE_LOOP ( 'NONE', ( #2083, #1435, #34, #880 ) ) ;
#731 = LINE ( 'NONE', #167, #84 ) ;
#732 = FACE_OUTER_BOUND ( 'NONE', #110, .T. ) ;
#733 = ADVANCED_FACE ( 'NONE', ( #1512 ), #1322, .F. ) ;
#734 = EDGE_LOOP ( 'NONE', ( #1233, #569, #1443, #807 ) ) ;
#735 = EDGE_CURVE ( 'NONE', #539, #284, #872, .T. ) ;
#736 = CARTESIAN_POINT ( 'NONE',  ( -87.38608822957898781, -71.89471156189530632, 12.00000000000000711 ) ) ;
#737 = DIRECTION ( 'NONE',  ( 1.000000000000000000, 0.000000000000000000, 0.000000000000000000 ) ) ;
#738 = ORIENTED_EDGE ( 'NONE', *, *, #370, .T. ) ;
#739 = EDGE_LOOP ( 'NONE', ( #602, #905, #523, #1137, #1333, #220, #2322, #1881 ) ) ;
#740 = EDGE_CURVE ( 'NONE', #742, #316, #2263, .T. ) ;
#741 = AXIS2_PLACEMENT_3D ( 'NONE', #2033, #2000, #1496 ) ;
#742 = VERTEX_POINT ( 'NONE', #656 ) ;
#743 = AXIS2_PLACEMENT_3D ( 'NONE', #279, #68, #42 ) ;
#744 = DIRECTION ( 'NONE',  ( -1.000000000000000000, 0.000000000000000000, 0.000000000000000000 ) ) ;
#745 = CIRCLE ( 'NONE', #1262, 5.000000000000004441 ) ;
#746 = VERTEX_POINT ( 'NONE', #1014 ) ;
#747 = VECTOR ( 'NONE', #505, 1000.000000000000000 ) ;
#748 = ORIENTED_EDGE ( 'NONE', *, *, #1911, .T. ) ;
#749 = DIRECTION ( 'NONE',  ( -0.01414517629233779175, -0.9998999519890270360, 0.000000000000000000 ) ) ;
#750 = CARTESIAN_POINT ( 'NONE',  ( 0.000000000000000000, 0.000000000000000000, -162.9999999999999716 ) ) ;
#751 = ORIENTED_EDGE ( 'NONE', *, *, #1956, .F. ) ;
#752 = CARTESIAN_POINT ( 'NONE',  ( -80.00000000000002842, 79.99999999999998579, -1.387778780781445676E-14 ) ) ;
#753 = CARTESIAN_POINT ( 'NONE',  ( 0.000000000000000000, -25.00000000000000000, -173.0000000000000000 ) ) ;
#754 = EDGE_LOOP ( 'NONE', ( #1875, #261, #59, #1315 ) ) ;
#755 = AXIS2_PLACEMENT_3D ( 'NONE', #1171, #1379, #2095 ) ;
#756 = VERTEX_POINT ( 'NONE', #300 ) ;
#757 = EDGE_CURVE ( 'NONE', #1518, #548, #146, .T. ) ;
#758 = CLOSED_SHELL ( 'NONE', ( #655, #540, #800, #2019, #2300, #1022 ) ) ;
#759 = CARTESIAN_POINT ( 'NONE',  ( 0.000000000000000000, 0.000000000000000000, 0.000000000000000000 ) ) ;
#760 = ORIENTED_EDGE ( 'NONE', *, *, #1225, .F. ) ;
#761 = DIRECTION ( 'NONE',  ( 0.000000000000000000, 0.000000000000000000, -1.000000000000000000 ) ) ;
#762 = CARTESIAN_POINT ( 'NONE',  ( 0.000000000000000000, -25.00000000000000000, -162.9999999999999716 ) ) ;
#763 = EDGE_CURVE ( 'NONE', #315, #1203, #1239, .T. ) ;
#764 = CARTESIAN_POINT ( 'NONE',  ( -72.38758894974357361, -72.10688920628035703, 12.00000000000000711 ) ) ;
#765 = LINE ( 'NONE', #2188, #1638 ) ;
#766 = DIRECTION ( 'NONE',  ( 0.000000000000000000, 0.000000000000000000, 1.000000000000000000 ) ) ;
#767 = LINE ( 'NONE', #1110, #1271 ) ;
#768 = ORIENTED_EDGE ( 'NONE', *, *, #1328, .F. ) ;
#769 = APPROVAL_DATE_TIME ( #943, #980 ) ;
#770 = EDGE_CURVE ( 'NONE', #1382, #199, #1907, .T. ) ;
#771 = ORIENTED_EDGE ( 'NONE', *, *, #2326, .T. ) ;
#772 = DIRECTION ( 'NONE',  ( -0.01414517629233642999, -0.9998999519890271470, 0.000000000000000000 ) ) ;
#773 = CARTESIAN_POINT ( 'NONE',  ( 79.92927411853830222, 75.00050024005484772, 12.00000000000000711 ) ) ;
#774 = FACE_OUTER_BOUND ( 'NONE', #1853, .T. ) ;
#775 = DIRECTION ( 'NONE',  ( 0.000000000000000000, 0.000000000000000000, 1.000000000000000000 ) ) ;
#776 = DIRECTION ( 'NONE',  ( -0.000000000000000000, -0.000000000000000000, -1.000000000000000000 ) ) ;
#777 = CARTESIAN_POINT ( 'NONE',  ( 87.49924963991769289, 79.89391117780746754, 12.00000000000000711 ) ) ;
#778 = ORIENTED_EDGE ( 'NONE', *, *, #589, .F. ) ;
#779 = AXIS2_PLACEMENT_3D ( 'NONE', #2211, #1003, #962 ) ;
#780 = ORIENTED_EDGE ( 'NONE', *, *, #1065, .F. ) ;
#781 = EDGE_CURVE ( 'NONE', #1614, #987, #111, .T. ) ;
#782 = CIRCLE ( 'NONE', #1683, 8.000000000000005329 ) ;
#783 = DIRECTION ( 'NONE',  ( -0.000000000000000000, -0.000000000000000000, -1.000000000000000000 ) ) ;
#784 = LINE ( 'NONE', #1132, #95 ) ;
#785 = ADVANCED_FACE ( 'NONE', ( #1001 ), #2076, .T. ) ;
#786 = ORIENTED_EDGE ( 'NONE', *, *, #1049, .T. ) ;
#787 = VERTEX_POINT ( 'NONE', #122 ) ;
#788 = DIRECTION ( 'NONE',  ( -1.000000000000000000, 0.000000000000000000, 0.000000000000000000 ) ) ;
#789 = CYLINDRICAL_SURFACE ( 'NONE', #1073, 15.00000000000000000 ) ;
#790 = DIRECTION ( 'NONE',  ( 1.000000000000000000, 0.000000000000000000, 0.000000000000000000 ) ) ;
#791 = CARTESIAN_POINT ( 'NONE',  ( 79.99999999999998579, -80.00000000000000000, 12.00000000000000711 ) ) ;
#792 = EDGE_CURVE ( 'NONE', #118, #1659, #460, .T. ) ;
#793 = VERTEX_POINT ( 'NONE', #991 ) ;
#794 = CIRCLE ( 'NONE', #289, 5.000000000000003553 ) ;
#795 = DIRECTION ( 'NONE',  ( 0.000000000000000000, 0.000000000000000000, -1.000000000000000000 ) ) ;
#796 = FACE_OUTER_BOUND ( 'NONE', #1409, .T. ) ;
#797 = DIRECTION ( 'NONE',  ( 0.000000000000000000, 0.000000000000000000, -1.000000000000000000 ) ) ;
#798 = VERTEX_POINT ( 'NONE', #1374 ) ;
#799 = LINE ( 'NONE', #577, #1702 ) ;
#800 = ADVANCED_FACE ( 'NONE', ( #1746, #487 ), #1035, .T. ) ;
#801 = LINE ( 'NONE', #1135, #1258 ) ;
#802 = PLANE ( 'NONE',  #103 ) ;
#803 = FACE_BOUND ( 'NONE', #910, .T. ) ;
#804 = ORIENTED_EDGE ( 'NONE', *, *, #2119, .T. ) ;
#805 = SHAPE_DEFINITION_REPRESENTATION ( #851, #599 ) ;
#806 = CARTESIAN_POINT ( 'NONE',  ( -85.00000000000002842, -80.00000000000000000, -17.50000000000001421 ) ) ;
#807 = ORIENTED_EDGE ( 'NONE', *, *, #305, .T. ) ;
#808 = ORIENTED_EDGE ( 'NONE', *, *, #1270, .T. ) ;
#809 = CARTESIAN_POINT ( 'NONE',  ( -72.38758894974363045, 87.89311079371962876, 12.00000000000000711 ) ) ;
#810 = DIRECTION ( 'NONE',  ( 0.000000000000000000, -1.000000000000000000, 0.000000000000000000 ) ) ;
#811 = EDGE_CURVE ( 'NONE', #2275, #1149, #2264, .T. ) ;
#812 = CARTESIAN_POINT ( 'NONE',  ( 80.07072588146168357, 84.99949975994512386, 12.00000000000000711 ) ) ;
#813 = VERTEX_POINT ( 'NONE', #809 ) ;
#814 = EDGE_CURVE ( 'NONE', #118, #2053, #2060, .T. ) ;
#815 = DIRECTION ( 'NONE',  ( 1.000000000000000000, 0.000000000000000000, 0.000000000000000000 ) ) ;
#816 = EDGE_LOOP ( 'NONE', ( #19, #2114, #1307, #1682 ) ) ;
#817 = AXIS2_PLACEMENT_3D ( 'NONE', #753, #913, #8 ) ;
#818 = DIRECTION ( 'NONE',  ( 0.01414517629233675265, 0.9998999519890271470, 0.000000000000000000 ) ) ;
#819 = AXIS2_PLACEMENT_3D ( 'NONE', #244, #1699, #1342 ) ;
#820 = DIRECTION ( 'NONE',  ( -0.000000000000000000, -0.000000000000000000, -1.000000000000000000 ) ) ;
#821 = CC_DESIGN_APPROVAL ( #1636, ( #1454 ) ) ;
#822 = DIRECTION ( 'NONE',  ( -1.000000000000000000, 0.000000000000000000, 0.000000000000000000 ) ) ;
#823 = VERTEX_POINT ( 'NONE', #1174 ) ;
#824 = CIRCLE ( 'NONE', #1724, 5.000000000000004441 ) ;
#825 = AXIS2_PLACEMENT_3D ( 'NONE', #1177, #6, #1804 ) ;
#826 = EDGE_CURVE ( 'NONE', #2244, #1728, #291, .T. ) ;
#827 = DIRECTION ( 'NONE',  ( -1.000000000000000000, 0.000000000000000000, -0.000000000000000000 ) ) ;
#828 = VECTOR ( 'NONE', #941, 1000.000000000000000 ) ;
#829 = CARTESIAN_POINT ( 'NONE',  ( 0.000000000000000000, -25.00000000000000000, -173.0000000000000000 ) ) ;
#830 = DIRECTION ( 'NONE',  ( 1.000000000000000000, 0.000000000000000000, 0.000000000000000000 ) ) ;
#831 = DIRECTION ( 'NONE',  ( -0.01414517629233779175, -0.9998999519890270360, 0.000000000000000000 ) ) ;
#832 = DIRECTION ( 'NONE',  ( -0.01414517629233675265, -0.9998999519890271470, 0.000000000000000000 ) ) ;
#833 = EDGE_LOOP ( 'NONE', ( #1740, #1919, #1179, #1700 ) ) ;
#834 = EDGE_CURVE ( 'NONE', #882, #113, #1886, .T. ) ;
#835 = CALENDAR_DATE ( 2020, 29, 11 ) ;
#836 = VECTOR ( 'NONE', #1354, 1000.000000000000000 ) ;
#837 = ADVANCED_FACE ( 'NONE', ( #1711 ), #2104, .F. ) ;
#838 = DIRECTION ( 'NONE',  ( 1.000000000000000000, 0.000000000000000000, 0.000000000000000000 ) ) ;
#839 = VECTOR ( 'NONE', #840, 1000.000000000000000 ) ;
#840 = DIRECTION ( 'NONE',  ( -0.000000000000000000, -0.000000000000000000, -1.000000000000000000 ) ) ;
#841 = DIRECTION ( 'NONE',  ( -0.000000000000000000, -0.000000000000000000, -1.000000000000000000 ) ) ;
#842 = ORIENTED_EDGE ( 'NONE', *, *, #134, .T. ) ;
#843 = FACE_OUTER_BOUND ( 'NONE', #1697, .T. ) ;
#844 = LINE ( 'NONE', #1557, #1181 ) ;
#845 = FACE_OUTER_BOUND ( 'NONE', #734, .T. ) ;
#846 = VERTEX_POINT ( 'NONE', #452 ) ;
#847 = DIRECTION ( 'NONE',  ( -0.01414517629233779175, -0.9998999519890270360, 0.000000000000000000 ) ) ;
#848 = ORIENTED_EDGE ( 'NONE', *, *, #2027, .T. ) ;
#849 = VECTOR ( 'NONE', #1148, 1000.000000000000114 ) ;
#850 = DIRECTION ( 'NONE',  ( -0.000000000000000000, -0.000000000000000000, -1.000000000000000000 ) ) ;
#851 = PRODUCT_DEFINITION_SHAPE ( 'NONE', 'NONE',  #306 ) ;
#852 = DIRECTION ( 'NONE',  ( -0.01414517629233779175, -0.9998999519890270360, 0.000000000000000000 ) ) ;
#853 = EDGE_CURVE ( 'NONE', #573, #1206, #665, .T. ) ;
#854 = AXIS2_PLACEMENT_3D ( 'NONE', #1461, #193, #576 ) ;
#855 = PLANE ( 'NONE',  #1535 ) ;
#856 = DIRECTION ( 'NONE',  ( 1.000000000000000000, 0.000000000000000000, -0.000000000000000000 ) ) ;
#857 = EDGE_LOOP ( 'NONE', ( #1744, #2117, #371, #1083 ) ) ;
#858 = AXIS2_PLACEMENT_3D ( 'NONE', #1891, #871, #1540 ) ;
#859 = CIRCLE ( 'NONE', #1869, 7.500000000000000000 ) ;
#860 = EDGE_CURVE ( 'NONE', #1574, #945, #233, .T. ) ;
#861 = CYLINDRICAL_SURFACE ( 'NONE', #1416, 8.000000000000005329 ) ;
#862 = ORIENTED_EDGE ( 'NONE', *, *, #1758, .F. ) ;
#863 = AXIS2_PLACEMENT_3D ( 'NONE', #1200, #1932, #1390 ) ;
#864 = EDGE_LOOP ( 'NONE', ( #40, #2157, #1559, #1860 ) ) ;
#865 = DIRECTION ( 'NONE',  ( -0.000000000000000000, -0.000000000000000000, -1.000000000000000000 ) ) ;
#866 = FACE_OUTER_BOUND ( 'NONE', #1958, .T. ) ;
#867 = ADVANCED_FACE ( 'NONE', ( #1920 ), #1522, .T. ) ;
#868 = CARTESIAN_POINT ( 'NONE',  ( -80.00000000000002842, -80.00000000000000000, -1.387778780781445676E-14 ) ) ;
#869 = CARTESIAN_POINT ( 'NONE',  ( -80.00000000000002842, 79.99999999999992895, 7.000000000000006217 ) ) ;
#870 = ORIENTED_EDGE ( 'NONE', *, *, #1032, .T. ) ;
#871 = DIRECTION ( 'NONE',  ( 0.000000000000000000, 0.000000000000000000, 1.000000000000000000 ) ) ;
#872 = CIRCLE ( 'NONE', #1021, 5.000000000000000000 ) ;
#873 = ORIENTED_EDGE ( 'NONE', *, *, #150, .T. ) ;
#874 = CARTESIAN_POINT ( 'NONE',  ( -80.07072588146166936, -84.99949975994519491, 7.000000000000006217 ) ) ;
#875 = LINE ( 'NONE', #133, #1561 ) ;
#876 = PLANE ( 'NONE',  #1600 ) ;
#877 = EDGE_CURVE ( 'NONE', #957, #1244, #359, .T. ) ;
#878 = DIRECTION ( 'NONE',  ( -1.000000000000000000, 0.000000000000000000, 0.000000000000000000 ) ) ;
#879 = PLANE ( 'NONE',  #2118 ) ;
#880 = ORIENTED_EDGE ( 'NONE', *, *, #1646, .T. ) ;
#881 = EDGE_CURVE ( 'NONE', #1574, #469, #731, .T. ) ;
#882 = VERTEX_POINT ( 'NONE', #2328 ) ;
#883 = PLANE ( 'NONE',  #1690 ) ;
#884 = FACE_OUTER_BOUND ( 'NONE', #1708, .T. ) ;
#885 = CARTESIAN_POINT ( 'NONE',  ( 87.61241105025638376, 87.89311079371968560, 12.00000000000000711 ) ) ;
#886 = EDGE_CURVE ( 'NONE', #86, #690, #1412, .T. ) ;
#887 = VECTOR ( 'NONE', #776, 1000.000000000000000 ) ;
#888 = DIRECTION ( 'NONE',  ( 0.000000000000000000, 0.000000000000000000, 1.000000000000000000 ) ) ;
#889 = AXIS2_PLACEMENT_3D ( 'NONE', #197, #926, #22 ) ;
#890 = PLANE ( 'NONE',  #1217 ) ;
#891 = CIRCLE ( 'NONE', #1188, 5.000000000000003553 ) ;
#892 = AXIS2_PLACEMENT_3D ( 'NONE', #1371, #1205, #1926 ) ;
#893 = DIRECTION ( 'NONE',  ( -0.000000000000000000, -0.000000000000000000, -1.000000000000000000 ) ) ;
#894 = EDGE_CURVE ( 'NONE', #1988, #798, #1401, .T. ) ;
#895 = DIRECTION ( 'NONE',  ( -0.000000000000000000, -0.000000000000000000, -1.000000000000000000 ) ) ;
#896 = DIRECTION ( 'NONE',  ( 0.000000000000000000, 0.000000000000000000, 1.000000000000000000 ) ) ;
#897 = AXIS2_PLACEMENT_3D ( 'NONE', #1615, #2332, #21 ) ;
#898 = CIRCLE ( 'NONE', #1877, 7.500000000000000000 ) ;
#899 = VERTEX_POINT ( 'NONE', #154 ) ;
#900 = EDGE_CURVE ( 'NONE', #964, #1614, #384, .T. ) ;
#901 = DIRECTION ( 'NONE',  ( 0.000000000000000000, 0.000000000000000000, 1.000000000000000000 ) ) ;
#902 = CARTESIAN_POINT ( 'NONE',  ( 74.99999999999998579, -80.00000000000000000, -17.50000000000001421 ) ) ;
#903 = ORIENTED_EDGE ( 'NONE', *, *, #1407, .F. ) ;
#904 = DIRECTION ( 'NONE',  ( -1.000000000000000000, 0.000000000000000000, 0.000000000000000000 ) ) ;
#905 = ORIENTED_EDGE ( 'NONE', *, *, #2068, .T. ) ;
#906 = ADVANCED_FACE ( 'NONE', ( #884 ), #1989, .F. ) ;
#907 = ORIENTED_EDGE ( 'NONE', *, *, #1143, .T. ) ;
#908 = LINE ( 'NONE', #1621, #462 ) ;
#909 = CYLINDRICAL_SURFACE ( 'NONE', #590, 7.500000000000000000 ) ;
#910 = EDGE_LOOP ( 'NONE', ( #1727, #296 ) ) ;
#911 = EDGE_CURVE ( 'NONE', #315, #697, #2138, .T. ) ;
#912 = CARTESIAN_POINT ( 'NONE',  ( 87.61241105025638376, 87.89311079371968560, 12.00000000000000711 ) ) ;
#913 = DIRECTION ( 'NONE',  ( 0.000000000000000000, 0.000000000000000000, 1.000000000000000000 ) ) ;
#914 = VERTEX_POINT ( 'NONE', #1080 ) ;
#915 = EDGE_LOOP ( 'NONE', ( #1474, #492 ) ) ;
#916 = VERTEX_POINT ( 'NONE', #1801 ) ;
#917 = FACE_OUTER_BOUND ( 'NONE', #1357, .T. ) ;
#918 = AXIS2_PLACEMENT_3D ( 'NONE', #100, #633, #818 ) ;
#919 = ORIENTED_EDGE ( 'NONE', *, *, #1872, .T. ) ;
#920 = ORIENTED_EDGE ( 'NONE', *, *, #834, .F. ) ;
#921 = CARTESIAN_POINT ( 'NONE',  ( -75.00000000000002842, -80.00000000000000000, -17.50000000000001421 ) ) ;
#922 = CARTESIAN_POINT ( 'NONE',  ( 10.00000000000000178, -50.00000000000000000, -173.0000000000000000 ) ) ;
#923 = ORIENTED_EDGE ( 'NONE', *, *, #1155, .F. ) ;
#924 = CARTESIAN_POINT ( 'NONE',  ( -80.00000000000002842, 79.99999999999998579, -1.387778780781445676E-14 ) ) ;
#925 = EDGE_CURVE ( 'NONE', #539, #335, #373, .T. ) ;
#926 = DIRECTION ( 'NONE',  ( -0.000000000000000000, -0.000000000000000000, -1.000000000000000000 ) ) ;
#927 = ORIENTED_EDGE ( 'NONE', *, *, #517, .F. ) ;
#928 = AXIS2_PLACEMENT_3D ( 'NONE', #579, #2240, #637 ) ;
#929 = EDGE_LOOP ( 'NONE', ( #2189, #1266, #2231, #804 ) ) ;
#930 = DIRECTION ( 'NONE',  ( -0.000000000000000000, -0.000000000000000000, -1.000000000000000000 ) ) ;
#931 = CIRCLE ( 'NONE', #858, 5.000000000000004441 ) ;
#932 = VERTEX_POINT ( 'NONE', #1218 ) ;
#933 = LINE ( 'NONE', #969, #1901 ) ;
#934 = DIRECTION ( 'NONE',  ( -1.000000000000000000, 0.000000000000000000, 0.000000000000000000 ) ) ;
#935 = DIRECTION ( 'NONE',  ( -0.000000000000000000, -0.000000000000000000, -1.000000000000000000 ) ) ;
#936 = AXIS2_PLACEMENT_3D ( 'NONE', #480, #1895, #822 ) ;
#937 = FACE_OUTER_BOUND ( 'NONE', #672, .T. ) ;
#938 = VECTOR ( 'NONE', #2141, 1000.000000000000000 ) ;
#939 = EDGE_CURVE ( 'NONE', #957, #664, #1063, .T. ) ;
#940 = DIRECTION ( 'NONE',  ( 0.01414517629233642999, 0.9998999519890271470, 0.000000000000000000 ) ) ;
#941 = DIRECTION ( 'NONE',  ( -0.000000000000000000, -0.000000000000000000, -1.000000000000000000 ) ) ;
#942 = ORIENTED_EDGE ( 'NONE', *, *, #297, .F. ) ;
#943 = DATE_AND_TIME ( #218, #2212 ) ;
#944 = ORIENTED_EDGE ( 'NONE', *, *, #12, .F. ) ;
#945 = VERTEX_POINT ( 'NONE', #2126 ) ;
#946 = CARTESIAN_POINT ( 'NONE',  ( 5.000000000000000888, 25.00000000000000000, -173.0000000000000000 ) ) ;
#947 = CARTESIAN_POINT ( 'NONE',  ( -87.38608822957903044, 88.10528843810467947, 7.000000000000006217 ) ) ;
#948 = EDGE_CURVE ( 'NONE', #690, #2200, #2011, .T. ) ;
#949 = VERTEX_POINT ( 'NONE', #1431 ) ;
#950 = DIRECTION ( 'NONE',  ( -0.01414517629233665898, -0.9998999519890270360, 0.000000000000000000 ) ) ;
#951 = DIRECTION ( 'NONE',  ( -0.01414517629233779175, -0.9998999519890270360, 0.000000000000000000 ) ) ;
#952 = EDGE_LOOP ( 'NONE', ( #427, #117, #1255, #1779 ) ) ;
#953 = CARTESIAN_POINT ( 'NONE',  ( 74.99999999999998579, 79.99999999999998579, -1.387778780781445676E-14 ) ) ;
#954 = CYLINDRICAL_SURFACE ( 'NONE', #1732, 8.000000000000005329 ) ;
#955 = ORIENTED_EDGE ( 'NONE', *, *, #2010, .F. ) ;
#956 = EDGE_CURVE ( 'NONE', #1252, #605, #688, .T. ) ;
#957 = VERTEX_POINT ( 'NONE', #1230 ) ;
#958 = CARTESIAN_POINT ( 'NONE',  ( -71.00000000000002842, -80.00000000000000000, -1.387778780781445676E-14 ) ) ;
#959 = CARTESIAN_POINT ( 'NONE',  ( 72.38758894974358782, 72.10688920628028598, 12.00000000000000711 ) ) ;
#960 = ORIENTED_EDGE ( 'NONE', *, *, #686, .F. ) ;
#961 = CARTESIAN_POINT ( 'NONE',  ( 72.50075036008229290, 80.10608882219251825, 12.00000000000000711 ) ) ;
#962 = DIRECTION ( 'NONE',  ( 1.000000000000000000, 0.000000000000000000, -0.000000000000000000 ) ) ;
#963 = DIRECTION ( 'NONE',  ( -0.9998999519890270360, 0.01414517629233642826, 0.000000000000000000 ) ) ;
#964 = VERTEX_POINT ( 'NONE', #333 ) ;
#965 = AXIS2_PLACEMENT_3D ( 'NONE', #186, #1639, #1097 ) ;
#966 = AXIS2_PLACEMENT_3D ( 'NONE', #2237, #1514, #89 ) ;
#967 = EDGE_CURVE ( 'NONE', #1998, #2020, #908, .T. ) ;
#968 = CIRCLE ( 'NONE', #248, 5.000000000000000888 ) ;
#969 = CARTESIAN_POINT ( 'NONE',  ( -89.00000000000002842, -80.00000000000000000, -1.387778780781445676E-14 ) ) ;
#970 = CARTESIAN_POINT ( 'NONE',  ( -87.38608822957903044, 88.10528843810467947, 12.00000000000000711 ) ) ;
#971 = AXIS2_PLACEMENT_3D ( 'NONE', #458, #685, #1031 ) ;
#972 = ORIENTED_EDGE ( 'NONE', *, *, #626, .T. ) ;
#973 = DIRECTION ( 'NONE',  ( -0.01414517629233675265, -0.9998999519890271470, 0.000000000000000000 ) ) ;
#974 = DIRECTION ( 'NONE',  ( 0.000000000000000000, -0.000000000000000000, -1.000000000000000000 ) ) ;
#975 = FACE_BOUND ( 'NONE', #143, .T. ) ;
#976 = ORIENTED_EDGE ( 'NONE', *, *, #894, .F. ) ;
#977 = VECTOR ( 'NONE', #1571, 1000.000000000000114 ) ;
#978 = CARTESIAN_POINT ( 'NONE',  ( -85.00000000000002842, -80.00000000000000000, -1.387778780781445676E-14 ) ) ;
#979 = FACE_OUTER_BOUND ( 'NONE', #2144, .T. ) ;
#980 = APPROVAL ( #2180, 'UNSPECIFIED' ) ;
#981 = ORIENTED_EDGE ( 'NONE', *, *, #2232, .T. ) ;
#982 = FACE_OUTER_BOUND ( 'NONE', #106, .T. ) ;
#983 = FACE_OUTER_BOUND ( 'NONE', #546, .T. ) ;
#984 = ADVANCED_FACE ( 'NONE', ( #1425 ), #144, .T. ) ;
#985 = DIRECTION ( 'NONE',  ( 0.000000000000000000, 0.000000000000000000, -1.000000000000000000 ) ) ;
#986 = CARTESIAN_POINT ( 'NONE',  ( 5.000000000000000000, -25.00000000000000000, 7.000000000000006217 ) ) ;
#987 = VERTEX_POINT ( 'NONE', #1242 ) ;
#988 = DIRECTION ( 'NONE',  ( 0.000000000000000000, 0.000000000000000000, -1.000000000000000000 ) ) ;
#989 = ORIENTED_EDGE ( 'NONE', *, *, #1539, .T. ) ;
#990 = AXIS2_PLACEMENT_3D ( 'NONE', #1940, #2169, #2316 ) ;
#991 = CARTESIAN_POINT ( 'NONE',  ( -7.500000000000000000, 0.000000000000000000, -173.0000000000000000 ) ) ;
#992 = CARTESIAN_POINT ( 'NONE',  ( -10.00000000000000178, -35.00000000000000000, -162.9999999999999716 ) ) ;
#993 = EDGE_CURVE ( 'NONE', #2098, #1773, #875, .T. ) ;
#994 = DIRECTION ( 'NONE',  ( 0.000000000000000000, 1.000000000000000000, 0.000000000000000000 ) ) ;
#995 = ORIENTED_EDGE ( 'NONE', *, *, #684, .T. ) ;
#996 = SECURITY_CLASSIFICATION_LEVEL ( 'unclassified' ) ;
#997 = AXIS2_PLACEMENT_3D ( 'NONE', #182, #496, #1067 ) ;
#998 = AXIS2_PLACEMENT_3D ( 'NONE', #869, #1582, #951 ) ;
#999 = CARTESIAN_POINT ( 'NONE',  ( -72.38758894974363045, 87.89311079371962876, 7.000000000000006217 ) ) ;
#1000 = CIRCLE ( 'NONE', #966, 5.000000000000000888 ) ;
#1001 = FACE_OUTER_BOUND ( 'NONE', #132, .T. ) ;
#1002 = AXIS2_PLACEMENT_3D ( 'NONE', #1743, #2075, #1041 ) ;
#1003 = DIRECTION ( 'NONE',  ( 0.000000000000000000, 0.000000000000000000, 1.000000000000000000 ) ) ;
#1004 = AXIS2_PLACEMENT_3D ( 'NONE', #1408, #930, #744 ) ;
#1005 = CARTESIAN_POINT ( 'NONE',  ( -80.07072588146171199, 75.00050024005479088, 12.00000000000000711 ) ) ;
#1006 = DIRECTION ( 'NONE',  ( 0.000000000000000000, 0.000000000000000000, 1.000000000000000000 ) ) ;
#1007 = ORIENTED_EDGE ( 'NONE', *, *, #2207, .F. ) ;
#1008 = EDGE_CURVE ( 'NONE', #1924, #949, #859, .T. ) ;
#1009 = CIRCLE ( 'NONE', #897, 7.500000000000000000 ) ;
#1010 = AXIS2_PLACEMENT_3D ( 'NONE', #728, #2147, #904 ) ;
#1011 = CARTESIAN_POINT ( 'NONE',  ( -25.00000000000000000, 50.00000000000000000, -162.9999999999999716 ) ) ;
#1012 = DESIGN_CONTEXT ( 'detailed design', #1432, 'design' ) ;
#1013 = AXIS2_PLACEMENT_3D ( 'NONE', #2238, #985, #1503 ) ;
#1014 = CARTESIAN_POINT ( 'NONE',  ( -80.07072588146171199, 75.00050024005479088, 7.000000000000006217 ) ) ;
#1015 = DIRECTION ( 'NONE',  ( -0.000000000000000000, -0.000000000000000000, -1.000000000000000000 ) ) ;
#1016 = ORIENTED_EDGE ( 'NONE', *, *, #1216, .T. ) ;
#1017 = DIRECTION ( 'NONE',  ( 0.9998999519890270360, -0.01414517629233642826, 0.000000000000000000 ) ) ;
#1018 = CARTESIAN_POINT ( 'NONE',  ( -10.00000000000000178, -50.00000000000000000, -173.0000000000000000 ) ) ;
#1019 = DIRECTION ( 'NONE',  ( -0.000000000000000000, -0.000000000000000000, -1.000000000000000000 ) ) ;
#1020 = ORIENTED_EDGE ( 'NONE', *, *, #632, .T. ) ;
#1021 = AXIS2_PLACEMENT_3D ( 'NONE', #2236, #2036, #1677 ) ;
#1022 = ADVANCED_FACE ( 'NONE', ( #2112 ), #321, .F. ) ;
#1023 = CARTESIAN_POINT ( 'NONE',  ( 0.000000000000000000, -25.00000000000000000, 7.000000000000006217 ) ) ;
#1024 = ORIENTED_EDGE ( 'NONE', *, *, #2163, .F. ) ;
#1025 = DIRECTION ( 'NONE',  ( 0.9998999519890270360, -0.01414517629233642826, 0.000000000000000000 ) ) ;
#1026 = CARTESIAN_POINT ( 'NONE',  ( 79.99999999999998579, 79.99999999999998579, -1.387778780781445676E-14 ) ) ;
#1027 = ADVANCED_FACE ( 'NONE', ( #796 ), #562, .F. ) ;
#1028 = CARTESIAN_POINT ( 'NONE',  ( 79.92927411853830222, 75.00050024005484772, 7.000000000000006217 ) ) ;
#1029 = FACE_OUTER_BOUND ( 'NONE', #1495, .T. ) ;
#1030 = ORIENTED_EDGE ( 'NONE', *, *, #1664, .F. ) ;
#1031 = DIRECTION ( 'NONE',  ( -1.000000000000000000, 0.000000000000000000, 0.000000000000000000 ) ) ;
#1032 = EDGE_CURVE ( 'NONE', #1537, #846, #933, .T. ) ;
#1033 = EDGE_LOOP ( 'NONE', ( #187, #2306 ) ) ;
#1034 = AXIS2_PLACEMENT_3D ( 'NONE', #1760, #314, #2081 ) ;
#1035 = PLANE ( 'NONE',  #1287 ) ;
#1036 = DIRECTION ( 'NONE',  ( 0.000000000000000000, 0.000000000000000000, 1.000000000000000000 ) ) ;
#1037 = AXIS2_PLACEMENT_3D ( 'NONE', #1074, #1438, #1794 ) ;
#1038 = DIRECTION ( 'NONE',  ( 0.000000000000000000, 0.000000000000000000, -1.000000000000000000 ) ) ;
#1039 = CARTESIAN_POINT ( 'NONE',  ( 87.49924963991769289, -80.10608882219253246, 12.00000000000000711 ) ) ;
#1040 = ORIENTED_EDGE ( 'NONE', *, *, #353, .F. ) ;
#1041 = DIRECTION ( 'NONE',  ( -1.000000000000000000, 0.000000000000000000, 0.000000000000000000 ) ) ;
#1042 = VECTOR ( 'NONE', #1536, 1000.000000000000000 ) ;
#1043 = ORIENTED_EDGE ( 'NONE', *, *, #2148, .F. ) ;
#1044 = CARTESIAN_POINT ( 'NONE',  ( -80.00000000000002842, 79.99999999999998579, -1.387778780781445676E-14 ) ) ;
#1045 = CC_DESIGN_PERSON_AND_ORGANIZATION_ASSIGNMENT ( #428, #1900, ( #1454 ) ) ;
#1046 = CARTESIAN_POINT ( 'NONE',  ( 25.00000000000000000, -35.00000000000000000, -173.0000000000000000 ) ) ;
#1047 = CLOSED_SHELL ( 'NONE', ( #2299, #1930, #382, #1294, #1762, #906 ) ) ;
#1048 = CARTESIAN_POINT ( 'NONE',  ( -79.99999999999997158, -80.00000000000005684, 12.00000000000000711 ) ) ;
#1049 = EDGE_CURVE ( 'NONE', #2331, #1997, #1141, .T. ) ;
#1050 = FACE_OUTER_BOUND ( 'NONE', #1629, .T. ) ;
#1051 = ORIENTED_EDGE ( 'NONE', *, *, #526, .T. ) ;
#1052 = AXIS2_PLACEMENT_3D ( 'NONE', #1703, #1295, #973 ) ;
#1053 = VERTEX_POINT ( 'NONE', #385 ) ;
#1054 = DIRECTION ( 'NONE',  ( 0.000000000000000000, 0.000000000000000000, 1.000000000000000000 ) ) ;
#1055 = DIRECTION ( 'NONE',  ( -0.000000000000000000, -0.000000000000000000, -1.000000000000000000 ) ) ;
#1056 = CARTESIAN_POINT ( 'NONE',  ( 72.50075036008229290, -79.89391117780748175, 12.00000000000000711 ) ) ;
#1057 = ORIENTED_EDGE ( 'NONE', *, *, #993, .T. ) ;
#1058 = CYLINDRICAL_SURFACE ( 'NONE', #1348, 5.000000000000003553 ) ;
#1059 = CARTESIAN_POINT ( 'NONE',  ( 72.50075036008229290, 80.10608882219251825, 7.000000000000006217 ) ) ;
#1060 = ORIENTED_EDGE ( 'NONE', *, *, #399, .F. ) ;
#1061 = EDGE_LOOP ( 'NONE', ( #552, #2002 ) ) ;
#1062 = EDGE_CURVE ( 'NONE', #787, #304, #1319, .T. ) ;
#1063 = CIRCLE ( 'NONE', #695, 5.000000000000004441 ) ;
#1064 = DIRECTION ( 'NONE',  ( -1.000000000000000000, 0.000000000000000000, 0.000000000000000000 ) ) ;
#1065 = EDGE_CURVE ( 'NONE', #1373, #199, #1858, .T. ) ;
#1066 = FACE_OUTER_BOUND ( 'NONE', #200, .T. ) ;
#1067 = DIRECTION ( 'NONE',  ( 1.000000000000000000, 0.000000000000000000, 0.000000000000000000 ) ) ;
#1068 = CARTESIAN_POINT ( 'NONE',  ( 84.99999999999998579, -80.00000000000000000, -17.50000000000001421 ) ) ;
#1069 = ORIENTED_EDGE ( 'NONE', *, *, #1551, .F. ) ;
#1070 = ORIENTED_EDGE ( 'NONE', *, *, #2109, .T. ) ;
#1071 = CIRCLE ( 'NONE', #1034, 5.000000000000004441 ) ;
#1072 = DIRECTION ( 'NONE',  ( 0.01414517629233675265, 0.9998999519890271470, 0.000000000000000000 ) ) ;
#1073 = AXIS2_PLACEMENT_3D ( 'NONE', #992, #1534, #1523 ) ;
#1074 = CARTESIAN_POINT ( 'NONE',  ( 79.99999999999998579, 79.99999999999998579, 2.000000000000006217 ) ) ;
#1075 = VERTEX_POINT ( 'NONE', #395 ) ;
#1076 = VECTOR ( 'NONE', #2256, 1000.000000000000000 ) ;
#1077 = EDGE_CURVE ( 'NONE', #605, #1397, #503, .T. ) ;
#1078 = CARTESIAN_POINT ( 'NONE',  ( 79.99999999999998579, -80.00000000000000000, 12.00000000000000711 ) ) ;
#1079 = EDGE_LOOP ( 'NONE', ( #446, #1250, #1601, #944 ) ) ;
#1080 = CARTESIAN_POINT ( 'NONE',  ( 87.61241105025638376, 87.89311079371968560, 7.000000000000006217 ) ) ;
#1081 = FACE_OUTER_BOUND ( 'NONE', #442, .T. ) ;
#1082 = VECTOR ( 'NONE', #670, 1000.000000000000000 ) ;
#1083 = ORIENTED_EDGE ( 'NONE', *, *, #138, .T. ) ;
#1084 = CARTESIAN_POINT ( 'NONE',  ( 0.000000000000000000, -25.00000000000000000, -173.0000000000000000 ) ) ;
#1085 = VECTOR ( 'NONE', #1846, 1000.000000000000114 ) ;
#1086 = LINE ( 'NONE', #348, #1716 ) ;
#1087 = EDGE_LOOP ( 'NONE', ( #375, #1714, #2334, #195 ) ) ;
#1088 = CLOSED_SHELL ( 'NONE', ( #241, #785, #1855, #2158, #1362, #1393, #260, #1193 ) ) ;
#1089 = ORIENTED_EDGE ( 'NONE', *, *, #240, .F. ) ;
#1090 = VERTEX_POINT ( 'NONE', #1118 ) ;
#1091 = DIRECTION ( 'NONE',  ( 0.000000000000000000, 0.000000000000000000, 1.000000000000000000 ) ) ;
#1092 = ADVANCED_FACE ( 'NONE', ( #615 ), #1821, .F. ) ;
#1093 = DIRECTION ( 'NONE',  ( 0.000000000000000000, 0.000000000000000000, 1.000000000000000000 ) ) ;
#1094 = DIRECTION ( 'NONE',  ( -0.9998999519890270360, 0.01414517629233642826, 0.000000000000000000 ) ) ;
#1095 = ORIENTED_EDGE ( 'NONE', *, *, #1346, .F. ) ;
#1096 = DIRECTION ( 'NONE',  ( 1.000000000000000000, 0.000000000000000000, 0.000000000000000000 ) ) ;
#1097 = DIRECTION ( 'NONE',  ( 0.9998999519890270360, -0.01414517629233642826, 0.000000000000000000 ) ) ;
#1098 = VERTEX_POINT ( 'NONE', #946 ) ;
#1099 = ADVANCED_FACE ( 'NONE', ( #192 ), #2220, .F. ) ;
#1100 = ORIENTED_EDGE ( 'NONE', *, *, #993, .F. ) ;
#1101 = EDGE_LOOP ( 'NONE', ( #652, #1562, #343, #1548 ) ) ;
#1102 = ORIENTED_EDGE ( 'NONE', *, *, #473, .T. ) ;
#1103 = CARTESIAN_POINT ( 'NONE',  ( -87.38608822957898781, -71.89471156189530632, 7.000000000000006217 ) ) ;
#1104 = LINE ( 'NONE', #533, #2054 ) ;
#1105 = EDGE_CURVE ( 'NONE', #1628, #320, #49, .T. ) ;
#1106 = DIRECTION ( 'NONE',  ( 0.000000000000000000, 0.000000000000000000, -1.000000000000000000 ) ) ;
#1107 = PLANE ( 'NONE',  #817 ) ;
#1108 = AXIS2_PLACEMENT_3D ( 'NONE', #791, #1842, #82 ) ;
#1109 = DIRECTION ( 'NONE',  ( -0.000000000000000000, -0.000000000000000000, -1.000000000000000000 ) ) ;
#1110 = CARTESIAN_POINT ( 'NONE',  ( -87.61241105025636955, -87.89311079371975666, 7.000000000000006217 ) ) ;
#1111 = VERTEX_POINT ( 'NONE', #1331 ) ;
#1112 = AXIS2_PLACEMENT_3D ( 'NONE', #292, #1554, #497 ) ;
#1113 = APPLICATION_PROTOCOL_DEFINITION ( 'international standard', 'config_control_design', 1994, #1432 ) ;
#1114 = EDGE_CURVE ( 'NONE', #320, #2162, #1751, .T. ) ;
#1115 = AXIS2_PLACEMENT_3D ( 'NONE', #1874, #1709, #1320 ) ;
#1116 =( GEOMETRIC_REPRESENTATION_CONTEXT ( 3 ) GLOBAL_UNCERTAINTY_ASSIGNED_CONTEXT ( ( #645 ) ) GLOBAL_UNIT_ASSIGNED_CONTEXT ( ( #1820, #1291, #1630 ) ) REPRESENTATION_CONTEXT ( 'NONE', 'WORKASPACE' ) );
#1117 = ORIENTED_EDGE ( 'NONE', *, *, #58, .F. ) ;
#1118 = CARTESIAN_POINT ( 'NONE',  ( 25.00000000000000000, 35.00000000000000000, -173.0000000000000000 ) ) ;
#1119 = LINE ( 'NONE', #1142, #1492 ) ;
#1120 = ORIENTED_EDGE ( 'NONE', *, *, #814, .F. ) ;
#1121 = CYLINDRICAL_SURFACE ( 'NONE', #1575, 5.000000000000004441 ) ;
#1122 = VECTOR ( 'NONE', #1713, 1000.000000000000114 ) ;
#1123 = LINE ( 'NONE', #364, #463 ) ;
#1124 = ADVANCED_FACE ( 'NONE', ( #2044 ), #587, .F. ) ;
#1125 = CARTESIAN_POINT ( 'NONE',  ( -87.38608822957903044, 88.10528843810467947, 12.00000000000000711 ) ) ;
#1126 = CARTESIAN_POINT ( 'NONE',  ( -72.61391177042096956, -88.10528843810480737, 12.00000000000000711 ) ) ;
#1127 = CIRCLE ( 'NONE', #329, 8.000000000000005329 ) ;
#1128 = ORIENTED_EDGE ( 'NONE', *, *, #618, .F. ) ;
#1129 = AXIS2_PLACEMENT_3D ( 'NONE', #1289, #33, #2006 ) ;
#1130 = CYLINDRICAL_SURFACE ( 'NONE', #130, 8.999999999999994671 ) ;
#1131 = DIRECTION ( 'NONE',  ( 0.000000000000000000, 0.000000000000000000, 1.000000000000000000 ) ) ;
#1132 = CARTESIAN_POINT ( 'NONE',  ( -87.38608822957903044, 88.10528843810467947, 7.000000000000006217 ) ) ;
#1133 = EDGE_LOOP ( 'NONE', ( #409, #625 ) ) ;
#1134 = CYLINDRICAL_SURFACE ( 'NONE', #1459, 5.000000000000003553 ) ;
#1135 = CARTESIAN_POINT ( 'NONE',  ( 5.000000000000000888, -25.00000000000000000, -162.9999999999999716 ) ) ;
#1136 = CARTESIAN_POINT ( 'NONE',  ( 72.61391177042098377, -71.89471156189524947, 7.000000000000006217 ) ) ;
#1137 = ORIENTED_EDGE ( 'NONE', *, *, #1623, .T. ) ;
#1138 = ADVANCED_FACE ( 'NONE', ( #62 ), #419, .T. ) ;
#1139 = COORDINATED_UNIVERSAL_TIME_OFFSET ( 1, 0, .AHEAD. ) ;
#1140 = ORIENTED_EDGE ( 'NONE', *, *, #1849, .F. ) ;
#1141 = LINE ( 'NONE', #1281, #1538 ) ;
#1142 = CARTESIAN_POINT ( 'NONE',  ( -25.00000000000000000, -35.00000000000000000, -162.9999999999999716 ) ) ;
#1143 = EDGE_CURVE ( 'NONE', #746, #365, #28, .T. ) ;
#1144 = ORIENTED_EDGE ( 'NONE', *, *, #1825, .F. ) ;
#1145 = DIRECTION ( 'NONE',  ( 0.000000000000000000, 0.000000000000000000, -1.000000000000000000 ) ) ;
#1146 = DIRECTION ( 'NONE',  ( 0.000000000000000000, 0.000000000000000000, -1.000000000000000000 ) ) ;
#1147 = FACE_OUTER_BOUND ( 'NONE', #2029, .T. ) ;
#1148 = DIRECTION ( 'NONE',  ( -0.9998999519890270360, 0.01414517629233642826, 0.000000000000000000 ) ) ;
#1149 = VERTEX_POINT ( 'NONE', #921 ) ;
#1150 = DATE_AND_TIME ( #1180, #210 ) ;
#1151 = CC_DESIGN_PERSON_AND_ORGANIZATION_ASSIGNMENT ( #1658, #35, ( #2294 ) ) ;
#1152 = CIRCLE ( 'NONE', #2120, 8.999999999999994671 ) ;
#1153 = DIRECTION ( 'NONE',  ( 1.000000000000000000, 0.000000000000000000, 0.000000000000000000 ) ) ;
#1154 = VECTOR ( 'NONE', #988, 1000.000000000000000 ) ;
#1155 = EDGE_CURVE ( 'NONE', #379, #573, #1528, .T. ) ;
#1156 = DIRECTION ( 'NONE',  ( -0.000000000000000000, -0.000000000000000000, -1.000000000000000000 ) ) ;
#1157 = CYLINDRICAL_SURFACE ( 'NONE', #208, 8.999999999999994671 ) ;
#1158 = CIRCLE ( 'NONE', #165, 5.000000000000003553 ) ;
#1159 = ORIENTED_EDGE ( 'NONE', *, *, #1346, .T. ) ;
#1160 = FACE_OUTER_BOUND ( 'NONE', #198, .T. ) ;
#1161 = LINE ( 'NONE', #1323, #543 ) ;
#1162 = FACE_OUTER_BOUND ( 'NONE', #1526, .T. ) ;
#1163 = CARTESIAN_POINT ( 'NONE',  ( -85.00000000000002842, -80.00000000000000000, -1.387778780781445676E-14 ) ) ;
#1164 = EDGE_LOOP ( 'NONE', ( #2290, #166, #391, #1470 ) ) ;
#1165 = VECTOR ( 'NONE', #1596, 1000.000000000000000 ) ;
#1166 = CARTESIAN_POINT ( 'NONE',  ( -10.00000000000000178, -35.00000000000000000, -173.0000000000000000 ) ) ;
#1167 = EDGE_CURVE ( 'NONE', #530, #916, #1460, .T. ) ;
#1168 = ORIENTED_EDGE ( 'NONE', *, *, #48, .T. ) ;
#1169 = CARTESIAN_POINT ( 'NONE',  ( 0.000000000000000000, -25.00000000000000000, -162.9999999999999716 ) ) ;
#1170 = FACE_OUTER_BOUND ( 'NONE', #299, .T. ) ;
#1171 = CARTESIAN_POINT ( 'NONE',  ( 72.50075036008229290, 80.10608882219251825, 7.000000000000006217 ) ) ;
#1172 = EDGE_LOOP ( 'NONE', ( #1558, #1594, #907, #567 ) ) ;
#1173 = DIRECTION ( 'NONE',  ( 0.000000000000000000, 0.000000000000000000, 1.000000000000000000 ) ) ;
#1174 = CARTESIAN_POINT ( 'NONE',  ( 5.000000000000000888, -25.00000000000000000, -173.0000000000000000 ) ) ;
#1175 = ADVANCED_FACE ( 'NONE', ( #1472 ), #575, .T. ) ;
#1176 = DIRECTION ( 'NONE',  ( 0.000000000000000000, 0.000000000000000000, 1.000000000000000000 ) ) ;
#1177 = CARTESIAN_POINT ( 'NONE',  ( 79.99999999999998579, -80.00000000000000000, -17.50000000000001421 ) ) ;
#1178 = DIRECTION ( 'NONE',  ( 0.000000000000000000, 0.000000000000000000, -1.000000000000000000 ) ) ;
#1179 = ORIENTED_EDGE ( 'NONE', *, *, #464, .F. ) ;
#1180 = CALENDAR_DATE ( 2020, 29, 11 ) ;
#1181 = VECTOR ( 'NONE', #2320, 1000.000000000000000 ) ;
#1182 = EDGE_CURVE ( 'NONE', #1236, #2018, #75, .T. ) ;
#1183 = CIRCLE ( 'NONE', #2085, 5.000000000000000000 ) ;
#1184 = CARTESIAN_POINT ( 'NONE',  ( -75.00000000000002842, -80.00000000000000000, -1.387778780781445676E-14 ) ) ;
#1185 = AXIS2_PLACEMENT_3D ( 'NONE', #1056, #2317, #29 ) ;
#1186 = DIRECTION ( 'NONE',  ( 1.000000000000000000, 0.000000000000000000, -0.000000000000000000 ) ) ;
#1187 = CARTESIAN_POINT ( 'NONE',  ( -87.49924963991773552, 80.10608882219246141, 12.00000000000000711 ) ) ;
#1188 = AXIS2_PLACEMENT_3D ( 'NONE', #1918, #1195, #847 ) ;
#1189 = FACE_BOUND ( 'NONE', #1061, .T. ) ;
#1190 = DIRECTION ( 'NONE',  ( 0.000000000000000000, 0.000000000000000000, 1.000000000000000000 ) ) ;
#1191 = CARTESIAN_POINT ( 'NONE',  ( 72.50075036008229290, 80.10608882219251825, 12.00000000000000711 ) ) ;
#1192 = EDGE_LOOP ( 'NONE', ( #1367, #808, #1240, #380 ) ) ;
#1193 = ADVANCED_FACE ( 'NONE', ( #1698 ), #57, .F. ) ;
#1194 = AXIS2_PLACEMENT_3D ( 'NONE', #1726, #1402, #831 ) ;
#1195 = DIRECTION ( 'NONE',  ( 0.000000000000000000, 0.000000000000000000, 1.000000000000000000 ) ) ;
#1196 = CLOSED_SHELL ( 'NONE', ( #64, #228, #1604, #1420, #1138, #1124 ) ) ;
#1197 = ORIENTED_EDGE ( 'NONE', *, *, #201, .F. ) ;
#1198 = CARTESIAN_POINT ( 'NONE',  ( 72.38758894974358782, -87.89311079371969981, 12.00000000000000711 ) ) ;
#1199 = DIRECTION ( 'NONE',  ( -0.01414517629233642999, -0.9998999519890271470, 0.000000000000000000 ) ) ;
#1200 = CARTESIAN_POINT ( 'NONE',  ( 79.99999999999998579, -80.00000000000000000, -17.50000000000001421 ) ) ;
#1201 = CARTESIAN_POINT ( 'NONE',  ( -80.00000000000002842, -80.00000000000000000, -17.50000000000001421 ) ) ;
#1202 = CARTESIAN_POINT ( 'NONE',  ( -87.61241105025636955, -87.89311079371975666, 12.00000000000000711 ) ) ;
#1203 = VERTEX_POINT ( 'NONE', #953 ) ;
#1204 = ADVANCED_FACE ( 'NONE', ( #803, #1880 ), #2249, .F. ) ;
#1205 = DIRECTION ( 'NONE',  ( 0.000000000000000000, 0.000000000000000000, 1.000000000000000000 ) ) ;
#1206 = VERTEX_POINT ( 'NONE', #812 ) ;
#1207 = CARTESIAN_POINT ( 'NONE',  ( -75.00000000000002842, -80.00000000000000000, -1.387778780781445676E-14 ) ) ;
#1208 = LINE ( 'NONE', #2265, #2312 ) ;
#1209 = FACE_OUTER_BOUND ( 'NONE', #47, .T. ) ;
#1210 = DIRECTION ( 'NONE',  ( 0.000000000000000000, 0.000000000000000000, 1.000000000000000000 ) ) ;
#1211 = ORIENTED_EDGE ( 'NONE', *, *, #2254, .T. ) ;
#1212 = EDGE_CURVE ( 'NONE', #813, #597, #1517, .T. ) ;
#1213 = EDGE_CURVE ( 'NONE', #1997, #572, #459, .T. ) ;
#1214 = FACE_OUTER_BOUND ( 'NONE', #1800, .T. ) ;
#1215 = ORIENTED_EDGE ( 'NONE', *, *, #925, .F. ) ;
#1216 = EDGE_CURVE ( 'NONE', #564, #2235, #71, .T. ) ;
#1217 = AXIS2_PLACEMENT_3D ( 'NONE', #1605, #303, #1943 ) ;
#1218 = CARTESIAN_POINT ( 'NONE',  ( -10.00000000000000178, 50.00000000000000000, -173.0000000000000000 ) ) ;
#1219 = DIRECTION ( 'NONE',  ( -1.000000000000000000, 0.000000000000000000, 0.000000000000000000 ) ) ;
#1220 = AXIS2_PLACEMENT_3D ( 'NONE', #1921, #1199, #2273 ) ;
#1221 = CIRCLE ( 'NONE', #164, 8.999999999999994671 ) ;
#1222 = DIRECTION ( 'NONE',  ( -0.01414517629233779175, -0.9998999519890270360, 0.000000000000000000 ) ) ;
#1223 = DIRECTION ( 'NONE',  ( -1.000000000000000000, 0.000000000000000000, 0.000000000000000000 ) ) ;
#1224 = ORIENTED_EDGE ( 'NONE', *, *, #1311, .F. ) ;
#1225 = EDGE_CURVE ( 'NONE', #916, #899, #1337, .T. ) ;
#1226 = CIRCLE ( 'NONE', #1421, 5.000000000000003553 ) ;
#1227 = CARTESIAN_POINT ( 'NONE',  ( 88.99999999999998579, 79.99999999999998579, -17.50000000000001421 ) ) ;
#1228 = ORIENTED_EDGE ( 'NONE', *, *, #551, .T. ) ;
#1229 = CARTESIAN_POINT ( 'NONE',  ( -72.61391177042102640, 71.89471156189519263, 12.00000000000000711 ) ) ;
#1230 = CARTESIAN_POINT ( 'NONE',  ( -75.00000000000002842, 79.99999999999998579, -1.387778780781445676E-14 ) ) ;
#1231 = FACE_OUTER_BOUND ( 'NONE', #1133, .T. ) ;
#1232 = EDGE_CURVE ( 'NONE', #964, #2298, #265, .T. ) ;
#1233 = ORIENTED_EDGE ( 'NONE', *, *, #161, .T. ) ;
#1234 = CARTESIAN_POINT ( 'NONE',  ( -87.49924963991773552, 80.10608882219246141, 7.000000000000006217 ) ) ;
#1235 = LINE ( 'NONE', #115, #432 ) ;
#1236 = VERTEX_POINT ( 'NONE', #1163 ) ;
#1237 = CYLINDRICAL_SURFACE ( 'NONE', #711, 8.999999999999994671 ) ;
#1238 = EDGE_CURVE ( 'NONE', #271, #1377, #2228, .T. ) ;
#1239 = CIRCLE ( 'NONE', #612, 5.000000000000004441 ) ;
#1240 = ORIENTED_EDGE ( 'NONE', *, *, #1407, .T. ) ;
#1241 = CARTESIAN_POINT ( 'NONE',  ( -85.00000000000002842, 79.99999999999998579, -1.387778780781445676E-14 ) ) ;
#1242 = CARTESIAN_POINT ( 'NONE',  ( 71.00000000000000000, 79.99999999999998579, -17.50000000000001421 ) ) ;
#1243 = PLANE ( 'NONE',  #1185 ) ;
#1244 = VERTEX_POINT ( 'NONE', #610 ) ;
#1245 = ADVANCED_FACE ( 'NONE', ( #225 ), #2063, .F. ) ;
#1246 = LINE ( 'NONE', #2174, #1608 ) ;
#1247 = CYLINDRICAL_SURFACE ( 'NONE', #1037, 5.000000000000003553 ) ;
#1248 = AXIS2_PLACEMENT_3D ( 'NONE', #447, #1892, #2272 ) ;
#1249 = ORIENTED_EDGE ( 'NONE', *, *, #1584, .F. ) ;
#1250 = ORIENTED_EDGE ( 'NONE', *, *, #1799, .T. ) ;
#1251 = FACE_OUTER_BOUND ( 'NONE', #816, .T. ) ;
#1252 = VERTEX_POINT ( 'NONE', #236 ) ;
#1253 = CARTESIAN_POINT ( 'NONE',  ( -75.00000000000002842, 79.99999999999998579, -1.387778780781445676E-14 ) ) ;
#1254 = DIRECTION ( 'NONE',  ( 1.000000000000000000, 0.000000000000000000, 0.000000000000000000 ) ) ;
#1255 = ORIENTED_EDGE ( 'NONE', *, *, #1077, .T. ) ;
#1256 = ORIENTED_EDGE ( 'NONE', *, *, #2224, .T. ) ;
#1257 = LINE ( 'NONE', #736, #641 ) ;
#1258 = VECTOR ( 'NONE', #1335, 1000.000000000000000 ) ;
#1259 = CYLINDRICAL_SURFACE ( 'NONE', #889, 5.000000000000000888 ) ;
#1260 = VERTEX_POINT ( 'NONE', #43 ) ;
#1261 = ORIENTED_EDGE ( 'NONE', *, *, #1232, .T. ) ;
#1262 = AXIS2_PLACEMENT_3D ( 'NONE', #63, #85, #815 ) ;
#1263 = AXIS2_PLACEMENT_3D ( 'NONE', #696, #1550, #319 ) ;
#1264 = VERTEX_POINT ( 'NONE', #986 ) ;
#1265 = ADVANCED_FACE ( 'NONE', ( #1707 ), #1349, .F. ) ;
#1266 = ORIENTED_EDGE ( 'NONE', *, *, #2140, .F. ) ;
#1267 = ORIENTED_EDGE ( 'NONE', *, *, #493, .T. ) ;
#1268 = CARTESIAN_POINT ( 'NONE',  ( -71.00000000000002842, 79.99999999999998579, -1.387778780781445676E-14 ) ) ;
#1269 = CARTESIAN_POINT ( 'NONE',  ( 79.99999999999998579, 79.99999999999998579, -1.387778780781445676E-14 ) ) ;
#1270 = EDGE_CURVE ( 'NONE', #1260, #1075, #1681, .T. ) ;
#1271 = VECTOR ( 'NONE', #2017, 1000.000000000000114 ) ;
#1272 = ORIENTED_EDGE ( 'NONE', *, *, #336, .F. ) ;
#1273 = DIRECTION ( 'NONE',  ( -0.9998999519890270360, 0.01414517629233642826, 0.000000000000000000 ) ) ;
#1274 = CARTESIAN_POINT ( 'NONE',  ( -5.000000000000000888, -25.00000000000000000, -162.9999999999999716 ) ) ;
#1275 = ORIENTED_EDGE ( 'NONE', *, *, #1325, .F. ) ;
#1276 = ORIENTED_EDGE ( 'NONE', *, *, #181, .F. ) ;
#1277 = VERTEX_POINT ( 'NONE', #32 ) ;
#1278 = PLANE ( 'NONE',  #1868 ) ;
#1279 = EDGE_CURVE ( 'NONE', #2331, #256, #125, .T. ) ;
#1280 = ORIENTED_EDGE ( 'NONE', *, *, #413, .T. ) ;
#1281 = CARTESIAN_POINT ( 'NONE',  ( 80.07072588146168357, -75.00050024005486193, 2.000000000000006217 ) ) ;
#1282 = AXIS2_PLACEMENT_3D ( 'NONE', #1285, #78, #53 ) ;
#1283 = DIRECTION ( 'NONE',  ( 0.000000000000000000, 0.000000000000000000, 1.000000000000000000 ) ) ;
#1284 = EDGE_LOOP ( 'NONE', ( #1007, #1809 ) ) ;
#1285 = CARTESIAN_POINT ( 'NONE',  ( -80.00000000000002842, -80.00000000000000000, -17.50000000000001421 ) ) ;
#1286 = CYLINDRICAL_SURFACE ( 'NONE', #1339, 5.000000000000003553 ) ;
#1287 = AXIS2_PLACEMENT_3D ( 'NONE', #476, #2069, #1186 ) ;
#1288 = ORIENTED_EDGE ( 'NONE', *, *, #2261, .F. ) ;
#1289 = CARTESIAN_POINT ( 'NONE',  ( 0.000000000000000000, 24.99999999999999289, 7.000000000000006217 ) ) ;
#1290 = ORIENTED_EDGE ( 'NONE', *, *, #1560, .T. ) ;
#1291 =( NAMED_UNIT ( * ) PLANE_ANGLE_UNIT ( ) SI_UNIT ( $, .RADIAN. ) );
#1292 = CARTESIAN_POINT ( 'NONE',  ( -72.50075036008232132, 79.89391117780741070, 7.000000000000006217 ) ) ;
#1293 = CARTESIAN_POINT ( 'NONE',  ( -87.49924963991767868, -79.89391117780752438, 12.00000000000000711 ) ) ;
#1294 = ADVANCED_FACE ( 'NONE', ( #426, #1477 ), #2198, .F. ) ;
#1295 = DIRECTION ( 'NONE',  ( 0.000000000000000000, 0.000000000000000000, 1.000000000000000000 ) ) ;
#1296 = CARTESIAN_POINT ( 'NONE',  ( -87.61241105025642639, 72.10688920628024334, 12.00000000000000711 ) ) ;
#1297 = VECTOR ( 'NONE', #963, 1000.000000000000114 ) ;
#1298 = CIRCLE ( 'NONE', #2204, 5.000000000000004441 ) ;
#1299 = CARTESIAN_POINT ( 'NONE',  ( 88.99999999999998579, 79.99999999999998579, -1.387778780781445676E-14 ) ) ;
#1300 = CARTESIAN_POINT ( 'NONE',  ( 79.99999999999998579, 79.99999999999998579, 12.00000000000000711 ) ) ;
#1301 = ORIENTED_EDGE ( 'NONE', *, *, #1340, .T. ) ;
#1302 = AXIS2_PLACEMENT_3D ( 'NONE', #172, #2160, #536 ) ;
#1303 = DIRECTION ( 'NONE',  ( -1.000000000000000000, 0.000000000000000000, 0.000000000000000000 ) ) ;
#1304 = CIRCLE ( 'NONE', #1902, 8.999999999999994671 ) ;
#1305 = CARTESIAN_POINT ( 'NONE',  ( -80.00000000000002842, -80.00000000000000000, -1.387778780781445676E-14 ) ) ;
#1306 = CYLINDRICAL_SURFACE ( 'NONE', #1341, 5.000000000000004441 ) ;
#1307 = ORIENTED_EDGE ( 'NONE', *, *, #2274, .T. ) ;
#1308 = DIRECTION ( 'NONE',  ( 0.000000000000000000, 0.000000000000000000, 1.000000000000000000 ) ) ;
#1309 = AXIS2_PLACEMENT_3D ( 'NONE', #1428, #525, #1955 ) ;
#1310 = AXIS2_PLACEMENT_3D ( 'NONE', #1684, #2230, #417 ) ;
#1311 = EDGE_CURVE ( 'NONE', #1718, #697, #1298, .T. ) ;
#1312 = FACE_BOUND ( 'NONE', #415, .T. ) ;
#1313 = EDGE_LOOP ( 'NONE', ( #1288, #1276 ) ) ;
#1314 = CARTESIAN_POINT ( 'NONE',  ( 79.99999999999998579, 79.99999999999998579, -17.50000000000001421 ) ) ;
#1315 = ORIENTED_EDGE ( 'NONE', *, *, #286, .F. ) ;
#1316 = ADVANCED_FACE ( 'NONE', ( #252, #975 ), #1693, .T. ) ;
#1317 = CARTESIAN_POINT ( 'NONE',  ( 5.000000000000000000, 24.99999999999999289, 7.000000000000006217 ) ) ;
#1318 = ORIENTED_EDGE ( 'NONE', *, *, #370, .F. ) ;
#1319 = LINE ( 'NONE', #958, #177 ) ;
#1320 = DIRECTION ( 'NONE',  ( -1.000000000000000000, 0.000000000000000000, 0.000000000000000000 ) ) ;
#1321 = ORIENTED_EDGE ( 'NONE', *, *, #551, .F. ) ;
#1322 = CYLINDRICAL_SURFACE ( 'NONE', #568, 5.000000000000003553 ) ;
#1323 = CARTESIAN_POINT ( 'NONE',  ( -25.00000000000000000, -50.00000000000000000, -162.9999999999999716 ) ) ;
#1324 = DIRECTION ( 'NONE',  ( 0.000000000000000000, 0.000000000000000000, 1.000000000000000000 ) ) ;
#1325 = EDGE_CURVE ( 'NONE', #256, #572, #844, .T. ) ;
#1326 = CARTESIAN_POINT ( 'NONE',  ( 79.99999999999998579, 79.99999999999998579, -17.50000000000001421 ) ) ;
#1327 = VERTEX_POINT ( 'NONE', #1018 ) ;
#1328 = EDGE_CURVE ( 'NONE', #2053, #530, #2165, .T. ) ;
#1329 = AXIS2_PLACEMENT_3D ( 'NONE', #1169, #1567, #2245 ) ;
#1330 = DIRECTION ( 'NONE',  ( 0.000000000000000000, 0.000000000000000000, 1.000000000000000000 ) ) ;
#1331 = CARTESIAN_POINT ( 'NONE',  ( -87.61241105025636955, -87.89311079371975666, 7.000000000000006217 ) ) ;
#1332 = FACE_BOUND ( 'NONE', #528, .T. ) ;
#1333 = ORIENTED_EDGE ( 'NONE', *, *, #1524, .F. ) ;
#1334 = CARTESIAN_POINT ( 'NONE',  ( 10.00000000000000178, -35.00000000000000000, -173.0000000000000000 ) ) ;
#1335 = DIRECTION ( 'NONE',  ( -0.000000000000000000, -0.000000000000000000, -1.000000000000000000 ) ) ;
#1336 = CARTESIAN_POINT ( 'NONE',  ( -25.00000000000000000, -35.00000000000000000, -173.0000000000000000 ) ) ;
#1337 = LINE ( 'NONE', #1136, #849 ) ;
#1338 = VERTEX_POINT ( 'NONE', #148 ) ;
#1339 = AXIS2_PLACEMENT_3D ( 'NONE', #1653, #1450, #1965 ) ;
#1340 = EDGE_CURVE ( 'NONE', #418, #2111, #1447, .T. ) ;
#1341 = AXIS2_PLACEMENT_3D ( 'NONE', #231, #629, #2058 ) ;
#1342 = DIRECTION ( 'NONE',  ( 1.000000000000000000, 0.000000000000000000, -0.000000000000000000 ) ) ;
#1343 = AXIS2_PLACEMENT_3D ( 'NONE', #1753, #1395, #494 ) ;
#1344 = ORIENTED_EDGE ( 'NONE', *, *, #2242, .F. ) ;
#1346 = EDGE_CURVE ( 'NONE', #2173, #1518, #1235, .T. ) ;
#1345 = CARTESIAN_POINT ( 'NONE',  ( 79.99999999999998579, 79.99999999999998579, -1.387778780781445676E-14 ) ) ;
#1347 = CARTESIAN_POINT ( 'NONE',  ( 5.000000000000000000, -25.00000000000000000, 7.000000000000006217 ) ) ;
#1348 = AXIS2_PLACEMENT_3D ( 'NONE', #1964, #901, #1979 ) ;
#1349 = PLANE ( 'NONE',  #2310 ) ;
#1350 = ORIENTED_EDGE ( 'NONE', *, *, #770, .T. ) ;
#1351 = CLOSED_SHELL ( 'NONE', ( #2179, #1811, #2184, #1513 ) ) ;
#1352 = ADVANCED_FACE ( 'NONE', ( #481 ), #490, .F. ) ;
#1353 = LINE ( 'NONE', #970, #1154 ) ;
#1354 = DIRECTION ( 'NONE',  ( 0.000000000000000000, 0.000000000000000000, -1.000000000000000000 ) ) ;
#1355 = CARTESIAN_POINT ( 'NONE',  ( 0.000000000000000000, -25.00000000000000000, 7.000000000000006217 ) ) ;
#1356 = LINE ( 'NONE', #2276, #977 ) ;
#1357 = EDGE_LOOP ( 'NONE', ( #960, #780, #723, #715 ) ) ;
#1358 = DATE_TIME_ROLE ( 'classification_date' ) ;
#1359 = CARTESIAN_POINT ( 'NONE',  ( -79.92927411853834485, 84.99949975994506701, 12.00000000000000711 ) ) ;
#1360 = DIRECTION ( 'NONE',  ( 1.000000000000000000, 0.000000000000000000, 0.000000000000000000 ) ) ;
#1361 = DIRECTION ( 'NONE',  ( 0.000000000000000000, 0.000000000000000000, -1.000000000000000000 ) ) ;
#1362 = ADVANCED_FACE ( 'NONE', ( #1050 ), #890, .F. ) ;
#1363 = MANIFOLD_SOLID_BREP ( 'Coulisse_petitt-4-solid1', #1047 ) ;
#1364 = CARTESIAN_POINT ( 'NONE',  ( 10.00000000000000178, 35.00000000000000000, -162.9999999999999716 ) ) ;
#1365 = CARTESIAN_POINT ( 'NONE',  ( -87.49924963991773552, 80.10608882219246141, 12.00000000000000711 ) ) ;
#1366 = DIRECTION ( 'NONE',  ( -1.000000000000000000, 0.000000000000000000, 0.000000000000000000 ) ) ;
#1367 = ORIENTED_EDGE ( 'NONE', *, *, #560, .F. ) ;
#1368 = APPROVAL_ROLE ( '' ) ;
#1369 = AXIS2_PLACEMENT_3D ( 'NONE', #2028, #940, #1828 ) ;
#1370 = AXIS2_PLACEMENT_3D ( 'NONE', #1941, #667, #301 ) ;
#1371 = CARTESIAN_POINT ( 'NONE',  ( -72.50075036008227869, -80.10608882219258930, 7.000000000000006217 ) ) ;
#1372 = VECTOR ( 'NONE', #1283, 1000.000000000000000 ) ;
#1373 = VERTEX_POINT ( 'NONE', #2278 ) ;
#1374 = CARTESIAN_POINT ( 'NONE',  ( 84.99999999999998579, -80.00000000000000000, -1.387778780781445676E-14 ) ) ;
#1375 = LOCAL_TIME ( 14, 37, 0.000000000000000000, #2066 ) ;
#1376 = CARTESIAN_POINT ( 'NONE',  ( -80.00000000000002842, 79.99999999999992895, 12.00000000000000711 ) ) ;
#1377 = VERTEX_POINT ( 'NONE', #1573 ) ;
#1378 = ADVANCED_FACE ( 'NONE', ( #1029 ), #2116, .F. ) ;
#1379 = DIRECTION ( 'NONE',  ( 0.000000000000000000, 0.000000000000000000, 1.000000000000000000 ) ) ;
#1380 = DIRECTION ( 'NONE',  ( 1.000000000000000000, 0.000000000000000000, -0.000000000000000000 ) ) ;
#1381 = EDGE_LOOP ( 'NONE', ( #1814, #156 ) ) ;
#1382 = VERTEX_POINT ( 'NONE', #500 ) ;
#1383 = AXIS2_PLACEMENT_3D ( 'NONE', #247, #1861, #1500 ) ;
#1384 = CIRCLE ( 'NONE', #2181, 5.000000000000003553 ) ;
#1385 = DIRECTION ( 'NONE',  ( 0.01414517629233675265, 0.9998999519890271470, 0.000000000000000000 ) ) ;
#1386 = MANIFOLD_SOLID_BREP ( 'colone_fine-2-solid1', #2064 ) ;
#1387 = ORIENTED_EDGE ( 'NONE', *, *, #214, .F. ) ;
#1388 = DIRECTION ( 'NONE',  ( 0.000000000000000000, 0.000000000000000000, 1.000000000000000000 ) ) ;
#1389 = PLANE ( 'NONE',  #1112 ) ;
#1390 = DIRECTION ( 'NONE',  ( 1.000000000000000000, 0.000000000000000000, -0.000000000000000000 ) ) ;
#1391 = DIRECTION ( 'NONE',  ( -0.000000000000000000, -0.000000000000000000, -1.000000000000000000 ) ) ;
#1392 = EDGE_LOOP ( 'NONE', ( #2046, #1782, #870, #1586 ) ) ;
#1393 = ADVANCED_FACE ( 'NONE', ( #327, #692 ), #879, .T. ) ;
#1394 = EDGE_CURVE ( 'NONE', #1149, #2018, #1071, .T. ) ;
#1395 = DIRECTION ( 'NONE',  ( 0.000000000000000000, 0.000000000000000000, 1.000000000000000000 ) ) ;
#1396 = MANIFOLD_SOLID_BREP ( 'maintien-3-solid1', #1506 ) ;
#1397 = VERTEX_POINT ( 'NONE', #2308 ) ;
#1398 = DIRECTION ( 'NONE',  ( -0.000000000000000000, -0.000000000000000000, -1.000000000000000000 ) ) ;
#1399 = CYLINDRICAL_SURFACE ( 'NONE', #1791, 5.000000000000000888 ) ;
#1400 = ORIENTED_EDGE ( 'NONE', *, *, #1925, .F. ) ;
#1401 = CIRCLE ( 'NONE', #1670, 5.000000000000004441 ) ;
#1402 = DIRECTION ( 'NONE',  ( 0.000000000000000000, 0.000000000000000000, 1.000000000000000000 ) ) ;
#1403 = VECTOR ( 'NONE', #1398, 1000.000000000000000 ) ;
#1404 = CARTESIAN_POINT ( 'NONE',  ( 79.99999999999998579, -80.00000000000000000, -1.387778780781445676E-14 ) ) ;
#1405 = ORIENTED_EDGE ( 'NONE', *, *, #2109, .F. ) ;
#1406 = EDGE_CURVE ( 'NONE', #189, #899, #671, .T. ) ;
#1407 = EDGE_CURVE ( 'NONE', #1075, #1728, #1410, .T. ) ;
#1408 = CARTESIAN_POINT ( 'NONE',  ( 79.99999999999998579, 79.99999999999998579, -1.387778780781445676E-14 ) ) ;
#1409 = EDGE_LOOP ( 'NONE', ( #1871, #558, #1128, #1020 ) ) ;
#1410 = CIRCLE ( 'NONE', #14, 8.999999999999994671 ) ;
#1411 = CARTESIAN_POINT ( 'NONE',  ( -80.00000000000002842, 79.99999999999992895, 2.000000000000006217 ) ) ;
#1412 = LINE ( 'NONE', #1268, #1403 ) ;
#1413 = DIRECTION ( 'NONE',  ( 0.000000000000000000, 0.000000000000000000, 1.000000000000000000 ) ) ;
#1414 = CIRCLE ( 'NONE', #1717, 5.000000000000003553 ) ;
#1415 = ORIENTED_EDGE ( 'NONE', *, *, #1516, .T. ) ;
#1416 = AXIS2_PLACEMENT_3D ( 'NONE', #485, #663, #1385 ) ;
#1417 = DIRECTION ( 'NONE',  ( -0.000000000000000000, -0.000000000000000000, -1.000000000000000000 ) ) ;
#1418 = DIRECTION ( 'NONE',  ( -0.01414517629233675265, -0.9998999519890271470, 0.000000000000000000 ) ) ;
#1419 = ORIENTED_EDGE ( 'NONE', *, *, #792, .T. ) ;
#1420 = ADVANCED_FACE ( 'NONE', ( #1913, #294 ), #2096, .F. ) ;
#1421 = AXIS2_PLACEMENT_3D ( 'NONE', #1048, #1448, #1222 ) ;
#1422 = ADVANCED_FACE ( 'NONE', ( #139 ), #2289, .T. ) ;
#1423 = MANIFOLD_SOLID_BREP ( 'maintien-2-solid1', #141 ) ;
#1424 = DIRECTION ( 'NONE',  ( 0.000000000000000000, 0.000000000000000000, 1.000000000000000000 ) ) ;
#1425 = FACE_OUTER_BOUND ( 'NONE', #2084, .T. ) ;
#1426 = FACE_BOUND ( 'NONE', #915, .T. ) ;
#1427 = VECTOR ( 'NONE', #1843, 1000.000000000000000 ) ;
#1428 = CARTESIAN_POINT ( 'NONE',  ( 79.99999999999998579, -80.00000000000000000, -1.387778780781445676E-14 ) ) ;
#1429 = DIRECTION ( 'NONE',  ( 0.000000000000000000, 1.000000000000000000, 0.000000000000000000 ) ) ;
#1430 = ORIENTED_EDGE ( 'NONE', *, *, #707, .T. ) ;
#1431 = CARTESIAN_POINT ( 'NONE',  ( -7.500000000000000000, 0.000000000000000000, -162.9999999999999716 ) ) ;
#1432 = APPLICATION_CONTEXT ( 'configuration controlled 3d designs of mechanical parts and assemblies' ) ;
#1433 = CARTESIAN_POINT ( 'NONE',  ( -79.92927411853834485, 84.99949975994506701, 7.000000000000006217 ) ) ;
#1434 = EDGE_LOOP ( 'NONE', ( #159, #903 ) ) ;
#1435 = ORIENTED_EDGE ( 'NONE', *, *, #336, .T. ) ;
#1436 = DIRECTION ( 'NONE',  ( 0.000000000000000000, 0.000000000000000000, 1.000000000000000000 ) ) ;
#1437 = EDGE_CURVE ( 'NONE', #1959, #746, #393, .T. ) ;
#1438 = DIRECTION ( 'NONE',  ( 0.000000000000000000, 0.000000000000000000, 1.000000000000000000 ) ) ;
#1439 = VERTEX_POINT ( 'NONE', #2004 ) ;
#1440 = ORIENTED_EDGE ( 'NONE', *, *, #309, .F. ) ;
#1441 = DIRECTION ( 'NONE',  ( 0.000000000000000000, 0.000000000000000000, -1.000000000000000000 ) ) ;
#1442 = DIRECTION ( 'NONE',  ( -0.01414517629233665898, -0.9998999519890270360, 0.000000000000000000 ) ) ;
#1443 = ORIENTED_EDGE ( 'NONE', *, *, #956, .F. ) ;
#1444 = DIRECTION ( 'NONE',  ( 0.000000000000000000, 0.000000000000000000, -1.000000000000000000 ) ) ;
#1445 = DIRECTION ( 'NONE',  ( -1.000000000000000000, 0.000000000000000000, 0.000000000000000000 ) ) ;
#1446 = EDGE_LOOP ( 'NONE', ( #1457, #1070, #1583, #179 ) ) ;
#1447 = CIRCLE ( 'NONE', #2080, 8.000000000000005329 ) ;
#1448 = DIRECTION ( 'NONE',  ( 0.000000000000000000, 0.000000000000000000, 1.000000000000000000 ) ) ;
#1449 = VECTOR ( 'NONE', #737, 1000.000000000000000 ) ;
#1450 = DIRECTION ( 'NONE',  ( 0.000000000000000000, 0.000000000000000000, 1.000000000000000000 ) ) ;
#1451 = ORIENTED_EDGE ( 'NONE', *, *, #1849, .T. ) ;
#1452 = ORIENTED_EDGE ( 'NONE', *, *, #1745, .F. ) ;
#1453 = EDGE_CURVE ( 'NONE', #284, #1439, #1086, .T. ) ;
#1454 = PRODUCT_DEFINITION_FORMATION_WITH_SPECIFIED_SOURCE ( 'ANY', '', #2294, .NOT_KNOWN. ) ;
#1455 = ORIENTED_EDGE ( 'NONE', *, *, #286, .T. ) ;
#1456 = CARTESIAN_POINT ( 'NONE',  ( 80.07072588146168357, -75.00050024005486193, 7.000000000000006217 ) ) ;
#1457 = ORIENTED_EDGE ( 'NONE', *, *, #1999, .T. ) ;
#1458 = EDGE_LOOP ( 'NONE', ( #44, #1837, #591, #1215 ) ) ;
#1459 = AXIS2_PLACEMENT_3D ( 'NONE', #410, #1876, #1485 ) ;
#1460 = LINE ( 'NONE', #2183, #1786 ) ;
#1461 = CARTESIAN_POINT ( 'NONE',  ( 0.000000000000000000, 24.99999999999999289, -173.0000000000000000 ) ) ;
#1462 = CIRCLE ( 'NONE', #61, 15.00000000000000000 ) ;
#1463 = CARTESIAN_POINT ( 'NONE',  ( 87.49924963991769289, 79.89391117780746754, 12.00000000000000711 ) ) ;
#1464 = CARTESIAN_POINT ( 'NONE',  ( -5.000000000000000000, -25.00000000000000000, -173.0000000000000000 ) ) ;
#1465 = ORIENTED_EDGE ( 'NONE', *, *, #900, .F. ) ;
#1466 = ADVANCED_FACE ( 'NONE', ( #937 ), #1286, .F. ) ;
#1467 = ORIENTED_EDGE ( 'NONE', *, *, #1646, .F. ) ;
#1468 = DIRECTION ( 'NONE',  ( 1.000000000000000000, 0.000000000000000000, 0.000000000000000000 ) ) ;
#1469 = ADVANCED_FACE ( 'NONE', ( #1839 ), #1818, .F. ) ;
#1470 = ORIENTED_EDGE ( 'NONE', *, *, #471, .F. ) ;
#1471 = ORIENTED_EDGE ( 'NONE', *, *, #2010, .T. ) ;
#1472 = FACE_OUTER_BOUND ( 'NONE', #1458, .T. ) ;
#1473 = DIRECTION ( 'NONE',  ( -0.000000000000000000, -0.000000000000000000, -1.000000000000000000 ) ) ;
#1474 = ORIENTED_EDGE ( 'NONE', *, *, #194, .F. ) ;
#1475 = LINE ( 'NONE', #764, #2255 ) ;
#1476 = DIRECTION ( 'NONE',  ( -1.000000000000000000, -0.000000000000000000, -0.000000000000000000 ) ) ;
#1477 = FACE_BOUND ( 'NONE', #253, .T. ) ;
#1478 = DIRECTION ( 'NONE',  ( 0.01414517629233675265, 0.9998999519890271470, 0.000000000000000000 ) ) ;
#1479 = VERTEX_POINT ( 'NONE', #377 ) ;
#1480 = AXIS2_PLACEMENT_3D ( 'NONE', #1597, #865, #509 ) ;
#1481 = CALENDAR_DATE ( 2020, 29, 11 ) ;
#1482 = ADVANCED_FACE ( 'NONE', ( #725 ), #1259, .F. ) ;
#1483 = CARTESIAN_POINT ( 'NONE',  ( -87.38608822957898781, -71.89471156189530632, 12.00000000000000711 ) ) ;
#1484 = CARTESIAN_POINT ( 'NONE',  ( -80.00000000000002842, 79.99999999999998579, -17.50000000000001421 ) ) ;
#1485 = DIRECTION ( 'NONE',  ( -0.01414517629233779175, -0.9998999519890270360, 0.000000000000000000 ) ) ;
#1486 = DIRECTION ( 'NONE',  ( 1.000000000000000000, 0.000000000000000000, 0.000000000000000000 ) ) ;
#1487 = CIRCLE ( 'NONE', #16, 8.000000000000005329 ) ;
#1488 = CARTESIAN_POINT ( 'NONE',  ( 79.99999999999998579, -80.00000000000000000, 7.000000000000006217 ) ) ;
#1489 = LINE ( 'NONE', #1126, #1427 ) ;
#1490 = EDGE_CURVE ( 'NONE', #1885, #2108, #1123, .T. ) ;
#1491 = ORIENTED_EDGE ( 'NONE', *, *, #1731, .F. ) ;
#1492 = VECTOR ( 'NONE', #1836, 1000.000000000000000 ) ;
#1493 = APPROVAL_PERSON_ORGANIZATION ( #239, #980, #559 ) ;
#1494 = CARTESIAN_POINT ( 'NONE',  ( -89.00000000000002842, 79.99999999999998579, -1.387778780781445676E-14 ) ) ;
#1495 = EDGE_LOOP ( 'NONE', ( #2190, #1387, #995, #1627 ) ) ;
#1496 = DIRECTION ( 'NONE',  ( -1.000000000000000000, 0.000000000000000000, 0.000000000000000000 ) ) ;
#1497 = FACE_OUTER_BOUND ( 'NONE', #857, .T. ) ;
#1498 = EDGE_CURVE ( 'NONE', #1327, #1885, #389, .T. ) ;
#1499 = VERTEX_POINT ( 'NONE', #902 ) ;
#1500 = DIRECTION ( 'NONE',  ( 1.000000000000000000, 0.000000000000000000, 0.000000000000000000 ) ) ;
#1501 = AXIS2_PLACEMENT_3D ( 'NONE', #498, #713, #1072 ) ;
#1502 = CARTESIAN_POINT ( 'NONE',  ( 79.99999999999998579, 79.99999999999998579, 7.000000000000006217 ) ) ;
#1503 = DIRECTION ( 'NONE',  ( -1.000000000000000000, 0.000000000000000000, -0.000000000000000000 ) ) ;
#1504 = ORIENTED_EDGE ( 'NONE', *, *, #429, .F. ) ;
#1505 = DIRECTION ( 'NONE',  ( 0.000000000000000000, 1.000000000000000000, 0.000000000000000000 ) ) ;
#1506 = CLOSED_SHELL ( 'NONE', ( #1568, #984, #1245, #682, #1807, #643, #454, #581 ) ) ;
#1507 = ORIENTED_EDGE ( 'NONE', *, *, #1894, .T. ) ;
#1508 = DIRECTION ( 'NONE',  ( 0.000000000000000000, 0.000000000000000000, 1.000000000000000000 ) ) ;
#1509 = FACE_OUTER_BOUND ( 'NONE', #1079, .T. ) ;
#1510 = EDGE_LOOP ( 'NONE', ( #435, #1803, #2128, #9 ) ) ;
#1511 = CIRCLE ( 'NONE', #1052, 8.000000000000005329 ) ;
#1512 = FACE_OUTER_BOUND ( 'NONE', #1645, .T. ) ;
#1513 = ADVANCED_FACE ( 'NONE', ( #1626 ), #1107, .F. ) ;
#1514 = DIRECTION ( 'NONE',  ( 0.000000000000000000, 0.000000000000000000, -1.000000000000000000 ) ) ;
#1515 = PLANE ( 'NONE',  #1013 ) ;
#1516 = EDGE_CURVE ( 'NONE', #2098, #2111, #1826, .T. ) ;
#1517 = LINE ( 'NONE', #1125, #1297 ) ;
#1518 = VERTEX_POINT ( 'NONE', #1464 ) ;
#1519 = VECTOR ( 'NONE', #1055, 1000.000000000000000 ) ;
#1520 = CARTESIAN_POINT ( 'NONE',  ( 87.38608822957900202, -88.10528843810475053, 12.00000000000000711 ) ) ;
#1521 = ORIENTED_EDGE ( 'NONE', *, *, #2326, .F. ) ;
#1522 = CYLINDRICAL_SURFACE ( 'NONE', #918, 8.000000000000005329 ) ;
#1523 = DIRECTION ( 'NONE',  ( -1.000000000000000000, 0.000000000000000000, 0.000000000000000000 ) ) ;
#1524 = EDGE_CURVE ( 'NONE', #113, #932, #765, .T. ) ;
#1525 = CARTESIAN_POINT ( 'NONE',  ( -80.00000000000002842, 79.99999999999992895, 2.000000000000006217 ) ) ;
#1526 = EDGE_LOOP ( 'NONE', ( #1471, #712, #2302, #174 ) ) ;
#1527 = ADVANCED_FACE ( 'NONE', ( #2333 ), #224, .F. ) ;
#1528 = CIRCLE ( 'NONE', #2277, 5.000000000000003553 ) ;
#1529 = VECTOR ( 'NONE', #2014, 1000.000000000000000 ) ;
#1530 = AXIS2_PLACEMENT_3D ( 'NONE', #604, #451, #109 ) ;
#1531 = PLANE ( 'NONE',  #819 ) ;
#1532 = ORIENTED_EDGE ( 'NONE', *, *, #2100, .T. ) ;
#1533 = CARTESIAN_POINT ( 'NONE',  ( 10.00000000000000178, 50.00000000000000000, -162.9999999999999716 ) ) ;
#1534 = DIRECTION ( 'NONE',  ( 0.000000000000000000, 0.000000000000000000, -1.000000000000000000 ) ) ;
#1535 = AXIS2_PLACEMENT_3D ( 'NONE', #1922, #2296, #124 ) ;
#1536 = DIRECTION ( 'NONE',  ( -0.000000000000000000, -0.000000000000000000, 1.000000000000000000 ) ) ;
#1537 = VERTEX_POINT ( 'NONE', #2197 ) ;
#1538 = VECTOR ( 'NONE', #1508, 1000.000000000000000 ) ;
#1539 = EDGE_CURVE ( 'NONE', #1992, #1628, #578, .T. ) ;
#1540 = DIRECTION ( 'NONE',  ( 1.000000000000000000, 0.000000000000000000, 0.000000000000000000 ) ) ;
#1541 = ORIENTED_EDGE ( 'NONE', *, *, #1394, .T. ) ;
#1542 = DIRECTION ( 'NONE',  ( 1.000000000000000000, 0.000000000000000000, 0.000000000000000000 ) ) ;
#1543 = CARTESIAN_POINT ( 'NONE',  ( -87.61241105025642639, 72.10688920628024334, 12.00000000000000711 ) ) ;
#1544 = DIRECTION ( 'NONE',  ( 1.000000000000000000, 0.000000000000000000, 0.000000000000000000 ) ) ;
#1545 = VECTOR ( 'NONE', #1735, 1000.000000000000000 ) ;
#1546 = CYLINDRICAL_SURFACE ( 'NONE', #2101, 15.00000000000000000 ) ;
#1547 = ORIENTED_EDGE ( 'NONE', *, *, #877, .T. ) ;
#1548 = ORIENTED_EDGE ( 'NONE', *, *, #69, .F. ) ;
#1549 = PERSON_AND_ORGANIZATION ( #1968, #1978 ) ;
#1550 = DIRECTION ( 'NONE',  ( 0.000000000000000000, 0.000000000000000000, 1.000000000000000000 ) ) ;
#1551 = EDGE_CURVE ( 'NONE', #2235, #882, #91, .T. ) ;
#1552 = EDGE_LOOP ( 'NONE', ( #1796, #1761, #2164, #555 ) ) ;
#1553 = CARTESIAN_POINT ( 'NONE',  ( 71.00000000000000000, -80.00000000000000000, -1.387778780781445676E-14 ) ) ;
#1554 = DIRECTION ( 'NONE',  ( 1.000000000000000000, 0.000000000000000000, 0.000000000000000000 ) ) ;
#1555 = ORIENTED_EDGE ( 'NONE', *, *, #1687, .F. ) ;
#1556 = CARTESIAN_POINT ( 'NONE',  ( 25.00000000000000000, 35.00000000000000000, -162.9999999999999716 ) ) ;
#1557 = CARTESIAN_POINT ( 'NONE',  ( 79.92927411853830222, -84.99949975994513807, 2.000000000000006217 ) ) ;
#1558 = ORIENTED_EDGE ( 'NONE', *, *, #1894, .F. ) ;
#1559 = ORIENTED_EDGE ( 'NONE', *, *, #1182, .T. ) ;
#1560 = EDGE_CURVE ( 'NONE', #1773, #1479, #714, .T. ) ;
#1561 = VECTOR ( 'NONE', #1788, 1000.000000000000114 ) ;
#1562 = ORIENTED_EDGE ( 'NONE', *, *, #853, .T. ) ;
#1563 = AXIS2_PLACEMENT_3D ( 'NONE', #433, #1674, #1812 ) ;
#1564 = AXIS2_PLACEMENT_3D ( 'NONE', #2175, #1429, #554 ) ;
#1565 = CARTESIAN_POINT ( 'NONE',  ( 71.00000000000000000, -80.00000000000000000, -1.387778780781445676E-14 ) ) ;
#1566 = ORIENTED_EDGE ( 'NONE', *, *, #1916, .T. ) ;
#1567 = DIRECTION ( 'NONE',  ( 0.000000000000000000, 0.000000000000000000, -1.000000000000000000 ) ) ;
#1568 = ADVANCED_FACE ( 'NONE', ( #527 ), #1247, .F. ) ;
#1569 = CIRCLE ( 'NONE', #1343, 8.999999999999994671 ) ;
#1570 = DIRECTION ( 'NONE',  ( -0.01414517629233675265, -0.9998999519890271470, 0.000000000000000000 ) ) ;
#1571 = DIRECTION ( 'NONE',  ( 0.9998999519890270360, -0.01414517629233642826, 0.000000000000000000 ) ) ;
#1572 = EDGE_CURVE ( 'NONE', #1377, #10, #205, .T. ) ;
#1573 = CARTESIAN_POINT ( 'NONE',  ( -80.07072588146166936, -84.99949975994519491, 12.00000000000000711 ) ) ;
#1574 = VERTEX_POINT ( 'NONE', #1274 ) ;
#1575 = AXIS2_PLACEMENT_3D ( 'NONE', #2196, #1838, #788 ) ;
#1576 = VECTOR ( 'NONE', #994, 1000.000000000000000 ) ;
#1577 = FACE_OUTER_BOUND ( 'NONE', #2166, .T. ) ;
#1578 = ORIENTED_EDGE ( 'NONE', *, *, #967, .T. ) ;
#1579 = DIRECTION ( 'NONE',  ( -1.000000000000000000, 0.000000000000000000, 0.000000000000000000 ) ) ;
#1580 = DIRECTION ( 'NONE',  ( 1.000000000000000000, 0.000000000000000000, 0.000000000000000000 ) ) ;
#1581 = DIRECTION ( 'NONE',  ( -0.000000000000000000, -0.000000000000000000, 1.000000000000000000 ) ) ;
#1582 = DIRECTION ( 'NONE',  ( 0.000000000000000000, 0.000000000000000000, 1.000000000000000000 ) ) ;
#1583 = ORIENTED_EDGE ( 'NONE', *, *, #1969, .F. ) ;
#1584 = EDGE_CURVE ( 'NONE', #2173, #1264, #1183, .T. ) ;
#1585 = CARTESIAN_POINT ( 'NONE',  ( 79.99999999999998579, 79.99999999999998579, 12.00000000000000711 ) ) ;
#1586 = ORIENTED_EDGE ( 'NONE', *, *, #2207, .T. ) ;
#1587 = DIRECTION ( 'NONE',  ( -0.000000000000000000, -0.000000000000000000, -1.000000000000000000 ) ) ;
#1588 = DIRECTION ( 'NONE',  ( -1.000000000000000000, 0.000000000000000000, 0.000000000000000000 ) ) ;
#1589 = CARTESIAN_POINT ( 'NONE',  ( -72.50075036008232132, 79.89391117780741070, 12.00000000000000711 ) ) ;
#1590 = DIRECTION ( 'NONE',  ( 0.000000000000000000, 0.000000000000000000, 1.000000000000000000 ) ) ;
#1591 = ORIENTED_EDGE ( 'NONE', *, *, #1790, .T. ) ;
#1592 = ADVANCED_FACE ( 'NONE', ( #1170 ), #649, .F. ) ;
#1593 = VECTOR ( 'NONE', #1505, 1000.000000000000000 ) ;
#1594 = ORIENTED_EDGE ( 'NONE', *, *, #2232, .F. ) ;
#1595 = AXIS2_PLACEMENT_3D ( 'NONE', #1908, #2295, #112 ) ;
#1596 = DIRECTION ( 'NONE',  ( -0.000000000000000000, -0.000000000000000000, -1.000000000000000000 ) ) ;
#1597 = CARTESIAN_POINT ( 'NONE',  ( 79.99999999999998579, 79.99999999999998579, -1.387778780781445676E-14 ) ) ;
#1598 = AXIS2_PLACEMENT_3D ( 'NONE', #1483, #772, #2233 ) ;
#1599 = LINE ( 'NONE', #259, #2172 ) ;
#1600 = AXIS2_PLACEMENT_3D ( 'NONE', #1543, #1736, #101 ) ;
#1601 = ORIENTED_EDGE ( 'NONE', *, *, #273, .F. ) ;
#1602 = CIRCLE ( 'NONE', #854, 5.000000000000000000 ) ;
#1603 = LINE ( 'NONE', #912, #938 ) ;
#1604 = ADVANCED_FACE ( 'NONE', ( #983, #1312 ), #235, .T. ) ;
#1605 = CARTESIAN_POINT ( 'NONE',  ( -87.38608822957903044, 88.10528843810467947, 12.00000000000000711 ) ) ;
#1606 = LOCAL_TIME ( 14, 37, 0.000000000000000000, #1139 ) ;
#1607 = DIRECTION ( 'NONE',  ( -0.01414517629233675265, -0.9998999519890271470, 0.000000000000000000 ) ) ;
#1608 = VECTOR ( 'NONE', #196, 1000.000000000000000 ) ;
#1609 = AXIS2_PLACEMENT_3D ( 'NONE', #162, #352, #1607 ) ;
#1610 = ORIENTED_EDGE ( 'NONE', *, *, #684, .F. ) ;
#1611 = ADVANCED_FACE ( 'NONE', ( #2025 ), #448, .T. ) ;
#1612 = DIRECTION ( 'NONE',  ( -0.000000000000000000, -0.000000000000000000, -1.000000000000000000 ) ) ;
#1613 = DIRECTION ( 'NONE',  ( -0.01414517629233675265, -0.9998999519890271470, 0.000000000000000000 ) ) ;
#1614 = VERTEX_POINT ( 'NONE', #1705 ) ;
#1615 = CARTESIAN_POINT ( 'NONE',  ( 0.000000000000000000, 0.000000000000000000, -173.0000000000000000 ) ) ;
#1616 = DIRECTION ( 'NONE',  ( 0.000000000000000000, 0.000000000000000000, -1.000000000000000000 ) ) ;
#1617 = ORIENTED_EDGE ( 'NONE', *, *, #309, .T. ) ;
#1618 = DATE_TIME_ROLE ( 'creation_date' ) ;
#1619 = ORIENTED_EDGE ( 'NONE', *, *, #324, .F. ) ;
#1620 = AXIS2_PLACEMENT_3D ( 'NONE', #829, #1388, #1360 ) ;
#1621 = CARTESIAN_POINT ( 'NONE',  ( 72.61391177042098377, 88.10528843810473631, 12.00000000000000711 ) ) ;
#1622 = CARTESIAN_POINT ( 'NONE',  ( 0.000000000000000000, 24.99999999999999289, -173.0000000000000000 ) ) ;
#1623 = EDGE_CURVE ( 'NONE', #203, #932, #2168, .T. ) ;
#1624 = ORIENTED_EDGE ( 'NONE', *, *, #900, .T. ) ;
#1625 = DIRECTION ( 'NONE',  ( -1.000000000000000000, 0.000000000000000000, 0.000000000000000000 ) ) ;
#1626 = FACE_OUTER_BOUND ( 'NONE', #1977, .T. ) ;
#1627 = ORIENTED_EDGE ( 'NONE', *, *, #353, .T. ) ;
#1628 = VERTEX_POINT ( 'NONE', #1862 ) ;
#1629 = EDGE_LOOP ( 'NONE', ( #2150, #2089, #229, #2099 ) ) ;
#1630 =( NAMED_UNIT ( * ) SI_UNIT ( $, .STERADIAN. ) SOLID_ANGLE_UNIT ( ) );
#1631 = ORIENTED_EDGE ( 'NONE', *, *, #1155, .T. ) ;
#1632 = ORIENTED_EDGE ( 'NONE', *, *, #614, .F. ) ;
#1633 = CARTESIAN_POINT ( 'NONE',  ( 79.99999999999998579, 79.99999999999998579, 7.000000000000006217 ) ) ;
#1634 = CARTESIAN_POINT ( 'NONE',  ( -80.00000000000002842, 79.99999999999992895, 12.00000000000000711 ) ) ;
#1635 = AXIS2_PLACEMENT_3D ( 'NONE', #1201, #126, #856 ) ;
#1636 = APPROVAL ( #1985, 'UNSPECIFIED' ) ;
#1637 = DIRECTION ( 'NONE',  ( -0.01414517629233675265, -0.9998999519890271470, 0.000000000000000000 ) ) ;
#1638 = VECTOR ( 'NONE', #1476, 1000.000000000000000 ) ;
#1639 = DIRECTION ( 'NONE',  ( -0.01414517629233642999, -0.9998999519890271470, 0.000000000000000000 ) ) ;
#1640 = ORIENTED_EDGE ( 'NONE', *, *, #413, .F. ) ;
#1641 = CIRCLE ( 'NONE', #129, 8.999999999999994671 ) ;
#1642 = EDGE_CURVE ( 'NONE', #1053, #1327, #453, .T. ) ;
#1643 = ORIENTED_EDGE ( 'NONE', *, *, #609, .F. ) ;
#1644 = CARTESIAN_POINT ( 'NONE',  ( -72.38758894974363045, 87.89311079371962876, 12.00000000000000711 ) ) ;
#1645 = EDGE_LOOP ( 'NONE', ( #25, #942, #617, #1701 ) ) ;
#1646 = EDGE_CURVE ( 'NONE', #564, #1833, #439, .T. ) ;
#1647 = VERTEX_POINT ( 'NONE', #1712 ) ;
#1648 = AXIS2_PLACEMENT_3D ( 'NONE', #724, #1436, #535 ) ;
#1649 = CARTESIAN_POINT ( 'NONE',  ( -87.61241105025642639, 72.10688920628024334, 7.000000000000006217 ) ) ;
#1650 = DIRECTION ( 'NONE',  ( 1.000000000000000000, 0.000000000000000000, 0.000000000000000000 ) ) ;
#1651 = VECTOR ( 'NONE', #795, 1000.000000000000000 ) ;
#1652 = CYLINDRICAL_SURFACE ( 'NONE', #188, 8.000000000000005329 ) ;
#1653 = CARTESIAN_POINT ( 'NONE',  ( 79.99999999999998579, -80.00000000000000000, 2.000000000000006217 ) ) ;
#1654 = CIRCLE ( 'NONE', #646, 5.000000000000004441 ) ;
#1655 = DIRECTION ( 'NONE',  ( -1.000000000000000000, 0.000000000000000000, 0.000000000000000000 ) ) ;
#1656 = ORIENTED_EDGE ( 'NONE', *, *, #1841, .F. ) ;
#1657 = ADVANCED_FACE ( 'NONE', ( #2070 ), #789, .T. ) ;
#1658 = PERSON_AND_ORGANIZATION ( #1968, #1978 ) ;
#1659 = VERTEX_POINT ( 'NONE', #249 ) ;
#1660 = ORIENTED_EDGE ( 'NONE', *, *, #2254, .F. ) ;
#1661 = DIRECTION ( 'NONE',  ( 0.9998999519890270360, -0.01414517629233642826, 0.000000000000000000 ) ) ;
#1662 = CIRCLE ( 'NONE', #74, 15.00000000000000000 ) ;
#1663 = CARTESIAN_POINT ( 'NONE',  ( -85.00000000000002842, 79.99999999999998579, -17.50000000000001421 ) ) ;
#1664 = EDGE_CURVE ( 'NONE', #548, #1518, #502, .T. ) ;
#1665 = DIRECTION ( 'NONE',  ( -0.01414517629233665898, -0.9998999519890270360, 0.000000000000000000 ) ) ;
#1666 = CARTESIAN_POINT ( 'NONE',  ( 10.00000000000000178, 35.00000000000000000, -162.9999999999999716 ) ) ;
#1667 = DIRECTION ( 'NONE',  ( 0.000000000000000000, 0.000000000000000000, 1.000000000000000000 ) ) ;
#1668 = LINE ( 'NONE', #580, #828 ) ;
#1669 = ORIENTED_EDGE ( 'NONE', *, *, #1498, .T. ) ;
#1670 = AXIS2_PLACEMENT_3D ( 'NONE', #549, #1777, #1974 ) ;
#1671 = PERSON_AND_ORGANIZATION ( #1968, #1978 ) ;
#1672 = EDGE_CURVE ( 'NONE', #573, #379, #1752, .T. ) ;
#1673 = ORIENTED_EDGE ( 'NONE', *, *, #411, .F. ) ;
#1674 = DIRECTION ( 'NONE',  ( -0.000000000000000000, -0.000000000000000000, -1.000000000000000000 ) ) ;
#1675 = LINE ( 'NONE', #420, #465 ) ;
#1676 = EDGE_LOOP ( 'NONE', ( #1440, #2202, #1867, #121 ) ) ;
#1677 = DIRECTION ( 'NONE',  ( 1.000000000000000000, 0.000000000000000000, 0.000000000000000000 ) ) ;
#1678 = DIRECTION ( 'NONE',  ( 0.000000000000000000, 0.000000000000000000, -1.000000000000000000 ) ) ;
#1679 = AXIS2_PLACEMENT_3D ( 'NONE', #681, #1391, #2107 ) ;
#1680 = CIRCLE ( 'NONE', #281, 8.999999999999994671 ) ;
#1681 = LINE ( 'NONE', #401, #887 ) ;
#1682 = ORIENTED_EDGE ( 'NONE', *, *, #1032, .F. ) ;
#1683 = AXIS2_PLACEMENT_3D ( 'NONE', #1293, #168, #1613 ) ;
#1684 = CARTESIAN_POINT ( 'NONE',  ( 79.99999999999998579, -80.00000000000000000, 7.000000000000006217 ) ) ;
#1685 = DIRECTION ( 'NONE',  ( 0.01414517629233642999, 0.9998999519890271470, 0.000000000000000000 ) ) ;
#1686 = CARTESIAN_POINT ( 'NONE',  ( 87.38608822957900202, -88.10528843810475053, 7.000000000000006217 ) ) ;
#1687 = EDGE_CURVE ( 'NONE', #1647, #1098, #1000, .T. ) ;
#1688 = EDGE_LOOP ( 'NONE', ( #1400, #1984, #693, #372 ) ) ;
#1689 = CARTESIAN_POINT ( 'NONE',  ( -85.00000000000002842, 79.99999999999998579, -1.387778780781445676E-14 ) ) ;
#1690 = AXIS2_PLACEMENT_3D ( 'NONE', #508, #1767, #520 ) ;
#1691 = CYLINDRICAL_SURFACE ( 'NONE', #743, 15.00000000000000000 ) ;
#1692 = FACE_BOUND ( 'NONE', #37, .T. ) ;
#1693 = PLANE ( 'NONE',  #1823 ) ;
#1694 = ORIENTED_EDGE ( 'NONE', *, *, #1105, .F. ) ;
#1695 = PERSON_AND_ORGANIZATION_ROLE ( 'classification_officer' ) ;
#1696 = CARTESIAN_POINT ( 'NONE',  ( 5.000000000000000888, 25.00000000000000000, -162.9999999999999716 ) ) ;
#1697 = EDGE_LOOP ( 'NONE', ( #2161, #570, #1344, #1318 ) ) ;
#1698 = FACE_OUTER_BOUND ( 'NONE', #1172, .T. ) ;
#1699 = DIRECTION ( 'NONE',  ( 0.000000000000000000, 0.000000000000000000, 1.000000000000000000 ) ) ;
#1700 = ORIENTED_EDGE ( 'NONE', *, *, #1167, .T. ) ;
#1701 = ORIENTED_EDGE ( 'NONE', *, *, #194, .T. ) ;
#1702 = VECTOR ( 'NONE', #2223, 1000.000000000000000 ) ;
#1703 = CARTESIAN_POINT ( 'NONE',  ( -87.49924963991767868, -79.89391117780752438, 7.000000000000006217 ) ) ;
#1704 = ADVANCED_FACE ( 'NONE', ( #2258 ), #1691, .T. ) ;
#1705 = CARTESIAN_POINT ( 'NONE',  ( 71.00000000000000000, 79.99999999999998579, -1.387778780781445676E-14 ) ) ;
#1706 = CARTESIAN_POINT ( 'NONE',  ( 0.000000000000000000, 24.99999999999999289, 7.000000000000006217 ) ) ;
#1707 = FACE_OUTER_BOUND ( 'NONE', #730, .T. ) ;
#1708 = EDGE_LOOP ( 'NONE', ( #542, #719, #1830, #2152 ) ) ;
#1709 = DIRECTION ( 'NONE',  ( -0.000000000000000000, -0.000000000000000000, 1.000000000000000000 ) ) ;
#1710 = ORIENTED_EDGE ( 'NONE', *, *, #757, .F. ) ;
#1711 = FACE_OUTER_BOUND ( 'NONE', #1688, .T. ) ;
#1712 = CARTESIAN_POINT ( 'NONE',  ( -5.000000000000000888, 25.00000000000000000, -173.0000000000000000 ) ) ;
#1713 = DIRECTION ( 'NONE',  ( -0.9998999519890270360, 0.01414517629233642826, 0.000000000000000000 ) ) ;
#1714 = ORIENTED_EDGE ( 'NONE', *, *, #792, .F. ) ;
#1715 = EDGE_CURVE ( 'NONE', #945, #823, #801, .T. ) ;
#1716 = VECTOR ( 'NONE', #1980, 1000.000000000000000 ) ;
#1717 = AXIS2_PLACEMENT_3D ( 'NONE', #1376, #123, #852 ) ;
#1718 = VERTEX_POINT ( 'NONE', #2048 ) ;
#1719 = CIRCLE ( 'NONE', #892, 8.000000000000005329 ) ;
#1720 = CARTESIAN_POINT ( 'NONE',  ( 0.000000000000000000, 0.000000000000000000, -162.9999999999999716 ) ) ;
#1721 = VECTOR ( 'NONE', #190, 1000.000000000000000 ) ;
#1722 = DIRECTION ( 'NONE',  ( 0.01414517629233675265, 0.9998999519890271470, 0.000000000000000000 ) ) ;
#1723 = LINE ( 'NONE', #2286, #1865 ) ;
#1724 = AXIS2_PLACEMENT_3D ( 'NONE', #752, #888, #376 ) ;
#1725 = AXIS2_PLACEMENT_3D ( 'NONE', #1793, #2129, #1096 ) ;
#1726 = CARTESIAN_POINT ( 'NONE',  ( -79.99999999999997158, -80.00000000000005684, 7.000000000000006217 ) ) ;
#1727 = ORIENTED_EDGE ( 'NONE', *, *, #297, .T. ) ;
#1728 = VERTEX_POINT ( 'NONE', #2225 ) ;
#1729 = EDGE_LOOP ( 'NONE', ( #93, #927 ) ) ;
#1730 = APPROVAL_DATE_TIME ( #1150, #694 ) ;
#1731 = EDGE_CURVE ( 'NONE', #2298, #987, #1152, .T. ) ;
#1732 = AXIS2_PLACEMENT_3D ( 'NONE', #402, #2199, #1478 ) ;
#1733 = DIRECTION ( 'NONE',  ( 1.000000000000000000, 0.000000000000000000, -0.000000000000000000 ) ) ;
#1734 = ORIENTED_EDGE ( 'NONE', *, *, #1008, .T. ) ;
#1735 = DIRECTION ( 'NONE',  ( 0.000000000000000000, 0.000000000000000000, -1.000000000000000000 ) ) ;
#1736 = DIRECTION ( 'NONE',  ( 0.01414517629233642999, 0.9998999519890271470, 0.000000000000000000 ) ) ;
#1737 = LINE ( 'NONE', #1912, #175 ) ;
#1738 = DIRECTION ( 'NONE',  ( -0.000000000000000000, -0.000000000000000000, -1.000000000000000000 ) ) ;
#1739 = LINE ( 'NONE', #104, #515 ) ;
#1740 = ORIENTED_EDGE ( 'NONE', *, *, #1225, .T. ) ;
#1741 = VECTOR ( 'NONE', #1025, 1000.000000000000114 ) ;
#1742 = EDGE_CURVE ( 'NONE', #1053, #2108, #1161, .T. ) ;
#1743 = CARTESIAN_POINT ( 'NONE',  ( 0.000000000000000000, -25.00000000000000000, 7.000000000000006217 ) ) ;
#1744 = ORIENTED_EDGE ( 'NONE', *, *, #2193, .T. ) ;
#1745 = EDGE_CURVE ( 'NONE', #1264, #548, #263, .T. ) ;
#1746 = FACE_OUTER_BOUND ( 'NONE', #2065, .T. ) ;
#1747 = CARTESIAN_POINT ( 'NONE',  ( 0.000000000000000000, -25.00000000000000000, 7.000000000000006217 ) ) ;
#1748 = LINE ( 'NONE', #2259, #136 ) ;
#1749 = DIRECTION ( 'NONE',  ( -0.01414517629233665898, -0.9998999519890270360, 0.000000000000000000 ) ) ;
#1750 = EDGE_LOOP ( 'NONE', ( #748, #1619, #191, #11 ) ) ;
#1751 = CIRCLE ( 'NONE', #1935, 8.000000000000005329 ) ;
#1752 = CIRCLE ( 'NONE', #52, 5.000000000000003553 ) ;
#1753 = CARTESIAN_POINT ( 'NONE',  ( -80.00000000000002842, -80.00000000000000000, -17.50000000000001421 ) ) ;
#1754 = CIRCLE ( 'NONE', #2086, 5.000000000000004441 ) ;
#1755 = EDGE_LOOP ( 'NONE', ( #1944, #923, #2167, #340 ) ) ;
#1756 = CARTESIAN_POINT ( 'NONE',  ( -87.38608822957898781, -71.89471156189530632, 12.00000000000000711 ) ) ;
#1757 = CARTESIAN_POINT ( 'NONE',  ( -25.00000000000000000, 35.00000000000000000, -162.9999999999999716 ) ) ;
#1758 = EDGE_CURVE ( 'NONE', #597, #1992, #1487, .T. ) ;
#1759 = PLANE ( 'NONE',  #755 ) ;
#1760 = CARTESIAN_POINT ( 'NONE',  ( -80.00000000000002842, -80.00000000000000000, -17.50000000000001421 ) ) ;
#1761 = ORIENTED_EDGE ( 'NONE', *, *, #735, .F. ) ;
#1762 = ADVANCED_FACE ( 'NONE', ( #1929 ), #145, .T. ) ;
#1763 = AXIS2_PLACEMENT_3D ( 'NONE', #255, #2043, #2031 ) ;
#1764 = FACE_BOUND ( 'NONE', #582, .T. ) ;
#1765 = CLOSED_SHELL ( 'NONE', ( #1466, #120, #1099, #867, #1469, #1906, #1204, #733 ) ) ;
#1766 = ORIENTED_EDGE ( 'NONE', *, *, #781, .F. ) ;
#1767 = DIRECTION ( 'NONE',  ( 0.000000000000000000, 0.000000000000000000, 1.000000000000000000 ) ) ;
#1768 = CARTESIAN_POINT ( 'NONE',  ( -80.00000000000002842, 79.99999999999998579, -1.387778780781445676E-14 ) ) ;
#1769 = DIRECTION ( 'NONE',  ( -0.000000000000000000, -0.000000000000000000, 1.000000000000000000 ) ) ;
#1770 = PRODUCT_RELATED_PRODUCT_CATEGORY ( 'detail', '', ( #2294 ) ) ;
#1771 = CYLINDRICAL_SURFACE ( 'NONE', #403, 8.999999999999994671 ) ;
#1772 = DIRECTION ( 'NONE',  ( -0.000000000000000000, -0.000000000000000000, -1.000000000000000000 ) ) ;
#1773 = VERTEX_POINT ( 'NONE', #334 ) ;
#1774 = EDGE_CURVE ( 'NONE', #697, #1718, #246, .T. ) ;
#1775 = EDGE_LOOP ( 'NONE', ( #1591, #1624 ) ) ;
#1776 = CARTESIAN_POINT ( 'NONE',  ( 79.99999999999998579, -80.00000000000000000, -17.50000000000001421 ) ) ;
#1777 = DIRECTION ( 'NONE',  ( 0.000000000000000000, 0.000000000000000000, 1.000000000000000000 ) ) ;
#1778 = CARTESIAN_POINT ( 'NONE',  ( 80.07072588146168357, -75.00050024005486193, 12.00000000000000711 ) ) ;
#1779 = ORIENTED_EDGE ( 'NONE', *, *, #618, .T. ) ;
#1780 = CARTESIAN_POINT ( 'NONE',  ( -5.000000000000000000, 24.99999999999999289, 7.000000000000006217 ) ) ;
#1781 = DIRECTION ( 'NONE',  ( 0.000000000000000000, 0.000000000000000000, 1.000000000000000000 ) ) ;
#1782 = ORIENTED_EDGE ( 'NONE', *, *, #2041, .F. ) ;
#1783 = ORIENTED_EDGE ( 'NONE', *, *, #1572, .T. ) ;
#1784 = DIRECTION ( 'NONE',  ( 0.000000000000000000, 0.000000000000000000, 1.000000000000000000 ) ) ;
#1785 = ADVANCED_FACE ( 'NONE', ( #322 ), #1389, .F. ) ;
#1786 = VECTOR ( 'NONE', #761, 1000.000000000000000 ) ;
#1787 = EDGE_LOOP ( 'NONE', ( #2309, #15 ) ) ;
#1788 = DIRECTION ( 'NONE',  ( 0.9998999519890270360, -0.01414517629233642826, 0.000000000000000000 ) ) ;
#1789 = CARTESIAN_POINT ( 'NONE',  ( 0.000000000000000000, -25.00000000000000000, -173.0000000000000000 ) ) ;
#1790 = EDGE_CURVE ( 'NONE', #1614, #964, #2248, .T. ) ;
#1791 = AXIS2_PLACEMENT_3D ( 'NONE', #510, #2113, #1588 ) ;
#1792 = ORIENTED_EDGE ( 'NONE', *, *, #1774, .T. ) ;
#1793 = CARTESIAN_POINT ( 'NONE',  ( 0.000000000000000000, -25.00000000000000000, 7.000000000000006217 ) ) ;
#1794 = DIRECTION ( 'NONE',  ( -0.01414517629233779175, -0.9998999519890270360, 0.000000000000000000 ) ) ;
#1795 = VERTEX_POINT ( 'NONE', #1757 ) ;
#1796 = ORIENTED_EDGE ( 'NONE', *, *, #1453, .F. ) ;
#1797 = CARTESIAN_POINT ( 'NONE',  ( 72.61391177042098377, -71.89471156189524947, 12.00000000000000711 ) ) ;
#1798 = AXIS2_PLACEMENT_3D ( 'NONE', #1364, #1038, #114 ) ;
#1799 = EDGE_CURVE ( 'NONE', #798, #1927, #1723, .T. ) ;
#1800 = EDGE_LOOP ( 'NONE', ( #216, #1051 ) ) ;
#1801 = CARTESIAN_POINT ( 'NONE',  ( 87.61241105025638376, -72.10688920628030019, 7.000000000000006217 ) ) ;
#1802 = DIRECTION ( 'NONE',  ( -0.01414517629233779175, -0.9998999519890270360, 0.000000000000000000 ) ) ;
#1803 = ORIENTED_EDGE ( 'NONE', *, *, #2325, .F. ) ;
#1804 = DIRECTION ( 'NONE',  ( 1.000000000000000000, 0.000000000000000000, 0.000000000000000000 ) ) ;
#1805 = CARTESIAN_POINT ( 'NONE',  ( -25.00000000000000000, -50.00000000000000000, -173.0000000000000000 ) ) ;
#1806 = ORIENTED_EDGE ( 'NONE', *, *, #881, .T. ) ;
#1807 = ADVANCED_FACE ( 'NONE', ( #477 ), #135, .F. ) ;
#1808 = ORIENTED_EDGE ( 'NONE', *, *, #589, .T. ) ;
#1809 = ORIENTED_EDGE ( 'NONE', *, *, #2274, .F. ) ;
#1810 = ORIENTED_EDGE ( 'NONE', *, *, #1279, .F. ) ;
#1811 = ADVANCED_FACE ( 'NONE', ( #2127 ), #461, .T. ) ;
#1812 = DIRECTION ( 'NONE',  ( -1.000000000000000000, 0.000000000000000000, 0.000000000000000000 ) ) ;
#1813 = FACE_OUTER_BOUND ( 'NONE', #331, .T. ) ;
#1814 = ORIENTED_EDGE ( 'NONE', *, *, #273, .T. ) ;
#1815 = EDGE_CURVE ( 'NONE', #365, #2229, #1414, .T. ) ;
#1816 = ORIENTED_EDGE ( 'NONE', *, *, #108, .F. ) ;
#1817 = CARTESIAN_POINT ( 'NONE',  ( 5.000000000000000000, -25.00000000000000000, -173.0000000000000000 ) ) ;
#1818 = PLANE ( 'NONE',  #965 ) ;
#1819 = EDGE_LOOP ( 'NONE', ( #366, #328, #1224, #1816 ) ) ;
#1820 =( LENGTH_UNIT ( ) NAMED_UNIT ( * ) SI_UNIT ( .MILLI., .METRE. ) );
#1821 = CYLINDRICAL_SURFACE ( 'NONE', #741, 5.000000000000000888 ) ;
#1822 = DIRECTION ( 'NONE',  ( -0.000000000000000000, -0.000000000000000000, -1.000000000000000000 ) ) ;
#1823 = AXIS2_PLACEMENT_3D ( 'NONE', #1404, #1957, #1380 ) ;
#1824 = FACE_BOUND ( 'NONE', #1729, .T. ) ;
#1825 = EDGE_CURVE ( 'NONE', #316, #742, #704, .T. ) ;
#1826 = LINE ( 'NONE', #31, #1899 ) ;
#1827 = AXIS2_PLACEMENT_3D ( 'NONE', #2078, #1975, #2154 ) ;
#1828 = DIRECTION ( 'NONE',  ( -0.9998999519890270360, 0.01414517629233642826, 0.000000000000000000 ) ) ;
#1829 = FACE_OUTER_BOUND ( 'NONE', #1087, .T. ) ;
#1830 = ORIENTED_EDGE ( 'NONE', *, *, #108, .T. ) ;
#1831 = COORDINATED_UNIVERSAL_TIME_OFFSET ( 1, 0, .AHEAD. ) ;
#1832 = EDGE_LOOP ( 'NONE', ( #1430, #514, #1120, #1419 ) ) ;
#1833 = VERTEX_POINT ( 'NONE', #1046 ) ;
#1834 = AXIS2_PLACEMENT_3D ( 'NONE', #1234, #2319, #337 ) ;
#1835 = CARTESIAN_POINT ( 'NONE',  ( -80.07072588146171199, 75.00050024005479088, 2.000000000000006217 ) ) ;
#1836 = DIRECTION ( 'NONE',  ( -0.000000000000000000, -0.000000000000000000, 1.000000000000000000 ) ) ;
#1837 = ORIENTED_EDGE ( 'NONE', *, *, #1453, .T. ) ;
#1838 = DIRECTION ( 'NONE',  ( -0.000000000000000000, -0.000000000000000000, -1.000000000000000000 ) ) ;
#1839 = FACE_OUTER_BOUND ( 'NONE', #833, .T. ) ;
#1840 = CIRCLE ( 'NONE', #1129, 5.000000000000000000 ) ;
#1841 = EDGE_CURVE ( 'NONE', #2244, #1260, #1680, .T. ) ;
#1842 = DIRECTION ( 'NONE',  ( 0.000000000000000000, 0.000000000000000000, 1.000000000000000000 ) ) ;
#1843 = DIRECTION ( 'NONE',  ( 0.000000000000000000, 0.000000000000000000, -1.000000000000000000 ) ) ;
#1844 = ORIENTED_EDGE ( 'NONE', *, *, #361, .T. ) ;
#1845 = DIRECTION ( 'NONE',  ( -0.000000000000000000, -0.000000000000000000, -1.000000000000000000 ) ) ;
#1846 = DIRECTION ( 'NONE',  ( -0.9998999519890270360, 0.01414517629233642826, 0.000000000000000000 ) ) ;
#1847 = CARTESIAN_POINT ( 'NONE',  ( -80.00000000000002842, -80.00000000000000000, -1.387778780781445676E-14 ) ) ;
#1848 = ORIENTED_EDGE ( 'NONE', *, *, #1715, .F. ) ;
#1849 = EDGE_CURVE ( 'NONE', #932, #1963, #1208, .T. ) ;
#1850 = DIRECTION ( 'NONE',  ( 0.000000000000000000, 0.000000000000000000, 1.000000000000000000 ) ) ;
#1851 = DIRECTION ( 'NONE',  ( 0.000000000000000000, 0.000000000000000000, 1.000000000000000000 ) ) ;
#1852 = DIRECTION ( 'NONE',  ( 0.000000000000000000, 0.000000000000000000, 1.000000000000000000 ) ) ;
#1853 = EDGE_LOOP ( 'NONE', ( #1228, #1547, #204, #501 ) ) ;
#1854 = DATE_AND_TIME ( #1481, #1606 ) ;
#1855 = ADVANCED_FACE ( 'NONE', ( #866 ), #876, .F. ) ;
#1856 = LINE ( 'NONE', #60, #1651 ) ;
#1857 = ORIENTED_EDGE ( 'NONE', *, *, #1238, .T. ) ;
#1858 = LINE ( 'NONE', #1103, #1085 ) ;
#1859 = DIRECTION ( 'NONE',  ( -0.9998999519890270360, 0.01414517629233642826, 0.000000000000000000 ) ) ;
#1860 = ORIENTED_EDGE ( 'NONE', *, *, #1394, .F. ) ;
#1861 = DIRECTION ( 'NONE',  ( 0.000000000000000000, 0.000000000000000000, 1.000000000000000000 ) ) ;
#1862 = CARTESIAN_POINT ( 'NONE',  ( -87.61241105025642639, 72.10688920628024334, 7.000000000000006217 ) ) ;
#1863 = AXIS2_PLACEMENT_3D ( 'NONE', #2008, #243, #221 ) ;
#1864 = CARTESIAN_POINT ( 'NONE',  ( -71.00000000000002842, 79.99999999999998579, -1.387778780781445676E-14 ) ) ;
#1865 = VECTOR ( 'NONE', #2305, 1000.000000000000000 ) ;
#1866 = DIRECTION ( 'NONE',  ( 1.000000000000000000, 0.000000000000000000, 0.000000000000000000 ) ) ;
#1867 = ORIENTED_EDGE ( 'NONE', *, *, #948, .T. ) ;
#1868 = AXIS2_PLACEMENT_3D ( 'NONE', #45, #1091, #1442 ) ;
#1869 = AXIS2_PLACEMENT_3D ( 'NONE', #1961, #344, #1579 ) ;
#1870 = CARTESIAN_POINT ( 'NONE',  ( 84.99999999999998579, 79.99999999999998579, -1.387778780781445676E-14 ) ) ;
#1871 = ORIENTED_EDGE ( 'NONE', *, *, #1065, .T. ) ;
#1872 = EDGE_CURVE ( 'NONE', #987, #2298, #586, .T. ) ;
#1873 = DIRECTION ( 'NONE',  ( -1.000000000000000000, 0.000000000000000000, 0.000000000000000000 ) ) ;
#1874 = CARTESIAN_POINT ( 'NONE',  ( -10.00000000000000178, 35.00000000000000000, -162.9999999999999716 ) ) ;
#1875 = ORIENTED_EDGE ( 'NONE', *, *, #877, .F. ) ;
#1876 = DIRECTION ( 'NONE',  ( 0.000000000000000000, 0.000000000000000000, 1.000000000000000000 ) ) ;
#1877 = AXIS2_PLACEMENT_3D ( 'NONE', #1960, #1441, #518 ) ;
#1878 = DIRECTION ( 'NONE',  ( 1.000000000000000000, 0.000000000000000000, 0.000000000000000000 ) ) ;
#1879 = DIRECTION ( 'NONE',  ( 1.000000000000000000, 0.000000000000000000, -0.000000000000000000 ) ) ;
#1880 = FACE_OUTER_BOUND ( 'NONE', #383, .T. ) ;
#1881 = ORIENTED_EDGE ( 'NONE', *, *, #700, .T. ) ;
#1882 = ADVANCED_FACE ( 'NONE', ( #657 ), #1399, .F. ) ;
#1883 = DIRECTION ( 'NONE',  ( -0.000000000000000000, -1.000000000000000000, -0.000000000000000000 ) ) ;
#1884 = ADVANCED_FACE ( 'NONE', ( #1231 ), #1953, .F. ) ;
#1885 = VERTEX_POINT ( 'NONE', #922 ) ;
#1886 = LINE ( 'NONE', #1533, #491 ) ;
#1887 = CARTESIAN_POINT ( 'NONE',  ( -25.00000000000000000, 50.00000000000000000, -162.9999999999999716 ) ) ;
#1888 = EDGE_CURVE ( 'NONE', #1382, #1252, #782, .T. ) ;
#1889 = CARTESIAN_POINT ( 'NONE',  ( 72.61391177042098377, 88.10528843810473631, 7.000000000000006217 ) ) ;
#1890 = ORIENTED_EDGE ( 'NONE', *, *, #1925, .T. ) ;
#1891 = CARTESIAN_POINT ( 'NONE',  ( 79.99999999999998579, 79.99999999999998579, -1.387778780781445676E-14 ) ) ;
#1892 = DIRECTION ( 'NONE',  ( -0.000000000000000000, -0.000000000000000000, -1.000000000000000000 ) ) ;
#1893 = DIRECTION ( 'NONE',  ( 0.000000000000000000, 0.000000000000000000, 1.000000000000000000 ) ) ;
#1894 = EDGE_CURVE ( 'NONE', #1959, #2229, #563, .T. ) ;
#1895 = DIRECTION ( 'NONE',  ( 0.000000000000000000, 0.000000000000000000, -1.000000000000000000 ) ) ;
#1896 = VECTOR ( 'NONE', #1109, 1000.000000000000000 ) ;
#1897 = DIRECTION ( 'NONE',  ( -1.000000000000000000, 0.000000000000000000, 0.000000000000000000 ) ) ;
#1898 = ORIENTED_EDGE ( 'NONE', *, *, #860, .T. ) ;
#1899 = VECTOR ( 'NONE', #1994, 1000.000000000000000 ) ;
#1900 = PERSON_AND_ORGANIZATION_ROLE ( 'creator' ) ;
#1901 = VECTOR ( 'NONE', #206, 1000.000000000000000 ) ;
#1902 = AXIS2_PLACEMENT_3D ( 'NONE', #2291, #307, #2088 ) ;
#1903 = CIRCLE ( 'NONE', #2313, 8.999999999999994671 ) ;
#1904 = LINE ( 'NONE', #2121, #747 ) ;
#1905 = CC_DESIGN_SECURITY_CLASSIFICATION ( #706, ( #1454 ) ) ;
#1906 = ADVANCED_FACE ( 'NONE', ( #1426, #1813 ), #1243, .T. ) ;
#1907 = LINE ( 'NONE', #1756, #1545 ) ;
#1908 = CARTESIAN_POINT ( 'NONE',  ( 79.99999999999998579, 79.99999999999998579, -17.50000000000001421 ) ) ;
#1909 = ORIENTED_EDGE ( 'NONE', *, *, #1745, .T. ) ;
#1910 = AXIS2_PLACEMENT_3D ( 'NONE', #1776, #1424, #153 ) ;
#1911 = EDGE_CURVE ( 'NONE', #914, #418, #386, .T. ) ;
#1912 = CARTESIAN_POINT ( 'NONE',  ( -25.00000000000000000, 35.00000000000000000, -162.9999999999999716 ) ) ;
#1913 = FACE_OUTER_BOUND ( 'NONE', #1284, .T. ) ;
#1914 = FACE_OUTER_BOUND ( 'NONE', #638, .T. ) ;
#1915 = VERTEX_POINT ( 'NONE', #2185 ) ;
#1916 = EDGE_CURVE ( 'NONE', #2229, #365, #438, .T. ) ;
#1917 = PERSON_AND_ORGANIZATION_ROLE ( 'design_supplier' ) ;
#1918 = CARTESIAN_POINT ( 'NONE',  ( -80.00000000000002842, 79.99999999999992895, 7.000000000000006217 ) ) ;
#1919 = ORIENTED_EDGE ( 'NONE', *, *, #1406, .F. ) ;
#1920 = FACE_OUTER_BOUND ( 'NONE', #2103, .T. ) ;
#1921 = CARTESIAN_POINT ( 'NONE',  ( 72.61391177042098377, 88.10528843810473631, 12.00000000000000711 ) ) ;
#1922 = CARTESIAN_POINT ( 'NONE',  ( 79.99999999999998579, 79.99999999999998579, -1.387778780781445676E-14 ) ) ;
#1923 = DIRECTION ( 'NONE',  ( -0.01414517629233675265, -0.9998999519890271470, 0.000000000000000000 ) ) ;
#1924 = VERTEX_POINT ( 'NONE', #2329 ) ;
#1925 = EDGE_CURVE ( 'NONE', #945, #1574, #968, .T. ) ;
#1926 = DIRECTION ( 'NONE',  ( -0.01414517629233675265, -0.9998999519890271470, 0.000000000000000000 ) ) ;
#1927 = VERTEX_POINT ( 'NONE', #1068 ) ;
#1928 = DIRECTION ( 'NONE',  ( 0.000000000000000000, 0.000000000000000000, -1.000000000000000000 ) ) ;
#1929 = FACE_OUTER_BOUND ( 'NONE', #339, .T. ) ;
#1930 = ADVANCED_FACE ( 'NONE', ( #732 ), #2139, .T. ) ;
#1931 = EDGE_CURVE ( 'NONE', #2123, #1244, #1754, .T. ) ;
#1932 = DIRECTION ( 'NONE',  ( 0.000000000000000000, 0.000000000000000000, 1.000000000000000000 ) ) ;
#1933 = DIRECTION ( 'NONE',  ( 1.000000000000000000, 0.000000000000000000, 0.000000000000000000 ) ) ;
#1934 = ORIENTED_EDGE ( 'NONE', *, *, #421, .T. ) ;
#1935 = AXIS2_PLACEMENT_3D ( 'NONE', #1292, #406, #2205 ) ;
#1936 = DIRECTION ( 'NONE',  ( 0.000000000000000000, 0.000000000000000000, 1.000000000000000000 ) ) ;
#1937 = CC_DESIGN_DATE_AND_TIME_ASSIGNMENT ( #2042, #1358, ( #706 ) ) ;
#1938 = CIRCLE ( 'NONE', #1115, 15.00000000000000000 ) ;
#1939 = ORIENTED_EDGE ( 'NONE', *, *, #1969, .T. ) ;
#1940 = CARTESIAN_POINT ( 'NONE',  ( 79.99999999999998579, 79.99999999999998579, -1.387778780781445676E-14 ) ) ;
#1941 = CARTESIAN_POINT ( 'NONE',  ( 79.99999999999998579, 79.99999999999998579, -17.50000000000001421 ) ) ;
#1942 = FACE_OUTER_BOUND ( 'NONE', #1676, .T. ) ;
#1943 = DIRECTION ( 'NONE',  ( 0.9998999519890270360, -0.01414517629233642826, 0.000000000000000000 ) ) ;
#1944 = ORIENTED_EDGE ( 'NONE', *, *, #853, .F. ) ;
#1945 = CIRCLE ( 'NONE', #676, 8.000000000000005329 ) ;
#1946 = ADVANCED_FACE ( 'NONE', ( #1081 ), #374, .F. ) ;
#1947 = AXIS2_PLACEMENT_3D ( 'NONE', #2159, #347, #2307 ) ;
#1948 = EDGE_CURVE ( 'NONE', #335, #1439, #1602, .T. ) ;
#1949 = CYLINDRICAL_SURFACE ( 'NONE', #1004, 5.000000000000004441 ) ;
#1950 = ORIENTED_EDGE ( 'NONE', *, *, #1642, .T. ) ;
#1951 = DIRECTION ( 'NONE',  ( -0.01414517629233779175, -0.9998999519890270360, 0.000000000000000000 ) ) ;
#1952 = DIRECTION ( 'NONE',  ( 0.9998999519890270360, -0.01414517629233642826, 0.000000000000000000 ) ) ;
#1953 = PLANE ( 'NONE',  #1827 ) ;
#1954 = ORIENTED_EDGE ( 'NONE', *, *, #1560, .F. ) ;
#1955 = DIRECTION ( 'NONE',  ( 1.000000000000000000, 0.000000000000000000, 0.000000000000000000 ) ) ;
#1956 = EDGE_CURVE ( 'NONE', #823, #469, #634, .T. ) ;
#1957 = DIRECTION ( 'NONE',  ( 0.000000000000000000, 0.000000000000000000, 1.000000000000000000 ) ) ;
#1958 = EDGE_LOOP ( 'NONE', ( #561, #1089, #1060, #989 ) ) ;
#1959 = VERTEX_POINT ( 'NONE', #1433 ) ;
#1960 = CARTESIAN_POINT ( 'NONE',  ( 0.000000000000000000, 0.000000000000000000, -162.9999999999999716 ) ) ;
#1961 = CARTESIAN_POINT ( 'NONE',  ( 0.000000000000000000, 0.000000000000000000, -162.9999999999999716 ) ) ;
#1962 = CARTESIAN_POINT ( 'NONE',  ( 72.61391177042098377, 88.10528843810473631, 7.000000000000006217 ) ) ;
#1963 = VERTEX_POINT ( 'NONE', #550 ) ;
#1964 = CARTESIAN_POINT ( 'NONE',  ( 79.99999999999998579, 79.99999999999998579, 2.000000000000006217 ) ) ;
#1965 = DIRECTION ( 'NONE',  ( -0.01414517629233779175, -0.9998999519890270360, 0.000000000000000000 ) ) ;
#1966 = ORIENTED_EDGE ( 'NONE', *, *, #483, .T. ) ;
#1967 = ORIENTED_EDGE ( 'NONE', *, *, #473, .F. ) ;
#1968 = PERSON ( 'UNSPECIFIED', 'UNSPECIFIED', 'UNSPECIFIED', ('UNSPECIFIED'), ('UNSPECIFIED'), ('UNSPECIFIED') ) ;
#1969 = EDGE_CURVE ( 'NONE', #1795, #756, #1104, .T. ) ;
#1970 = CARTESIAN_POINT ( 'NONE',  ( -25.00000000000000000, 35.00000000000000000, -173.0000000000000000 ) ) ;
#1971 = VECTOR ( 'NONE', #258, 1000.000000000000000 ) ;
#1972 = ORIENTED_EDGE ( 'NONE', *, *, #1490, .T. ) ;
#1973 = AXIS2_PLACEMENT_3D ( 'NONE', #1666, #400, #566 ) ;
#1974 = DIRECTION ( 'NONE',  ( 1.000000000000000000, 0.000000000000000000, 0.000000000000000000 ) ) ;
#1975 = DIRECTION ( 'NONE',  ( 0.000000000000000000, 0.000000000000000000, 1.000000000000000000 ) ) ;
#1976 = ORIENTED_EDGE ( 'NONE', *, *, #464, .T. ) ;
#1977 = EDGE_LOOP ( 'NONE', ( #1710, #1030 ) ) ;
#1978 = ORGANIZATION ( 'UNSPECIFIED', 'UNSPECIFIED', '' ) ;
#1979 = DIRECTION ( 'NONE',  ( -0.01414517629233779175, -0.9998999519890270360, 0.000000000000000000 ) ) ;
#1980 = DIRECTION ( 'NONE',  ( -0.000000000000000000, -0.000000000000000000, -1.000000000000000000 ) ) ;
#1981 = EDGE_LOOP ( 'NONE', ( #1848, #116, #1806, #534 ) ) ;
#1982 = ORIENTED_EDGE ( 'NONE', *, *, #214, .T. ) ;
#1983 = ADVANCED_FACE ( 'NONE', ( #1990 ), #909, .F. ) ;
#1984 = ORIENTED_EDGE ( 'NONE', *, *, #1715, .T. ) ;
#1985 = APPROVAL_STATUS ( 'not_yet_approved' ) ;
#1986 = EDGE_CURVE ( 'NONE', #1439, #335, #2282, .T. ) ;
#1987 = ORIENTED_EDGE ( 'NONE', *, *, #2100, .F. ) ;
#1988 = VERTEX_POINT ( 'NONE', #710 ) ;
#1989 = CYLINDRICAL_SURFACE ( 'NONE', #1480, 5.000000000000004441 ) ;
#1990 = FACE_OUTER_BOUND ( 'NONE', #2241, .T. ) ;
#1991 = ORIENTED_EDGE ( 'NONE', *, *, #2124, .F. ) ;
#1992 = VERTEX_POINT ( 'NONE', #2009 ) ;
#1993 = CARTESIAN_POINT ( 'NONE',  ( 79.92927411853830222, -84.99949975994513807, 12.00000000000000711 ) ) ;
#1994 = DIRECTION ( 'NONE',  ( 0.000000000000000000, 0.000000000000000000, -1.000000000000000000 ) ) ;
#1995 = ORIENTED_EDGE ( 'NONE', *, *, #484, .F. ) ;
#1996 = ORIENTED_EDGE ( 'NONE', *, *, #666, .T. ) ;
#1997 = VERTEX_POINT ( 'NONE', #1778 ) ;
#1998 = VERTEX_POINT ( 'NONE', #885 ) ;
#1999 = EDGE_CURVE ( 'NONE', #203, #51, #1599, .T. ) ;
#2000 = DIRECTION ( 'NONE',  ( -0.000000000000000000, -0.000000000000000000, -1.000000000000000000 ) ) ;
#2001 = DIRECTION ( 'NONE',  ( 0.000000000000000000, 0.000000000000000000, 1.000000000000000000 ) ) ;
#2002 = ORIENTED_EDGE ( 'NONE', *, *, #763, .F. ) ;
#2003 = DIRECTION ( 'NONE',  ( 0.9998999519890270360, -0.01414517629233642826, 0.000000000000000000 ) ) ;
#2004 = CARTESIAN_POINT ( 'NONE',  ( 5.000000000000000000, 24.99999999999999289, -173.0000000000000000 ) ) ;
#2005 = VERTEX_POINT ( 'NONE', #1686 ) ;
#2006 = DIRECTION ( 'NONE',  ( 1.000000000000000000, 0.000000000000000000, 0.000000000000000000 ) ) ;
#2007 = ORIENTED_EDGE ( 'NONE', *, *, #305, .F. ) ;
#2008 = CARTESIAN_POINT ( 'NONE',  ( -72.50075036008227869, -80.10608882219258930, 12.00000000000000711 ) ) ;
#2009 = CARTESIAN_POINT ( 'NONE',  ( -87.61241105025642639, 72.10688920628024334, 12.00000000000000711 ) ) ;
#2010 = EDGE_CURVE ( 'NONE', #1236, #2275, #745, .T. ) ;
#2011 = CIRCLE ( 'NONE', #997, 8.999999999999994671 ) ;
#2012 = CARTESIAN_POINT ( 'NONE',  ( 72.38758894974358782, -87.89311079371969981, 7.000000000000006217 ) ) ;
#2013 = AXIS2_PLACEMENT_3D ( 'NONE', #699, #1361, #1219 ) ;
#2014 = DIRECTION ( 'NONE',  ( 0.000000000000000000, 0.000000000000000000, -1.000000000000000000 ) ) ;
#2015 = AXIS2_PLACEMENT_3D ( 'NONE', #1484, #616, #2034 ) ;
#2016 = CARTESIAN_POINT ( 'NONE',  ( 25.00000000000000000, -50.00000000000000000, -162.9999999999999716 ) ) ;
#2017 = DIRECTION ( 'NONE',  ( 0.9998999519890270360, -0.01414517629233642826, 0.000000000000000000 ) ) ;
#2018 = VERTEX_POINT ( 'NONE', #806 ) ;
#2019 = ADVANCED_FACE ( 'NONE', ( #979, #1332 ), #1531, .F. ) ;
#2020 = VERTEX_POINT ( 'NONE', #2045 ) ;
#2021 = DIRECTION ( 'NONE',  ( -0.000000000000000000, -0.000000000000000000, -1.000000000000000000 ) ) ;
#2022 = FACE_OUTER_BOUND ( 'NONE', #1192, .T. ) ;
#2023 = ORIENTED_EDGE ( 'NONE', *, *, #626, .F. ) ;
#2024 = CARTESIAN_POINT ( 'NONE',  ( 79.99999999999998579, -80.00000000000000000, 2.000000000000006217 ) ) ;
#2025 = FACE_OUTER_BOUND ( 'NONE', #1552, .T. ) ;
#2026 = AXIS2_PLACEMENT_3D ( 'NONE', #777, #595, #390 ) ;
#2027 = EDGE_CURVE ( 'NONE', #597, #2097, #1353, .T. ) ;
#2028 = CARTESIAN_POINT ( 'NONE',  ( 72.38758894974358782, 72.10688920628028598, 12.00000000000000711 ) ) ;
#2029 = EDGE_LOOP ( 'NONE', ( #397, #873 ) ) ;
#2030 = DIRECTION ( 'NONE',  ( -0.01414517629233779175, -0.9998999519890270360, 0.000000000000000000 ) ) ;
#2031 = DIRECTION ( 'NONE',  ( 1.000000000000000000, 0.000000000000000000, 0.000000000000000000 ) ) ;
#2032 = EDGE_LOOP ( 'NONE', ( #738, #1954, #1100, #1415 ) ) ;
#2033 = CARTESIAN_POINT ( 'NONE',  ( 0.000000000000000000, 25.00000000000000000, -162.9999999999999716 ) ) ;
#2034 = DIRECTION ( 'NONE',  ( 1.000000000000000000, 0.000000000000000000, 0.000000000000000000 ) ) ;
#2035 = ORIENTED_EDGE ( 'NONE', *, *, #1758, .T. ) ;
#2036 = DIRECTION ( 'NONE',  ( 0.000000000000000000, 0.000000000000000000, 1.000000000000000000 ) ) ;
#2037 = CARTESIAN_POINT ( 'NONE',  ( -10.00000000000000178, 35.00000000000000000, -173.0000000000000000 ) ) ;
#2038 = CARTESIAN_POINT ( 'NONE',  ( 79.92927411853830222, 75.00050024005484772, 2.000000000000006217 ) ) ;
#2039 = DIRECTION ( 'NONE',  ( 0.000000000000000000, 0.000000000000000000, 1.000000000000000000 ) ) ;
#2040 = ORIENTED_EDGE ( 'NONE', *, *, #1931, .T. ) ;
#2041 = EDGE_CURVE ( 'NONE', #1537, #787, #1221, .T. ) ;
#2042 = DATE_AND_TIME ( #835, #1375 ) ;
#2043 = DIRECTION ( 'NONE',  ( 0.000000000000000000, 0.000000000000000000, 1.000000000000000000 ) ) ;
#2044 = FACE_OUTER_BOUND ( 'NONE', #864, .T. ) ;
#2045 = CARTESIAN_POINT ( 'NONE',  ( 72.61391177042098377, 88.10528843810473631, 12.00000000000000711 ) ) ;
#2046 = ORIENTED_EDGE ( 'NONE', *, *, #1062, .F. ) ;
#2047 = DIRECTION ( 'NONE',  ( 0.000000000000000000, 0.000000000000000000, -1.000000000000000000 ) ) ;
#2048 = CARTESIAN_POINT ( 'NONE',  ( 74.99999999999998579, 79.99999999999998579, -17.50000000000001421 ) ) ;
#2049 = AXIS2_PLACEMENT_3D ( 'NONE', #513, #1772, #1223 ) ;
#2050 = CARTESIAN_POINT ( 'NONE',  ( -80.00000000000002842, -80.00000000000000000, -1.387778780781445676E-14 ) ) ;
#2051 = VECTOR ( 'NONE', #1616, 1000.000000000000000 ) ;
#2052 = CARTESIAN_POINT ( 'NONE',  ( -80.07072588146166936, -84.99949975994519491, 2.000000000000006217 ) ) ;
#2053 = VERTEX_POINT ( 'NONE', #1520 ) ;
#2054 = VECTOR ( 'NONE', #183, 1000.000000000000000 ) ;
#2055 = PERSON_AND_ORGANIZATION ( #1968, #1978 ) ;
#2056 = CC_DESIGN_DATE_AND_TIME_ASSIGNMENT ( #1854, #1618, ( #306 ) ) ;
#2057 = EDGE_CURVE ( 'NONE', #290, #2200, #644, .T. ) ;
#2058 = DIRECTION ( 'NONE',  ( -1.000000000000000000, 0.000000000000000000, 0.000000000000000000 ) ) ;
#2059 = ORIENTED_EDGE ( 'NONE', *, *, #814, .T. ) ;
#2060 = LINE ( 'NONE', #647, #1741 ) ;
#2061 = AXIS2_PLACEMENT_3D ( 'NONE', #1411, #1054, #1951 ) ;
#2062 = DIRECTION ( 'NONE',  ( 1.000000000000000000, 0.000000000000000000, 0.000000000000000000 ) ) ;
#2063 = PLANE ( 'NONE',  #1369 ) ;
#2064 = CLOSED_SHELL ( 'NONE', ( #1175, #1611, #81, #1884 ) ) ;
#2065 = EDGE_LOOP ( 'NONE', ( #537, #1617 ) ) ;
#2066 = COORDINATED_UNIVERSAL_TIME_OFFSET ( 1, 0, .AHEAD. ) ;
#2067 = FACE_OUTER_BOUND ( 'NONE', #358, .T. ) ;
#2068 = EDGE_CURVE ( 'NONE', #1327, #51, #318, .T. ) ;
#2069 = DIRECTION ( 'NONE',  ( 0.000000000000000000, 0.000000000000000000, 1.000000000000000000 ) ) ;
#2070 = FACE_OUTER_BOUND ( 'NONE', #2176, .T. ) ;
#2071 = DIRECTION ( 'NONE',  ( 0.000000000000000000, 0.000000000000000000, -1.000000000000000000 ) ) ;
#2072 = ORIENTED_EDGE ( 'NONE', *, *, #707, .F. ) ;
#2073 = PERSON_AND_ORGANIZATION ( #1968, #1978 ) ;
#2074 = VECTOR ( 'NONE', #1612, 1000.000000000000000 ) ;
#2075 = DIRECTION ( 'NONE',  ( -0.000000000000000000, -0.000000000000000000, -1.000000000000000000 ) ) ;
#2076 = CYLINDRICAL_SURFACE ( 'NONE', #2146, 8.000000000000005329 ) ;
#2077 = ADVANCED_FACE ( 'NONE', ( #1509 ), #1306, .F. ) ;
#2078 = CARTESIAN_POINT ( 'NONE',  ( 0.000000000000000000, 24.99999999999999289, -173.0000000000000000 ) ) ;
#2079 = CARTESIAN_POINT ( 'NONE',  ( -5.000000000000000000, 24.99999999999999289, -173.0000000000000000 ) ) ;
#2080 = AXIS2_PLACEMENT_3D ( 'NONE', #1059, #1781, #1418 ) ;
#2081 = DIRECTION ( 'NONE',  ( 1.000000000000000000, 0.000000000000000000, 0.000000000000000000 ) ) ;
#2082 = CARTESIAN_POINT ( 'NONE',  ( -10.00000000000000178, 35.00000000000000000, -162.9999999999999716 ) ) ;
#2083 = ORIENTED_EDGE ( 'NONE', *, *, #342, .T. ) ;
#2084 = EDGE_LOOP ( 'NONE', ( #1301, #23, #267, #687 ) ) ;
#2085 = AXIS2_PLACEMENT_3D ( 'NONE', #1355, #1851, #593 ) ;
#2086 = AXIS2_PLACEMENT_3D ( 'NONE', #207, #896, #1254 ) ;
#2087 = AXIS2_PLACEMENT_3D ( 'NONE', #1585, #2270, #675 ) ;
#2088 = DIRECTION ( 'NONE',  ( 1.000000000000000000, 0.000000000000000000, 0.000000000000000000 ) ) ;
#2089 = ORIENTED_EDGE ( 'NONE', *, *, #2027, .F. ) ;
#2090 = DIRECTION ( 'NONE',  ( 0.000000000000000000, 0.000000000000000000, 1.000000000000000000 ) ) ;
#2091 = ADVANCED_FACE ( 'NONE', ( #2022 ), #1157, .T. ) ;
#2092 = DIRECTION ( 'NONE',  ( 0.000000000000000000, 0.000000000000000000, 1.000000000000000000 ) ) ;
#2093 = CIRCLE ( 'NONE', #1383, 5.000000000000004441 ) ;
#2094 = CIRCLE ( 'NONE', #1609, 8.000000000000005329 ) ;
#2095 = DIRECTION ( 'NONE',  ( -0.01414517629233665898, -0.9998999519890270360, 0.000000000000000000 ) ) ;
#2096 = PLANE ( 'NONE',  #1635 ) ;
#2097 = VERTEX_POINT ( 'NONE', #947 ) ;
#2098 = VERTEX_POINT ( 'NONE', #959 ) ;
#2099 = ORIENTED_EDGE ( 'NONE', *, *, #2325, .T. ) ;
#2100 = EDGE_CURVE ( 'NONE', #1963, #1795, #1938, .T. ) ;
#2101 = AXIS2_PLACEMENT_3D ( 'NONE', #2082, #295, #1897 ) ;
#2102 = FACE_OUTER_BOUND ( 'NONE', #1510, .T. ) ;
#2103 = EDGE_LOOP ( 'NONE', ( #1966, #495, #768, #683 ) ) ;
#2104 = CYLINDRICAL_SURFACE ( 'NONE', #1248, 5.000000000000000888 ) ;
#2105 = CARTESIAN_POINT ( 'NONE',  ( 79.99999999999998579, 79.99999999999998579, -1.387778780781445676E-14 ) ) ;
#2106 = CARTESIAN_POINT ( 'NONE',  ( 10.00000000000000178, -35.00000000000000000, -162.9999999999999716 ) ) ;
#2107 = DIRECTION ( 'NONE',  ( -1.000000000000000000, 0.000000000000000000, 0.000000000000000000 ) ) ;
#2108 = VERTEX_POINT ( 'NONE', #396 ) ;
#2109 = EDGE_CURVE ( 'NONE', #51, #756, #1119, .T. ) ;
#2110 = LINE ( 'NONE', #1011, #504 ) ;
#2111 = VERTEX_POINT ( 'NONE', #222 ) ;
#2112 = FACE_OUTER_BOUND ( 'NONE', #754, .T. ) ;
#2113 = DIRECTION ( 'NONE',  ( -0.000000000000000000, -0.000000000000000000, -1.000000000000000000 ) ) ;
#2114 = ORIENTED_EDGE ( 'NONE', *, *, #1062, .T. ) ;
#2115 = DIRECTION ( 'NONE',  ( 0.000000000000000000, 0.000000000000000000, -1.000000000000000000 ) ) ;
#2116 = CYLINDRICAL_SURFACE ( 'NONE', #2049, 7.500000000000000000 ) ;
#2117 = ORIENTED_EDGE ( 'NONE', *, *, #632, .F. ) ;
#2118 = AXIS2_PLACEMENT_3D ( 'NONE', #1365, #1590, #1749 ) ;
#2119 = EDGE_CURVE ( 'NONE', #2200, #690, #54, .T. ) ;
#2120 = AXIS2_PLACEMENT_3D ( 'NONE', #607, #775, #1486 ) ;
#2121 = CARTESIAN_POINT ( 'NONE',  ( 7.500000000000000000, 9.184850993605147944E-16, -162.9999999999999716 ) ) ;
#2122 = AXIS2_PLACEMENT_3D ( 'NONE', #1789, #2170, #721 ) ;
#2123 = VERTEX_POINT ( 'NONE', #1663 ) ;
#2124 = EDGE_CURVE ( 'NONE', #742, #1647, #1675, .T. ) ;
#2125 = FACE_BOUND ( 'NONE', #2268, .T. ) ;
#2126 = CARTESIAN_POINT ( 'NONE',  ( 5.000000000000000888, -25.00000000000000000, -162.9999999999999716 ) ) ;
#2127 = FACE_OUTER_BOUND ( 'NONE', #2327, .T. ) ;
#2128 = ORIENTED_EDGE ( 'NONE', *, *, #493, .F. ) ;
#2129 = DIRECTION ( 'NONE',  ( 0.000000000000000000, 0.000000000000000000, 1.000000000000000000 ) ) ;
#2130 = CARTESIAN_POINT ( 'NONE',  ( 79.99999999999998579, -80.00000000000000000, -1.387778780781445676E-14 ) ) ;
#2131 = VERTEX_POINT ( 'NONE', #773 ) ;
#2132 = ORIENTED_EDGE ( 'NONE', *, *, #740, .F. ) ;
#2133 = CIRCLE ( 'NONE', #1910, 5.000000000000004441 ) ;
#2134 = DIRECTION ( 'NONE',  ( -0.01414517629233779175, -0.9998999519890270360, 0.000000000000000000 ) ) ;
#2135 = CIRCLE ( 'NONE', #66, 15.00000000000000000 ) ;
#2136 = CIRCLE ( 'NONE', #2026, 8.000000000000005329 ) ;
#2137 = FACE_OUTER_BOUND ( 'NONE', #630, .T. ) ;
#2138 = LINE ( 'NONE', #532, #151 ) ;
#2139 = CYLINDRICAL_SURFACE ( 'NONE', #705, 8.999999999999994671 ) ;
#2140 = EDGE_CURVE ( 'NONE', #290, #86, #1641, .T. ) ;
#2141 = DIRECTION ( 'NONE',  ( 0.000000000000000000, 0.000000000000000000, -1.000000000000000000 ) ) ;
#2142 = CARTESIAN_POINT ( 'NONE',  ( 87.38608822957900202, 71.89471156189524947, 12.00000000000000711 ) ) ;
#2143 = ORIENTED_EDGE ( 'NONE', *, *, #948, .F. ) ;
#2144 = EDGE_LOOP ( 'NONE', ( #486, #2143 ) ) ;
#2145 = MANIFOLD_SOLID_BREP ( 'maintien-4-solid1', #1765 ) ;
#2146 = AXIS2_PLACEMENT_3D ( 'NONE', #678, #2257, #1722 ) ;
#2147 = DIRECTION ( 'NONE',  ( -0.000000000000000000, -0.000000000000000000, 1.000000000000000000 ) ) ;
#2148 = EDGE_CURVE ( 'NONE', #2162, #2097, #784, .T. ) ;
#2149 = MANIFOLD_SOLID_BREP ( 'Coulisse_petitt-2-solid1', #716 ) ;
#2150 = ORIENTED_EDGE ( 'NONE', *, *, #2148, .T. ) ;
#2151 = VECTOR ( 'NONE', #850, 1000.000000000000000 ) ;
#2152 = ORIENTED_EDGE ( 'NONE', *, *, #1774, .F. ) ;
#2153 = CARTESIAN_POINT ( 'NONE',  ( -87.61241105025636955, -87.89311079371975666, 12.00000000000000711 ) ) ;
#2154 = DIRECTION ( 'NONE',  ( 1.000000000000000000, 0.000000000000000000, -0.000000000000000000 ) ) ;
#2155 = ADVANCED_FACE ( 'NONE', ( #1497 ), #2221, .T. ) ;
#2156 = ORIENTED_EDGE ( 'NONE', *, *, #1238, .F. ) ;
#2157 = ORIENTED_EDGE ( 'NONE', *, *, #58, .T. ) ;
#2158 = ADVANCED_FACE ( 'NONE', ( #2102 ), #861, .T. ) ;
#2159 = CARTESIAN_POINT ( 'NONE',  ( 87.49924963991769289, -80.10608882219253246, 7.000000000000006217 ) ) ;
#2160 = DIRECTION ( 'NONE',  ( 0.000000000000000000, 0.000000000000000000, 1.000000000000000000 ) ) ;
#2161 = ORIENTED_EDGE ( 'NONE', *, *, #1340, .F. ) ;
#2162 = VERTEX_POINT ( 'NONE', #999 ) ;
#2163 = EDGE_CURVE ( 'NONE', #882, #1963, #2110, .T. ) ;
#2164 = ORIENTED_EDGE ( 'NONE', *, *, #925, .T. ) ;
#2165 = CIRCLE ( 'NONE', #90, 8.000000000000005329 ) ;
#2166 = EDGE_LOOP ( 'NONE', ( #356, #1909, #2271, #1095 ) ) ;
#2167 = ORIENTED_EDGE ( 'NONE', *, *, #69, .T. ) ;
#2168 = CIRCLE ( 'NONE', #436, 15.00000000000000000 ) ;
#2169 = DIRECTION ( 'NONE',  ( 0.000000000000000000, 0.000000000000000000, 1.000000000000000000 ) ) ;
#2170 = DIRECTION ( 'NONE',  ( 0.000000000000000000, 0.000000000000000000, -1.000000000000000000 ) ) ;
#2171 = MANIFOLD_SOLID_BREP ( 'colone_fine-1-solid1', #1351 ) ;
#2172 = VECTOR ( 'NONE', #1883, 1000.000000000000000 ) ;
#2173 = VERTEX_POINT ( 'NONE', #142 ) ;
#2174 = CARTESIAN_POINT ( 'NONE',  ( 87.38608822957900202, -88.10528843810475053, 12.00000000000000711 ) ) ;
#2175 = CARTESIAN_POINT ( 'NONE',  ( -25.00000000000000000, -50.00000000000000000, -162.9999999999999716 ) ) ;
#2176 = EDGE_LOOP ( 'NONE', ( #1197, #1405, #430, #623 ) ) ;
#2177 = CIRCLE ( 'NONE', #1282, 5.000000000000004441 ) ;
#2178 = ORIENTED_EDGE ( 'NONE', *, *, #2124, .T. ) ;
#2179 = ADVANCED_FACE ( 'NONE', ( #1577 ), #2262, .T. ) ;
#2180 = APPROVAL_STATUS ( 'not_yet_approved' ) ;
#2181 = AXIS2_PLACEMENT_3D ( 'NONE', #1078, #2324, #1 ) ;
#2182 = ORIENTED_EDGE ( 'NONE', *, *, #1232, .F. ) ;
#2183 = CARTESIAN_POINT ( 'NONE',  ( 87.61241105025638376, -72.10688920628030019, 12.00000000000000711 ) ) ;
#2184 = ADVANCED_FACE ( 'NONE', ( #1214 ), #654, .T. ) ;
#2185 = CARTESIAN_POINT ( 'NONE',  ( 7.500000000000000000, 9.184850993605147944E-16, -173.0000000000000000 ) ) ;
#2186 = ORIENTED_EDGE ( 'NONE', *, *, #1742, .T. ) ;
#2187 = DIRECTION ( 'NONE',  ( -1.000000000000000000, 0.000000000000000000, 0.000000000000000000 ) ) ;
#2188 = CARTESIAN_POINT ( 'NONE',  ( -25.00000000000000000, 50.00000000000000000, -173.0000000000000000 ) ) ;
#2189 = ORIENTED_EDGE ( 'NONE', *, *, #886, .F. ) ;
#2190 = ORIENTED_EDGE ( 'NONE', *, *, #2287, .F. ) ;
#2191 = AXIS2_PLACEMENT_3D ( 'NONE', #423, #1145, #2285 ) ;
#2192 = MECHANICAL_CONTEXT ( 'NONE', #718, 'mechanical' ) ;
#2193 = EDGE_CURVE ( 'NONE', #2260, #1373, #1719, .T. ) ;
#2194 = DIRECTION ( 'NONE',  ( -1.000000000000000000, 0.000000000000000000, 0.000000000000000000 ) ) ;
#2195 = DIRECTION ( 'NONE',  ( 0.000000000000000000, 0.000000000000000000, 1.000000000000000000 ) ) ;
#2196 = CARTESIAN_POINT ( 'NONE',  ( -80.00000000000002842, 79.99999999999998579, -1.387778780781445676E-14 ) ) ;
#2197 = CARTESIAN_POINT ( 'NONE',  ( -89.00000000000002842, -80.00000000000000000, -1.387778780781445676E-14 ) ) ;
#2198 = PLANE ( 'NONE',  #242 ) ;
#2199 = DIRECTION ( 'NONE',  ( 0.000000000000000000, 0.000000000000000000, -1.000000000000000000 ) ) ;
#2200 = VERTEX_POINT ( 'NONE', #119 ) ;
#2201 = DIRECTION ( 'NONE',  ( 0.000000000000000000, 0.000000000000000000, 1.000000000000000000 ) ) ;
#2202 = ORIENTED_EDGE ( 'NONE', *, *, #886, .T. ) ;
#2203 = ORIENTED_EDGE ( 'NONE', *, *, #2242, .T. ) ;
#2204 = AXIS2_PLACEMENT_3D ( 'NONE', #1314, #1852, #1866 ) ;
#2205 = DIRECTION ( 'NONE',  ( -0.01414517629233675265, -0.9998999519890271470, 0.000000000000000000 ) ) ;
#2206 = CARTESIAN_POINT ( 'NONE',  ( -80.00000000000002842, 79.99999999999998579, -1.387778780781445676E-14 ) ) ;
#2207 = EDGE_CURVE ( 'NONE', #846, #304, #1903, .T. ) ;
#2208 = VECTOR ( 'NONE', #841, 1000.000000000000000 ) ;
#2209 = CARTESIAN_POINT ( 'NONE',  ( 84.99999999999998579, 79.99999999999998579, -17.50000000000001421 ) ) ;
#2210 = AXIS2_PLACEMENT_3D ( 'NONE', #1023, #1936, #1733 ) ;
#2211 = CARTESIAN_POINT ( 'NONE',  ( -80.00000000000002842, -80.00000000000000000, -1.387778780781445676E-14 ) ) ;
#2212 = LOCAL_TIME ( 14, 37, 0.000000000000000000, #1831 ) ;
#2213 = DIRECTION ( 'NONE',  ( 1.000000000000000000, 0.000000000000000000, -0.000000000000000000 ) ) ;
#2214 = CARTESIAN_POINT ( 'NONE',  ( 72.38758894974358782, -87.89311079371969981, 12.00000000000000711 ) ) ;
#2215 = ORIENTED_EDGE ( 'NONE', *, *, #201, .T. ) ;
#2216 = FACE_BOUND ( 'NONE', #5, .T. ) ;
#2217 = EDGE_LOOP ( 'NONE', ( #349, #1656, #673, #1256 ) ) ;
#2218 = CIRCLE ( 'NONE', #596, 5.000000000000000888 ) ;
#2219 = VECTOR ( 'NONE', #282, 1000.000000000000000 ) ;
#2220 = PLANE ( 'NONE',  #628 ) ;
#2221 = CYLINDRICAL_SURFACE ( 'NONE', #1530, 8.000000000000005329 ) ;
#2222 = ORIENTED_EDGE ( 'NONE', *, *, #1008, .F. ) ;
#2223 = DIRECTION ( 'NONE',  ( -0.000000000000000000, -0.000000000000000000, -1.000000000000000000 ) ) ;
#2224 = EDGE_CURVE ( 'NONE', #1728, #1075, #1304, .T. ) ;
#2225 = CARTESIAN_POINT ( 'NONE',  ( 71.00000000000000000, -80.00000000000000000, -17.50000000000001421 ) ) ;
#2226 = FACE_BOUND ( 'NONE', #478, .T. ) ;
#2227 = ORIENTED_EDGE ( 'NONE', *, *, #517, .T. ) ;
#2228 = LINE ( 'NONE', #2052, #2247 ) ;
#2229 = VERTEX_POINT ( 'NONE', #1359 ) ;
#2230 = DIRECTION ( 'NONE',  ( 0.000000000000000000, 0.000000000000000000, 1.000000000000000000 ) ) ;
#2231 = ORIENTED_EDGE ( 'NONE', *, *, #2057, .T. ) ;
#2232 = EDGE_CURVE ( 'NONE', #746, #1959, #891, .T. ) ;
#2233 = DIRECTION ( 'NONE',  ( 0.9998999519890270360, -0.01414517629233642826, 0.000000000000000000 ) ) ;
#2234 = DIRECTION ( 'NONE',  ( -0.000000000000000000, -0.000000000000000000, -1.000000000000000000 ) ) ;
#2235 = VERTEX_POINT ( 'NONE', #298 ) ;
#2236 = CARTESIAN_POINT ( 'NONE',  ( 0.000000000000000000, 24.99999999999999289, 7.000000000000006217 ) ) ;
#2237 = CARTESIAN_POINT ( 'NONE',  ( 0.000000000000000000, 25.00000000000000000, -173.0000000000000000 ) ) ;
#2238 = CARTESIAN_POINT ( 'NONE',  ( 0.000000000000000000, 0.000000000000000000, -173.0000000000000000 ) ) ;
#2239 = EDGE_CURVE ( 'NONE', #1203, #315, #931, .T. ) ;
#2240 = DIRECTION ( 'NONE',  ( 0.000000000000000000, 0.000000000000000000, 1.000000000000000000 ) ) ;
#2241 = EDGE_LOOP ( 'NONE', ( #2222, #169, #1808, #1610 ) ) ;
#2242 = EDGE_CURVE ( 'NONE', #1479, #914, #674, .T. ) ;
#2243 = DIRECTION ( 'NONE',  ( -1.000000000000000000, 0.000000000000000000, 0.000000000000000000 ) ) ;
#2244 = VERTEX_POINT ( 'NONE', #1565 ) ;
#2245 = DIRECTION ( 'NONE',  ( -1.000000000000000000, 0.000000000000000000, 0.000000000000000000 ) ) ;
#2246 = CARTESIAN_POINT ( 'NONE',  ( 0.000000000000000000, 24.99999999999999289, 7.000000000000006217 ) ) ;
#2247 = VECTOR ( 'NONE', #1667, 1000.000000000000000 ) ;
#2248 = CIRCLE ( 'NONE', #354, 8.999999999999994671 ) ;
#2249 = PLANE ( 'NONE',  #928 ) ;
#2250 = EDGE_LOOP ( 'NONE', ( #350, #2007, #232, #1350 ) ) ;
#2251 = AXIS2_PLACEMENT_3D ( 'NONE', #1166, #797, #2243 ) ;
#2252 = APPROVAL_STATUS ( 'not_yet_approved' ) ;
#2253 = AXIS2_PLACEMENT_3D ( 'NONE', #759, #544, #1468 ) ;
#2254 = EDGE_CURVE ( 'NONE', #1098, #1647, #470, .T. ) ;
#2255 = VECTOR ( 'NONE', #2047, 1000.000000000000000 ) ;
#2256 = DIRECTION ( 'NONE',  ( -0.000000000000000000, -0.000000000000000000, -1.000000000000000000 ) ) ;
#2257 = DIRECTION ( 'NONE',  ( 0.000000000000000000, 0.000000000000000000, -1.000000000000000000 ) ) ;
#2258 = FACE_OUTER_BOUND ( 'NONE', #703, .T. ) ;
#2259 = CARTESIAN_POINT ( 'NONE',  ( -87.61241105025642639, 72.10688920628024334, 12.00000000000000711 ) ) ;
#2260 = VERTEX_POINT ( 'NONE', #2283 ) ;
#2261 = EDGE_CURVE ( 'NONE', #2131, #1206, #636, .T. ) ;
#2262 = CYLINDRICAL_SURFACE ( 'NONE', #1002, 5.000000000000000000 ) ;
#2263 = CIRCLE ( 'NONE', #2191, 5.000000000000000888 ) ;
#2264 = LINE ( 'NONE', #1207, #839 ) ;
#2265 = CARTESIAN_POINT ( 'NONE',  ( -10.00000000000000178, 50.00000000000000000, -162.9999999999999716 ) ) ;
#2266 = DIRECTION ( 'NONE',  ( 0.000000000000000000, 0.000000000000000000, 1.000000000000000000 ) ) ;
#2267 = DIRECTION ( 'NONE',  ( -0.9998999519890270360, 0.01414517629233642826, 0.000000000000000000 ) ) ;
#2268 = EDGE_LOOP ( 'NONE', ( #981, #362 ) ) ;
#2269 = VECTOR ( 'NONE', #2090, 1000.000000000000000 ) ;
#2270 = DIRECTION ( 'NONE',  ( 0.000000000000000000, 0.000000000000000000, 1.000000000000000000 ) ) ;
#2271 = ORIENTED_EDGE ( 'NONE', *, *, #1664, .T. ) ;
#2272 = DIRECTION ( 'NONE',  ( -1.000000000000000000, 0.000000000000000000, 0.000000000000000000 ) ) ;
#2273 = DIRECTION ( 'NONE',  ( 0.9998999519890270360, -0.01414517629233642826, 0.000000000000000000 ) ) ;
#2274 = EDGE_CURVE ( 'NONE', #304, #846, #1569, .T. ) ;
#2275 = VERTEX_POINT ( 'NONE', #1184 ) ;
#2276 = CARTESIAN_POINT ( 'NONE',  ( 72.38758894974358782, 72.10688920628028598, 7.000000000000006217 ) ) ;
#2277 = AXIS2_PLACEMENT_3D ( 'NONE', #1633, #17, #749 ) ;
#2278 = CARTESIAN_POINT ( 'NONE',  ( -72.38758894974357361, -72.10688920628035703, 7.000000000000006217 ) ) ;
#2279 = ORIENTED_EDGE ( 'NONE', *, *, #1143, .F. ) ;
#2280 = AXIS2_PLACEMENT_3D ( 'NONE', #2105, #689, #311 ) ;
#2281 = ADVANCED_FACE ( 'NONE', ( #288, #1764, #2301, #2067 ), #277, .F. ) ;
#2282 = CIRCLE ( 'NONE', #355, 5.000000000000000000 ) ;
#2283 = CARTESIAN_POINT ( 'NONE',  ( -72.61391177042096956, -88.10528843810480737, 7.000000000000006217 ) ) ;
#2284 = ORIENTED_EDGE ( 'NONE', *, *, #740, .T. ) ;
#2285 = DIRECTION ( 'NONE',  ( -1.000000000000000000, 0.000000000000000000, 0.000000000000000000 ) ) ;
#2286 = CARTESIAN_POINT ( 'NONE',  ( 84.99999999999998579, -80.00000000000000000, -1.387778780781445676E-14 ) ) ;
#2287 = EDGE_CURVE ( 'NONE', #1924, #1915, #1904, .T. ) ;
#2288 = FACE_OUTER_BOUND ( 'NONE', #1434, .T. ) ;
#2289 = CYLINDRICAL_SURFACE ( 'NONE', #1679, 8.999999999999994671 ) ;
#2290 = ORIENTED_EDGE ( 'NONE', *, *, #1799, .F. ) ;
#2291 = CARTESIAN_POINT ( 'NONE',  ( 79.99999999999998579, -80.00000000000000000, -17.50000000000001421 ) ) ;
#2292 = ORIENTED_EDGE ( 'NONE', *, *, #781, .T. ) ;
#2293 = DIRECTION ( 'NONE',  ( -0.9998999519890270360, 0.01414517629233642826, 0.000000000000000000 ) ) ;
#2294 = PRODUCT ( 'barre_plate_bas_Défaut_sldprt', 'barre_plate_bas_Défaut_sldprt', '', ( #2192 ) ) ;
#2295 = DIRECTION ( 'NONE',  ( 0.000000000000000000, 0.000000000000000000, 1.000000000000000000 ) ) ;
#2296 = DIRECTION ( 'NONE',  ( 0.000000000000000000, 0.000000000000000000, 1.000000000000000000 ) ) ;
#2297 = DIRECTION ( 'NONE',  ( -1.000000000000000000, 0.000000000000000000, 0.000000000000000000 ) ) ;
#2298 = VERTEX_POINT ( 'NONE', #1227 ) ;
#2299 = ADVANCED_FACE ( 'NONE', ( #330 ), #1949, .F. ) ;
#2300 = ADVANCED_FACE ( 'NONE', ( #392 ), #1130, .T. ) ;
#2301 = FACE_BOUND ( 'NONE', #173, .T. ) ;
#2302 = ORIENTED_EDGE ( 'NONE', *, *, #666, .F. ) ;
#2303 = CYLINDRICAL_SURFACE ( 'NONE', #2061, 5.000000000000003553 ) ;
#2304 = DIRECTION ( 'NONE',  ( -1.000000000000000000, 0.000000000000000000, 0.000000000000000000 ) ) ;
#2305 = DIRECTION ( 'NONE',  ( -0.000000000000000000, -0.000000000000000000, -1.000000000000000000 ) ) ;
#2306 = ORIENTED_EDGE ( 'NONE', *, *, #1916, .F. ) ;
#2307 = DIRECTION ( 'NONE',  ( -0.01414517629233675265, -0.9998999519890271470, 0.000000000000000000 ) ) ;
#2308 = CARTESIAN_POINT ( 'NONE',  ( -72.38758894974357361, -72.10688920628035703, 12.00000000000000711 ) ) ;
#2309 = ORIENTED_EDGE ( 'NONE', *, *, #1841, .T. ) ;
#2310 = AXIS2_PLACEMENT_3D ( 'NONE', #2016, #1655, #215 ) ;
#2311 = ADVANCED_FACE ( 'NONE', ( #2216, #917 ), #1278, .F. ) ;
#2312 = VECTOR ( 'NONE', #1769, 1000.000000000000000 ) ;
#2313 = AXIS2_PLACEMENT_3D ( 'NONE', #472, #1173, #838 ) ;
#2314 = ORIENTED_EDGE ( 'NONE', *, *, #2163, .T. ) ;
#2315 = DIRECTION ( 'NONE',  ( 0.000000000000000000, 0.000000000000000000, -1.000000000000000000 ) ) ;
#2316 = DIRECTION ( 'NONE',  ( 1.000000000000000000, 0.000000000000000000, 0.000000000000000000 ) ) ;
#2317 = DIRECTION ( 'NONE',  ( 0.000000000000000000, 0.000000000000000000, 1.000000000000000000 ) ) ;
#2318 = EDGE_LOOP ( 'NONE', ( #1321, #456 ) ) ;
#2319 = DIRECTION ( 'NONE',  ( 0.000000000000000000, 0.000000000000000000, 1.000000000000000000 ) ) ;
#2320 = DIRECTION ( 'NONE',  ( 0.000000000000000000, 0.000000000000000000, 1.000000000000000000 ) ) ;
#2321 = CIRCLE ( 'NONE', #1309, 8.999999999999994671 ) ;
#2322 = ORIENTED_EDGE ( 'NONE', *, *, #342, .F. ) ;
#2323 = CIRCLE ( 'NONE', #1763, 5.000000000000004441 ) ;
#2324 = DIRECTION ( 'NONE',  ( 0.000000000000000000, 0.000000000000000000, 1.000000000000000000 ) ) ;
#2325 = EDGE_CURVE ( 'NONE', #813, #2162, #381, .T. ) ;
#2326 = EDGE_CURVE ( 'NONE', #1277, #271, #1158, .T. ) ;
#2327 = EDGE_LOOP ( 'NONE', ( #1452, #1249, #1159, #219 ) ) ;
#2328 = CARTESIAN_POINT ( 'NONE',  ( 10.00000000000000178, 50.00000000000000000, -162.9999999999999716 ) ) ;
#2329 = CARTESIAN_POINT ( 'NONE',  ( 7.500000000000000000, 9.184850993605147944E-16, -162.9999999999999716 ) ) ;
#2330 = ORIENTED_EDGE ( 'NONE', *, *, #1437, .F. ) ;
#2331 = VERTEX_POINT ( 'NONE', #1456 ) ;
#2332 = DIRECTION ( 'NONE',  ( 0.000000000000000000, 0.000000000000000000, -1.000000000000000000 ) ) ;
#2333 = FACE_OUTER_BOUND ( 'NONE', #677, .T. ) ;
#2334 = ORIENTED_EDGE ( 'NONE', *, *, #238, .F. ) ;
#2335 = ORIENTED_EDGE ( 'NONE', *, *, #411, .T. ) ;
ENDSEC;
END-ISO-10303-21;
