ISO-10303-21;
HEADER;
FILE_DESCRIPTION (( 'STEP AP203' ),
    '1' );
FILE_NAME ('barres_plate_haut_Défaut_sldprt.STEP',
    '2020-11-29T13:37:05',
    ( '' ),
    ( '' ),
    'SwSTEP 2.0',
    'SolidWorks 2020',
    '' );
FILE_SCHEMA (( 'CONFIG_CONTROL_DESIGN' ));
ENDSEC;

DATA;
#1 = DIRECTION ( 'NONE',  ( 0.000000000000000000, 0.000000000000000000, 1.000000000000000000 ) ) ;
#2 = EDGE_LOOP ( 'NONE', ( #197, #289, #1149, #1155 ) ) ;
#3 = CARTESIAN_POINT ( 'NONE',  ( -72.50000000000001421, -80.00000000000007105, 460.2851289680178866 ) ) ;
#4 = ORIENTED_EDGE ( 'NONE', *, *, #1015, .T. ) ;
#5 = EDGE_LOOP ( 'NONE', ( #1338, #68, #62, #457 ) ) ;
#6 = CARTESIAN_POINT ( 'NONE',  ( -72.50000000000000000, -88.00000000000008527, 460.2851289680178866 ) ) ;
#7 = EDGE_CURVE ( 'NONE', #1354, #562, #1327, .T. ) ;
#8 = CARTESIAN_POINT ( 'NONE',  ( -70.00000000000001421, 94.99999999999992895, 443.2851289680178866 ) ) ;
#9 = CARTESIAN_POINT ( 'NONE',  ( 79.99999999999998579, 79.99999999999992895, 448.2851289680178866 ) ) ;
#10 = LINE ( 'NONE', #777, #185 ) ;
#11 = CARTESIAN_POINT ( 'NONE',  ( 69.99999999999998579, -65.00000000000005684, 443.2851289680178866 ) ) ;
#12 = ORIENTED_EDGE ( 'NONE', *, *, #29, .T. ) ;
#13 = AXIS2_PLACEMENT_3D ( 'NONE', #227, #99, #431 ) ;
#14 = ORIENTED_EDGE ( 'NONE', *, *, #1025, .F. ) ;
#15 = FACE_OUTER_BOUND ( 'NONE', #724, .T. ) ;
#16 = AXIS2_PLACEMENT_3D ( 'NONE', #523, #854, #623 ) ;
#17 = FACE_OUTER_BOUND ( 'NONE', #174, .T. ) ;
#18 = EDGE_CURVE ( 'NONE', #1010, #1246, #767, .T. ) ;
#19 = AXIS2_PLACEMENT_3D ( 'NONE', #145, #34, #1014 ) ;
#20 = ORIENTED_EDGE ( 'NONE', *, *, #1356, .F. ) ;
#21 = ADVANCED_FACE ( 'NONE', ( #345 ), #1228, .F. ) ;
#22 = CARTESIAN_POINT ( 'NONE',  ( 69.99999999999998579, -65.00000000000005684, 443.2851289680178866 ) ) ;
#23 = ORIENTED_EDGE ( 'NONE', *, *, #1366, .T. ) ;
#24 = CC_DESIGN_APPROVAL ( #477, ( #927 ) ) ;
#25 = VERTEX_POINT ( 'NONE', #108 ) ;
#26 = LINE ( 'NONE', #290, #484 ) ;
#27 = LINE ( 'NONE', #596, #890 ) ;
#28 = CARTESIAN_POINT ( 'NONE',  ( -70.00000000000001421, 64.99999999999992895, 448.2851289680178866 ) ) ;
#29 = EDGE_CURVE ( 'NONE', #238, #999, #538, .T. ) ;
#30 = DIRECTION ( 'NONE',  ( 0.000000000000000000, 0.000000000000000000, 1.000000000000000000 ) ) ;
#31 = ORIENTED_EDGE ( 'NONE', *, *, #1348, .F. ) ;
#32 = ORIENTED_EDGE ( 'NONE', *, *, #917, .T. ) ;
#33 = DIRECTION ( 'NONE',  ( 0.000000000000000000, 0.000000000000000000, 1.000000000000000000 ) ) ;
#34 = DIRECTION ( 'NONE',  ( 0.000000000000000000, 0.000000000000000000, -1.000000000000000000 ) ) ;
#35 = DIRECTION ( 'NONE',  ( -0.000000000000000000, -0.000000000000000000, -1.000000000000000000 ) ) ;
#36 = VERTEX_POINT ( 'NONE', #681 ) ;
#37 = EDGE_CURVE ( 'NONE', #760, #365, #228, .T. ) ;
#38 = VECTOR ( 'NONE', #1201, 1000.000000000000000 ) ;
#39 = PLANE ( 'NONE',  #1011 ) ;
#40 = CARTESIAN_POINT ( 'NONE',  ( -80.00000000000001421, -80.00000000000005684, 413.2851289680178866 ) ) ;
#41 = CIRCLE ( 'NONE', #1031, 5.000000000000004441 ) ;
#42 = ORIENTED_EDGE ( 'NONE', *, *, #1299, .T. ) ;
#43 = AXIS2_PLACEMENT_3D ( 'NONE', #595, #918, #1251 ) ;
#44 = CC_DESIGN_PERSON_AND_ORGANIZATION_ASSIGNMENT ( #85, #970, ( #366 ) ) ;
#45 = CARTESIAN_POINT ( 'NONE',  ( -80.00000000000001421, -80.00000000000005684, 413.2851289680178866 ) ) ;
#46 = VECTOR ( 'NONE', #739, 1000.000000000000000 ) ;
#47 = DIRECTION ( 'NONE',  ( 0.000000000000000000, 1.000000000000000000, 0.000000000000000000 ) ) ;
#48 = EDGE_LOOP ( 'NONE', ( #833, #320 ) ) ;
#49 = CARTESIAN_POINT ( 'NONE',  ( 79.99999999999998579, 79.99999999999992895, 448.2851289680178866 ) ) ;
#50 = EDGE_CURVE ( 'NONE', #715, #1054, #10, .T. ) ;
#51 = DIRECTION ( 'NONE',  ( 1.000000000000000000, 0.000000000000000000, 0.000000000000000000 ) ) ;
#52 = ORIENTED_EDGE ( 'NONE', *, *, #971, .F. ) ;
#53 = PERSON_AND_ORGANIZATION_ROLE ( 'creator' ) ;
#54 = CARTESIAN_POINT ( 'NONE',  ( -90.00000000000002842, 94.99999999999992895, 443.2851289680178866 ) ) ;
#55 = CARTESIAN_POINT ( 'NONE',  ( 88.99999999999998579, 79.99999999999992895, 413.2851289680178297 ) ) ;
#56 = ADVANCED_FACE ( 'NONE', ( #570 ), #1016, .F. ) ;
#57 = EDGE_CURVE ( 'NONE', #222, #760, #1320, .T. ) ;
#58 = ORIENTED_EDGE ( 'NONE', *, *, #487, .T. ) ;
#59 = DIRECTION ( 'NONE',  ( 0.000000000000000000, 0.000000000000000000, -1.000000000000000000 ) ) ;
#60 = AXIS2_PLACEMENT_3D ( 'NONE', #1317, #526, #1196 ) ;
#61 = DIRECTION ( 'NONE',  ( -1.000000000000000000, -1.120806244748273646E-16, 0.000000000000000000 ) ) ;
#62 = ORIENTED_EDGE ( 'NONE', *, *, #1238, .T. ) ;
#63 = EDGE_CURVE ( 'NONE', #36, #139, #1002, .T. ) ;
#64 = CARTESIAN_POINT ( 'NONE',  ( -76.63523454626128739, 76.30157419415679954, 443.2851289680178866 ) ) ;
#65 = CARTESIAN_POINT ( 'NONE',  ( -80.00000000000001421, -80.00000000000005684, 448.2851289680178866 ) ) ;
#66 = DIRECTION ( 'NONE',  ( 0.000000000000000000, 0.000000000000000000, 1.000000000000000000 ) ) ;
#67 = PLANE ( 'NONE',  #420 ) ;
#68 = ORIENTED_EDGE ( 'NONE', *, *, #1205, .T. ) ;
#69 = EDGE_CURVE ( 'NONE', #157, #1018, #134, .T. ) ;
#70 = ORIENTED_EDGE ( 'NONE', *, *, #568, .F. ) ;
#71 = FACE_OUTER_BOUND ( 'NONE', #48, .T. ) ;
#72 = DIRECTION ( 'NONE',  ( 0.000000000000000000, 0.000000000000000000, 1.000000000000000000 ) ) ;
#73 = CIRCLE ( 'NONE', #1282, 5.000000000000004441 ) ;
#74 = AXIS2_PLACEMENT_3D ( 'NONE', #75, #735, #966 ) ;
#75 = CARTESIAN_POINT ( 'NONE',  ( -70.00000000000001421, 87.99999999999992895, 448.2851289680178866 ) ) ;
#76 = ORIENTED_EDGE ( 'NONE', *, *, #359, .F. ) ;
#77 = DIRECTION ( 'NONE',  ( 0.000000000000000000, 0.000000000000000000, 1.000000000000000000 ) ) ;
#78 = CARTESIAN_POINT ( 'NONE',  ( 69.99999999999998579, -65.00000000000005684, 448.2851289680178866 ) ) ;
#79 = DIRECTION ( 'NONE',  ( 0.000000000000000000, 0.000000000000000000, -1.000000000000000000 ) ) ;
#80 = ORIENTED_EDGE ( 'NONE', *, *, #398, .F. ) ;
#81 = VERTEX_POINT ( 'NONE', #1022 ) ;
#82 = CARTESIAN_POINT ( 'NONE',  ( 87.50000000000000000, 87.99999999999991473, 455.2851289680178866 ) ) ;
#83 = CARTESIAN_POINT ( 'NONE',  ( -72.50000000000001421, -72.00000000000005684, 460.2851289680178866 ) ) ;
#84 = EDGE_CURVE ( 'NONE', #624, #440, #577, .T. ) ;
#85 = PERSON_AND_ORGANIZATION ( #1080, #195 ) ;
#86 = CARTESIAN_POINT ( 'NONE',  ( 87.50000000000000000, 79.99999999999990052, 455.2851289680178866 ) ) ;
#87 = ORIENTED_EDGE ( 'NONE', *, *, #1391, .T. ) ;
#88 = LINE ( 'NONE', #105, #1147 ) ;
#89 = DIRECTION ( 'NONE',  ( 0.000000000000000000, 1.000000000000000000, 0.000000000000000000 ) ) ;
#90 = CARTESIAN_POINT ( 'NONE',  ( 84.99999999999998579, 79.99999999999992895, 448.2851289680178866 ) ) ;
#91 = DIRECTION ( 'NONE',  ( -0.000000000000000000, -0.000000000000000000, -1.000000000000000000 ) ) ;
#92 = AXIS2_PLACEMENT_3D ( 'NONE', #1234, #124, #977 ) ;
#93 = ADVANCED_FACE ( 'NONE', ( #1132 ), #243, .F. ) ;
#94 = CARTESIAN_POINT ( 'NONE',  ( 76.63523454626125897, -76.30157419415692743, 448.2851289680178866 ) ) ;
#95 = ORIENTED_EDGE ( 'NONE', *, *, #825, .T. ) ;
#96 = DIRECTION ( 'NONE',  ( 1.000000000000000000, 6.753856733136368626E-16, 0.000000000000000000 ) ) ;
#97 = VECTOR ( 'NONE', #1393, 1000.000000000000114 ) ;
#98 = CYLINDRICAL_SURFACE ( 'NONE', #895, 5.000000000000004441 ) ;
#99 = DIRECTION ( 'NONE',  ( 0.000000000000000000, 0.000000000000000000, -1.000000000000000000 ) ) ;
#100 = EDGE_LOOP ( 'NONE', ( #52, #76, #955, #1377, #1019, #244, #565, #898 ) ) ;
#101 = DIRECTION ( 'NONE',  ( 0.000000000000000000, 0.000000000000000000, -1.000000000000000000 ) ) ;
#102 = LOCAL_TIME ( 14, 37, 5.000000000000000000, #1189 ) ;
#103 = ORIENTED_EDGE ( 'NONE', *, *, #816, .F. ) ;
#104 = ORIENTED_EDGE ( 'NONE', *, *, #223, .F. ) ;
#105 = CARTESIAN_POINT ( 'NONE',  ( 88.99999999999998579, 79.99999999999992895, 448.2851289680178866 ) ) ;
#106 = CARTESIAN_POINT ( 'NONE',  ( -89.00000000000001421, -80.00000000000005684, 413.2851289680178866 ) ) ;
#107 = DIRECTION ( 'NONE',  ( -0.000000000000000000, -0.000000000000000000, -1.000000000000000000 ) ) ;
#108 = CARTESIAN_POINT ( 'NONE',  ( -90.00000000000002842, 64.99999999999992895, 448.2851289680178866 ) ) ;
#109 = DIRECTION ( 'NONE',  ( 0.000000000000000000, 0.000000000000000000, 1.000000000000000000 ) ) ;
#110 = VERTEX_POINT ( 'NONE', #401 ) ;
#111 = ADVANCED_FACE ( 'NONE', ( #948 ), #281, .T. ) ;
#112 = ORIENTED_EDGE ( 'NONE', *, *, #84, .F. ) ;
#113 = CARTESIAN_POINT ( 'NONE',  ( -75.00000000000001421, -80.00000000000005684, 448.2851289680178866 ) ) ;
#114 = EDGE_CURVE ( 'NONE', #1048, #36, #1400, .T. ) ;
#115 = FACE_OUTER_BOUND ( 'NONE', #230, .T. ) ;
#116 = DIRECTION ( 'NONE',  ( -0.000000000000000000, -0.000000000000000000, -1.000000000000000000 ) ) ;
#117 = ORIENTED_EDGE ( 'NONE', *, *, #63, .F. ) ;
#118 = LINE ( 'NONE', #22, #1047 ) ;
#119 = VERTEX_POINT ( 'NONE', #841 ) ;
#120 = AXIS2_PLACEMENT_3D ( 'NONE', #329, #221, #540 ) ;
#121 = ORIENTED_EDGE ( 'NONE', *, *, #1133, .F. ) ;
#122 = CARTESIAN_POINT ( 'NONE',  ( -70.00000000000001421, 64.99999999999992895, 448.2851289680178866 ) ) ;
#123 = AXIS2_PLACEMENT_3D ( 'NONE', #253, #1021, #248 ) ;
#124 = DIRECTION ( 'NONE',  ( 0.000000000000000000, 0.000000000000000000, 1.000000000000000000 ) ) ;
#125 = DIRECTION ( 'NONE',  ( 0.000000000000000000, 0.000000000000000000, -1.000000000000000000 ) ) ;
#126 = AXIS2_PLACEMENT_3D ( 'NONE', #877, #1325, #193 ) ;
#127 = CARTESIAN_POINT ( 'NONE',  ( 88.99999999999998579, 79.99999999999992895, 448.2851289680178866 ) ) ;
#128 = VERTEX_POINT ( 'NONE', #863 ) ;
#129 = AXIS2_PLACEMENT_3D ( 'NONE', #916, #469, #1341 ) ;
#130 = ORIENTED_EDGE ( 'NONE', *, *, #529, .T. ) ;
#131 =( NAMED_UNIT ( * ) SI_UNIT ( $, .STERADIAN. ) SOLID_ANGLE_UNIT ( ) );
#132 = FACE_OUTER_BOUND ( 'NONE', #5, .T. ) ;
#133 = EDGE_CURVE ( 'NONE', #442, #1315, #1119, .T. ) ;
#134 = LINE ( 'NONE', #688, #378 ) ;
#135 = ORIENTED_EDGE ( 'NONE', *, *, #1068, .T. ) ;
#136 = EDGE_LOOP ( 'NONE', ( #357, #864, #1232, #721 ) ) ;
#137 = CARTESIAN_POINT ( 'NONE',  ( -72.50000000000001421, -80.00000000000007105, 455.2851289680178866 ) ) ;
#138 = CARTESIAN_POINT ( 'NONE',  ( -70.00000000000001421, 94.99999999999992895, 448.2851289680178866 ) ) ;
#139 = VERTEX_POINT ( 'NONE', #415 ) ;
#140 = EDGE_CURVE ( 'NONE', #1427, #282, #857, .T. ) ;
#141 = AXIS2_PLACEMENT_3D ( 'NONE', #1065, #1167, #640 ) ;
#142 = AXIS2_PLACEMENT_3D ( 'NONE', #1206, #1333, #652 ) ;
#143 = CARTESIAN_POINT ( 'NONE',  ( 69.99999999999998579, -88.00000000000005684, 443.2851289680178866 ) ) ;
#144 = CLOSED_SHELL ( 'NONE', ( #694, #668, #489, #1172, #414, #1404, #1079, #375 ) ) ;
#145 = CARTESIAN_POINT ( 'NONE',  ( 87.50000000000000000, 79.99999999999990052, 460.2851289680178866 ) ) ;
#146 = ORIENTED_EDGE ( 'NONE', *, *, #1112, .T. ) ;
#147 = AXIS2_PLACEMENT_3D ( 'NONE', #335, #1078, #1003 ) ;
#148 = ADVANCED_FACE ( 'NONE', ( #1292 ), #179, .F. ) ;
#149 = FACE_OUTER_BOUND ( 'NONE', #818, .T. ) ;
#150 = DIRECTION ( 'NONE',  ( 1.000000000000000000, 0.000000000000000000, 0.000000000000000000 ) ) ;
#151 = ORIENTED_EDGE ( 'NONE', *, *, #756, .T. ) ;
#152 = APPROVAL_STATUS ( 'not_yet_approved' ) ;
#153 = EDGE_CURVE ( 'NONE', #283, #554, #722, .T. ) ;
#154 = FACE_OUTER_BOUND ( 'NONE', #518, .T. ) ;
#155 = ADVANCED_FACE ( 'NONE', ( #1192, #1313 ), #67, .F. ) ;
#156 = FACE_OUTER_BOUND ( 'NONE', #673, .T. ) ;
#157 = VERTEX_POINT ( 'NONE', #960 ) ;
#158 = DIRECTION ( 'NONE',  ( -1.000000000000000000, 0.000000000000000000, 0.000000000000000000 ) ) ;
#159 = VECTOR ( 'NONE', #1384, 1000.000000000000000 ) ;
#160 = LINE ( 'NONE', #846, #978 ) ;
#161 = EDGE_CURVE ( 'NONE', #25, #1010, #632, .T. ) ;
#162 = AXIS2_PLACEMENT_3D ( 'NONE', #697, #1263, #709 ) ;
#163 = ORIENTED_EDGE ( 'NONE', *, *, #1383, .T. ) ;
#164 = AXIS2_PLACEMENT_3D ( 'NONE', #1050, #61, #1288 ) ;
#165 = CARTESIAN_POINT ( 'NONE',  ( -70.00000000000001421, 71.07496207581515080, 448.2851289680178866 ) ) ;
#166 = ORIENTED_EDGE ( 'NONE', *, *, #982, .F. ) ;
#167 = DIRECTION ( 'NONE',  ( 1.000000000000000000, 1.734723475976807094E-16, -0.000000000000000000 ) ) ;
#168 = VECTOR ( 'NONE', #1332, 1000.000000000000000 ) ;
#169 = AXIS2_PLACEMENT_3D ( 'NONE', #826, #516, #1305 ) ;
#170 = CARTESIAN_POINT ( 'NONE',  ( 89.99999999999998579, -65.00000000000005684, 443.2851289680178866 ) ) ;
#171 = EDGE_CURVE ( 'NONE', #341, #353, #763, .T. ) ;
#172 = EDGE_LOOP ( 'NONE', ( #1126, #1175 ) ) ;
#173 = DIRECTION ( 'NONE',  ( 0.000000000000000000, 0.000000000000000000, 1.000000000000000000 ) ) ;
#174 = EDGE_LOOP ( 'NONE', ( #1060, #434, #787, #394 ) ) ;
#175 = ORIENTED_EDGE ( 'NONE', *, *, #628, .F. ) ;
#176 = DIRECTION ( 'NONE',  ( -0.000000000000000000, 0.000000000000000000, -1.000000000000000000 ) ) ;
#177 = DIRECTION ( 'NONE',  ( 0.000000000000000000, 0.000000000000000000, 1.000000000000000000 ) ) ;
#178 = DATE_AND_TIME ( #711, #1367 ) ;
#179 = CYLINDRICAL_SURFACE ( 'NONE', #16, 5.000000000000004441 ) ;
#180 = ORIENTED_EDGE ( 'NONE', *, *, #161, .T. ) ;
#181 = EDGE_LOOP ( 'NONE', ( #532, #409, #1355, #1210 ) ) ;
#182 = EDGE_CURVE ( 'NONE', #1075, #417, #1395, .T. ) ;
#183 = CARTESIAN_POINT ( 'NONE',  ( 69.99999999999998579, -65.00000000000005684, 448.2851289680178866 ) ) ;
#184 = CARTESIAN_POINT ( 'NONE',  ( 69.99999999999998579, -71.07496207581527869, 448.2851289680178866 ) ) ;
#185 = VECTOR ( 'NONE', #125, 1000.000000000000000 ) ;
#186 = AXIS2_PLACEMENT_3D ( 'NONE', #395, #1055, #1180 ) ;
#187 = DATE_AND_TIME ( #1179, #102 ) ;
#188 = DIRECTION ( 'NONE',  ( -1.000000000000000000, 0.000000000000000000, 0.000000000000000000 ) ) ;
#189 = ORIENTED_EDGE ( 'NONE', *, *, #686, .T. ) ;
#190 = CIRCLE ( 'NONE', #123, 5.000000000000004441 ) ;
#191 = EDGE_CURVE ( 'NONE', #731, #1074, #517, .T. ) ;
#192 = LINE ( 'NONE', #858, #46 ) ;
#193 = DIRECTION ( 'NONE',  ( 1.000000000000000000, 0.000000000000000000, 0.000000000000000000 ) ) ;
#194 = CIRCLE ( 'NONE', #1428, 5.000000000000004441 ) ;
#195 = ORGANIZATION ( 'UNSPECIFIED', 'UNSPECIFIED', '' ) ;
#196 = CARTESIAN_POINT ( 'NONE',  ( -72.50000000000000000, -88.00000000000008527, 455.2851289680178866 ) ) ;
#197 = ORIENTED_EDGE ( 'NONE', *, *, #729, .T. ) ;
#198 = ORIENTED_EDGE ( 'NONE', *, *, #610, .F. ) ;
#199 = DIRECTION ( 'NONE',  ( 0.8390976183068128424, 0.5439808700237851458, 0.000000000000000000 ) ) ;
#200 = FACE_OUTER_BOUND ( 'NONE', #274, .T. ) ;
#201 = ADVANCED_FACE ( 'NONE', ( #617, #1306 ), #1058, .T. ) ;
#202 = DIRECTION ( 'NONE',  ( 1.000000000000000000, 6.753856733136368626E-16, 0.000000000000000000 ) ) ;
#203 = DIRECTION ( 'NONE',  ( 0.000000000000000000, 0.000000000000000000, 1.000000000000000000 ) ) ;
#204 = ORIENTED_EDGE ( 'NONE', *, *, #1356, .T. ) ;
#205 = CARTESIAN_POINT ( 'NONE',  ( 72.50000000000000000, 87.99999999999990052, 455.2851289680178866 ) ) ;
#206 = LINE ( 'NONE', #1105, #867 ) ;
#207 = CARTESIAN_POINT ( 'NONE',  ( 80.00000000000000000, 84.99999999999991473, 450.2851289680178866 ) ) ;
#208 = ORIENTED_EDGE ( 'NONE', *, *, #571, .T. ) ;
#209 = VECTOR ( 'NONE', #1419, 1000.000000000000114 ) ;
#210 = DIRECTION ( 'NONE',  ( -1.000000000000000000, 0.000000000000000000, 0.000000000000000000 ) ) ;
#211 = ORIENTED_EDGE ( 'NONE', *, *, #1120, .T. ) ;
#212 = ORIENTED_EDGE ( 'NONE', *, *, #728, .F. ) ;
#213 = CYLINDRICAL_SURFACE ( 'NONE', #1339, 8.999999999999994671 ) ;
#214 = CIRCLE ( 'NONE', #799, 8.999999999999994671 ) ;
#215 = CARTESIAN_POINT ( 'NONE',  ( 79.99999999999998579, 79.99999999999992895, 413.2851289680178297 ) ) ;
#216 = AXIS2_PLACEMENT_3D ( 'NONE', #870, #438, #89 ) ;
#217 = DIRECTION ( 'NONE',  ( 1.000000000000000000, 0.000000000000000000, 0.000000000000000000 ) ) ;
#218 = CARTESIAN_POINT ( 'NONE',  ( 79.99999999999998579, -80.00000000000005684, 448.2851289680178866 ) ) ;
#219 = AXIS2_PLACEMENT_3D ( 'NONE', #519, #404, #158 ) ;
#220 = ADVANCED_FACE ( 'NONE', ( #302 ), #1082, .F. ) ;
#221 = DIRECTION ( 'NONE',  ( 0.000000000000000000, 0.000000000000000000, 1.000000000000000000 ) ) ;
#222 = VERTEX_POINT ( 'NONE', #1300 ) ;
#223 = EDGE_CURVE ( 'NONE', #593, #649, #1422, .T. ) ;
#224 = VERTEX_POINT ( 'NONE', #64 ) ;
#225 = DIRECTION ( 'NONE',  ( -1.000000000000000000, -6.753856733136369612E-16, 0.000000000000000000 ) ) ;
#226 = DIRECTION ( 'NONE',  ( 0.7855577629879423318, -0.6187883329615870842, 0.000000000000000000 ) ) ;
#227 = CARTESIAN_POINT ( 'NONE',  ( -87.50000000000000000, -80.00000000000007105, 460.2851289680178866 ) ) ;
#228 = LINE ( 'NONE', #1123, #1241 ) ;
#229 = CYLINDRICAL_SURFACE ( 'NONE', #1243, 8.999999999999994671 ) ;
#230 = EDGE_LOOP ( 'NONE', ( #103, #261, #461, #744 ) ) ;
#231 = ORIENTED_EDGE ( 'NONE', *, *, #407, .F. ) ;
#232 = DIRECTION ( 'NONE',  ( -1.000000000000000000, 0.000000000000000000, 0.000000000000000000 ) ) ;
#233 = DIRECTION ( 'NONE',  ( 0.000000000000000000, 0.000000000000000000, 1.000000000000000000 ) ) ;
#234 = ORIENTED_EDGE ( 'NONE', *, *, #982, .T. ) ;
#235 = CYLINDRICAL_SURFACE ( 'NONE', #120, 5.000000000000004441 ) ;
#236 = CLOSED_SHELL ( 'NONE', ( #293, #1061, #1290, #522, #1375, #201, #1088, #991 ) ) ;
#237 = ORIENTED_EDGE ( 'NONE', *, *, #1198, .F. ) ;
#238 = VERTEX_POINT ( 'NONE', #507 ) ;
#239 = ADVANCED_FACE ( 'NONE', ( #834 ), #511, .F. ) ;
#240 = DIRECTION ( 'NONE',  ( 0.000000000000000000, 0.000000000000000000, 1.000000000000000000 ) ) ;
#241 = VECTOR ( 'NONE', #829, 1000.000000000000227 ) ;
#242 = DIRECTION ( 'NONE',  ( 0.000000000000000000, 0.000000000000000000, 1.000000000000000000 ) ) ;
#243 = PLANE ( 'NONE',  #561 ) ;
#244 = ORIENTED_EDGE ( 'NONE', *, *, #678, .F. ) ;
#245 = CIRCLE ( 'NONE', #309, 5.000000000000004441 ) ;
#246 = ORIENTED_EDGE ( 'NONE', *, *, #886, .F. ) ;
#247 = CARTESIAN_POINT ( 'NONE',  ( -70.00000000000001421, 64.99999999999992895, 443.2851289680178866 ) ) ;
#248 = DIRECTION ( 'NONE',  ( 0.000000000000000000, 1.000000000000000000, 0.000000000000000000 ) ) ;
#249 = EDGE_CURVE ( 'NONE', #705, #524, #451, .T. ) ;
#250 = ORIENTED_EDGE ( 'NONE', *, *, #971, .T. ) ;
#251 = DIRECTION ( 'NONE',  ( -4.440892098500626162E-16, 1.000000000000000000, 0.000000000000000000 ) ) ;
#252 = LINE ( 'NONE', #926, #723 ) ;
#253 = CARTESIAN_POINT ( 'NONE',  ( -80.00000000000000000, -80.00000000000007105, 455.2851289680178866 ) ) ;
#254 = CARTESIAN_POINT ( 'NONE',  ( 80.00000000000000000, 84.99999999999991473, 460.2851289680178866 ) ) ;
#255 = ORIENTED_EDGE ( 'NONE', *, *, #359, .T. ) ;
#256 = ORIENTED_EDGE ( 'NONE', *, *, #1219, .T. ) ;
#257 = AXIS2_PLACEMENT_3D ( 'NONE', #810, #1260, #1023 ) ;
#258 = CARTESIAN_POINT ( 'NONE',  ( -80.00000000000001421, -80.00000000000005684, 448.2851289680178866 ) ) ;
#259 = AXIS2_PLACEMENT_3D ( 'NONE', #872, #318, #758 ) ;
#260 = CARTESIAN_POINT ( 'NONE',  ( -90.00000000000002842, 64.99999999999992895, 448.2851289680178866 ) ) ;
#261 = ORIENTED_EDGE ( 'NONE', *, *, #707, .F. ) ;
#262 = EDGE_CURVE ( 'NONE', #1315, #442, #1181, .T. ) ;
#263 = AXIS2_PLACEMENT_3D ( 'NONE', #65, #1162, #620 ) ;
#264 = PERSON_AND_ORGANIZATION_ROLE ( 'design_owner' ) ;
#265 = ADVANCED_FACE ( 'NONE', ( #1220 ), #989, .T. ) ;
#266 = CARTESIAN_POINT ( 'NONE',  ( -72.50000000000001421, -72.00000000000005684, 455.2851289680178866 ) ) ;
#267 = CARTESIAN_POINT ( 'NONE',  ( 87.50000000000000000, 87.99999999999991473, 455.2851289680178866 ) ) ;
#268 = EDGE_LOOP ( 'NONE', ( #198, #212 ) ) ;
#269 = COORDINATED_UNIVERSAL_TIME_OFFSET ( 1, 0, .AHEAD. ) ;
#270 = APPROVAL ( #599, 'UNSPECIFIED' ) ;
#271 = FACE_BOUND ( 'NONE', #604, .T. ) ;
#272 = CARTESIAN_POINT ( 'NONE',  ( 71.00000000000000000, 79.99999999999992895, 413.2851289680178297 ) ) ;
#273 = ORIENTED_EDGE ( 'NONE', *, *, #965, .T. ) ;
#274 = EDGE_LOOP ( 'NONE', ( #1224, #237, #641, #425 ) ) ;
#275 = CARTESIAN_POINT ( 'NONE',  ( 69.99999999999998579, -88.00000000000005684, 448.2851289680178866 ) ) ;
#276 = VECTOR ( 'NONE', #1106, 1000.000000000000000 ) ;
#277 = EDGE_CURVE ( 'NONE', #119, #110, #354, .T. ) ;
#278 = FACE_OUTER_BOUND ( 'NONE', #753, .T. ) ;
#279 = ORIENTED_EDGE ( 'NONE', *, *, #191, .T. ) ;
#280 = ADVANCED_BREP_SHAPE_REPRESENTATION ( 'barres_plate_haut_DÚfaut_sldprt', ( #323, #336, #364, #344, #316, #1281, #169 ), #1430 ) ;
#281 = PLANE ( 'NONE',  #74 ) ;
#282 = VERTEX_POINT ( 'NONE', #891 ) ;
#283 = VERTEX_POINT ( 'NONE', #1236 ) ;
#284 = LINE ( 'NONE', #1396, #662 ) ;
#285 = VECTOR ( 'NONE', #1012, 1000.000000000000000 ) ;
#286 = CARTESIAN_POINT ( 'NONE',  ( -70.00000000000001421, 87.99999999999992895, 448.2851289680178866 ) ) ;
#287 = DIRECTION ( 'NONE',  ( 0.000000000000000000, 0.000000000000000000, 1.000000000000000000 ) ) ;
#288 = EDGE_LOOP ( 'NONE', ( #211, #112, #31, #547 ) ) ;
#289 = ORIENTED_EDGE ( 'NONE', *, *, #520, .F. ) ;
#290 = CARTESIAN_POINT ( 'NONE',  ( -87.50000000000000000, -88.00000000000008527, 460.2851289680178866 ) ) ;
#291 = CARTESIAN_POINT ( 'NONE',  ( -72.50000000000001421, -72.00000000000005684, 455.2851289680178866 ) ) ;
#292 = PERSON_AND_ORGANIZATION ( #1080, #195 ) ;
#293 = ADVANCED_FACE ( 'NONE', ( #1328 ), #235, .F. ) ;
#294 = DIRECTION ( 'NONE',  ( 0.000000000000000000, 0.000000000000000000, 1.000000000000000000 ) ) ;
#295 = VERTEX_POINT ( 'NONE', #11 ) ;
#296 = EDGE_LOOP ( 'NONE', ( #372, #550, #1143, #667 ) ) ;
#297 = LINE ( 'NONE', #1308, #1269 ) ;
#298 = DIRECTION ( 'NONE',  ( 0.000000000000000000, 1.000000000000000000, 0.000000000000000000 ) ) ;
#299 = VECTOR ( 'NONE', #91, 1000.000000000000000 ) ;
#300 = CIRCLE ( 'NONE', #536, 5.000000000000004441 ) ;
#301 = DATE_AND_TIME ( #1064, #1053 ) ;
#302 = FACE_OUTER_BOUND ( 'NONE', #1117, .T. ) ;
#303 = ORIENTED_EDGE ( 'NONE', *, *, #412, .F. ) ;
#304 = ADVANCED_FACE ( 'NONE', ( #899 ), #229, .T. ) ;
#305 = ORIENTED_EDGE ( 'NONE', *, *, #586, .T. ) ;
#306 = DIRECTION ( 'NONE',  ( -0.000000000000000000, -0.000000000000000000, -1.000000000000000000 ) ) ;
#307 = EDGE_CURVE ( 'NONE', #967, #1432, #73, .T. ) ;
#308 = FACE_OUTER_BOUND ( 'NONE', #1239, .T. ) ;
#309 = AXIS2_PLACEMENT_3D ( 'NONE', #1225, #558, #1001 ) ;
#310 = DIRECTION ( 'NONE',  ( 1.734723475976807094E-16, -1.000000000000000000, 0.000000000000000000 ) ) ;
#311 = DATE_TIME_ROLE ( 'classification_date' ) ;
#312 = DIRECTION ( 'NONE',  ( 1.000000000000000000, 0.000000000000000000, -0.000000000000000000 ) ) ;
#313 = EDGE_LOOP ( 'NONE', ( #87, #992, #1237, #1083 ) ) ;
#314 = CARTESIAN_POINT ( 'NONE',  ( -80.00000000000001421, -80.00000000000005684, 448.2851289680178866 ) ) ;
#315 = CARTESIAN_POINT ( 'NONE',  ( -70.00000000000001421, 64.99999999999992895, 443.2851289680178866 ) ) ;
#316 = MANIFOLD_SOLID_BREP ( 'Maintien2-1-solid1', #820 ) ;
#317 = CARTESIAN_POINT ( 'NONE',  ( 87.50000000000001421, 71.99999999999990052, 455.2851289680178866 ) ) ;
#318 = DIRECTION ( 'NONE',  ( 0.000000000000000000, 0.000000000000000000, 1.000000000000000000 ) ) ;
#319 = FACE_OUTER_BOUND ( 'NONE', #574, .T. ) ;
#320 = ORIENTED_EDGE ( 'NONE', *, *, #1133, .T. ) ;
#321 = ORIENTED_EDGE ( 'NONE', *, *, #57, .F. ) ;
#322 = LINE ( 'NONE', #762, #1073 ) ;
#323 = MANIFOLD_SOLID_BREP ( 'maintien-1-solid1', #236 ) ;
#324 = LINE ( 'NONE', #782, #1221 ) ;
#325 = EDGE_CURVE ( 'NONE', #295, #760, #118, .T. ) ;
#326 = FACE_OUTER_BOUND ( 'NONE', #1101, .T. ) ;
#327 = ORIENTED_EDGE ( 'NONE', *, *, #114, .F. ) ;
#328 = AXIS2_PLACEMENT_3D ( 'NONE', #579, #1046, #1369 ) ;
#329 = CARTESIAN_POINT ( 'NONE',  ( -80.00000000000000000, -80.00000000000007105, 450.2851289680178866 ) ) ;
#330 = VECTOR ( 'NONE', #1087, 1000.000000000000000 ) ;
#331 = ORIENTED_EDGE ( 'NONE', *, *, #277, .F. ) ;
#332 = AXIS2_PLACEMENT_3D ( 'NONE', #464, #905, #1352 ) ;
#333 = ORIENTED_EDGE ( 'NONE', *, *, #1420, .T. ) ;
#334 = LINE ( 'NONE', #747, #775 ) ;
#335 = CARTESIAN_POINT ( 'NONE',  ( -80.00000000000001421, -80.00000000000005684, 413.2851289680178866 ) ) ;
#336 = MANIFOLD_SOLID_BREP ( 'maintien-2-solid1', #144 ) ;
#337 = CYLINDRICAL_SURFACE ( 'NONE', #13, 8.000000000000007105 ) ;
#338 = ORIENTED_EDGE ( 'NONE', *, *, #50, .T. ) ;
#339 = VECTOR ( 'NONE', #812, 1000.000000000000000 ) ;
#340 = CARTESIAN_POINT ( 'NONE',  ( 71.00000000000000000, 79.99999999999992895, 448.2851289680178866 ) ) ;
#341 = VERTEX_POINT ( 'NONE', #340 ) ;
#342 = VERTEX_POINT ( 'NONE', #980 ) ;
#343 = CARTESIAN_POINT ( 'NONE',  ( -75.00000000000001421, -80.00000000000005684, 448.2851289680178866 ) ) ;
#344 = MANIFOLD_SOLID_BREP ( 'Coulisse_grand-2-solid1', #738 ) ;
#345 = FACE_OUTER_BOUND ( 'NONE', #1415, .T. ) ;
#346 = DIRECTION ( 'NONE',  ( -0.7855577629879423318, 0.6187883329615870842, 0.000000000000000000 ) ) ;
#347 = EDGE_LOOP ( 'NONE', ( #204, #990, #327, #23 ) ) ;
#348 = EDGE_CURVE ( 'NONE', #1394, #282, #683, .T. ) ;
#349 = ORIENTED_EDGE ( 'NONE', *, *, #37, .T. ) ;
#350 = CARTESIAN_POINT ( 'NONE',  ( 84.99999999999998579, 79.99999999999992895, 413.2851289680178297 ) ) ;
#351 = CYLINDRICAL_SURFACE ( 'NONE', #613, 8.000000000000007105 ) ;
#352 = DIRECTION ( 'NONE',  ( -0.000000000000000000, -0.000000000000000000, -1.000000000000000000 ) ) ;
#353 = VERTEX_POINT ( 'NONE', #127 ) ;
#354 = LINE ( 'NONE', #94, #682 ) ;
#355 = CIRCLE ( 'NONE', #257, 5.000000000000004441 ) ;
#356 = ORIENTED_EDGE ( 'NONE', *, *, #886, .T. ) ;
#357 = ORIENTED_EDGE ( 'NONE', *, *, #500, .T. ) ;
#358 = PLANE ( 'NONE',  #823 ) ;
#359 = EDGE_CURVE ( 'NONE', #999, #1074, #648, .T. ) ;
#360 = CARTESIAN_POINT ( 'NONE',  ( -70.00000000000001421, 71.07496207581515080, 443.2851289680178866 ) ) ;
#361 = CIRCLE ( 'NONE', #1161, 8.000000000000007105 ) ;
#362 = LINE ( 'NONE', #1040, #423 ) ;
#363 = DIRECTION ( 'NONE',  ( 0.000000000000000000, 0.000000000000000000, -1.000000000000000000 ) ) ;
#364 = MANIFOLD_SOLID_BREP ( 'Coulisse_grand-1-solid1', #1209 ) ;
#365 = VERTEX_POINT ( 'NONE', #1090 ) ;
#366 = PRODUCT_DEFINITION_FORMATION_WITH_SPECIFIED_SOURCE ( 'ANY', '', #952, .NOT_KNOWN. ) ;
#367 = FACE_BOUND ( 'NONE', #556, .T. ) ;
#368 = CC_DESIGN_PERSON_AND_ORGANIZATION_ASSIGNMENT ( #292, #53, ( #366 ) ) ;
#369 = DIRECTION ( 'NONE',  ( 1.000000000000000000, 6.753856733136369612E-16, 0.000000000000000000 ) ) ;
#370 = CARTESIAN_POINT ( 'NONE',  ( 69.99999999999998579, -95.00000000000005684, 443.2851289680178866 ) ) ;
#371 = ORIENTED_EDGE ( 'NONE', *, *, #778, .F. ) ;
#372 = ORIENTED_EDGE ( 'NONE', *, *, #1259, .T. ) ;
#373 = DIRECTION ( 'NONE',  ( 0.000000000000000000, 0.000000000000000000, 1.000000000000000000 ) ) ;
#374 = CARTESIAN_POINT ( 'NONE',  ( 87.50000000000001421, 71.99999999999990052, 455.2851289680178866 ) ) ;
#375 = ADVANCED_FACE ( 'NONE', ( #319 ), #666, .F. ) ;
#376 = EDGE_CURVE ( 'NONE', #1354, #705, #606, .T. ) ;
#377 = ORIENTED_EDGE ( 'NONE', *, *, #391, .F. ) ;
#378 = VECTOR ( 'NONE', #1362, 1000.000000000000000 ) ;
#379 = PERSON_AND_ORGANIZATION ( #1080, #195 ) ;
#380 = ORIENTED_EDGE ( 'NONE', *, *, #571, .F. ) ;
#381 = FACE_OUTER_BOUND ( 'NONE', #525, .T. ) ;
#382 = DIRECTION ( 'NONE',  ( 0.000000000000000000, -0.000000000000000000, -1.000000000000000000 ) ) ;
#383 = VECTOR ( 'NONE', #494, 1000.000000000000000 ) ;
#384 = VERTEX_POINT ( 'NONE', #759 ) ;
#385 = CIRCLE ( 'NONE', #147, 5.000000000000004441 ) ;
#386 = COORDINATED_UNIVERSAL_TIME_OFFSET ( 1, 0, .AHEAD. ) ;
#387 = VECTOR ( 'NONE', #1387, 1000.000000000000000 ) ;
#388 = DIRECTION ( 'NONE',  ( 1.000000000000000000, 0.000000000000000000, -0.000000000000000000 ) ) ;
#389 = LINE ( 'NONE', #286, #241 ) ;
#390 = ORIENTED_EDGE ( 'NONE', *, *, #1068, .F. ) ;
#391 = EDGE_CURVE ( 'NONE', #524, #554, #656, .T. ) ;
#392 = CYLINDRICAL_SURFACE ( 'NONE', #660, 8.000000000000007105 ) ;
#393 = DIRECTION ( 'NONE',  ( -0.000000000000000000, -0.000000000000000000, -1.000000000000000000 ) ) ;
#394 = ORIENTED_EDGE ( 'NONE', *, *, #1032, .F. ) ;
#395 = CARTESIAN_POINT ( 'NONE',  ( -72.50000000000001421, -80.00000000000007105, 460.2851289680178866 ) ) ;
#396 = LINE ( 'NONE', #275, #1165 ) ;
#397 = AXIS2_PLACEMENT_3D ( 'NONE', #785, #30, #548 ) ;
#398 = EDGE_CURVE ( 'NONE', #524, #128, #793, .T. ) ;
#399 = LINE ( 'NONE', #609, #720 ) ;
#400 = VECTOR ( 'NONE', #832, 1000.000000000000000 ) ;
#401 = CARTESIAN_POINT ( 'NONE',  ( 76.63523454626125897, -76.30157419415692743, 443.2851289680178866 ) ) ;
#402 = ORIENTED_EDGE ( 'NONE', *, *, #800, .F. ) ;
#403 = EDGE_LOOP ( 'NONE', ( #575, #380, #907, #256 ) ) ;
#404 = DIRECTION ( 'NONE',  ( -0.000000000000000000, -0.000000000000000000, -1.000000000000000000 ) ) ;
#405 = VECTOR ( 'NONE', #968, 1000.000000000000000 ) ;
#406 = DIRECTION ( 'NONE',  ( 0.000000000000000000, 0.000000000000000000, -1.000000000000000000 ) ) ;
#407 = EDGE_CURVE ( 'NONE', #128, #1354, #880, .T. ) ;
#408 = DIRECTION ( 'NONE',  ( -0.000000000000000000, -0.000000000000000000, -1.000000000000000000 ) ) ;
#409 = ORIENTED_EDGE ( 'NONE', *, *, #816, .T. ) ;
#410 = CARTESIAN_POINT ( 'NONE',  ( -80.00000000000000000, -75.00000000000007105, 455.2851289680178866 ) ) ;
#411 = LINE ( 'NONE', #839, #717 ) ;
#412 = EDGE_CURVE ( 'NONE', #440, #365, #483, .T. ) ;
#413 = DATE_AND_TIME ( #496, #545 ) ;
#414 = ADVANCED_FACE ( 'NONE', ( #1271 ), #1254, .F. ) ;
#415 = CARTESIAN_POINT ( 'NONE',  ( 72.50000000000001421, 71.99999999999990052, 460.2851289680178866 ) ) ;
#416 = EDGE_LOOP ( 'NONE', ( #250, #669, #1235, #279 ) ) ;
#417 = VERTEX_POINT ( 'NONE', #1029 ) ;
#418 = CARTESIAN_POINT ( 'NONE',  ( 69.99999999999998579, -88.00000000000005684, 443.2851289680178866 ) ) ;
#419 = LINE ( 'NONE', #8, #920 ) ;
#420 = AXIS2_PLACEMENT_3D ( 'NONE', #1284, #173, #312 ) ;
#421 = AXIS2_PLACEMENT_3D ( 'NONE', #998, #1346, #459 ) ;
#422 = CARTESIAN_POINT ( 'NONE',  ( -87.50000000000000000, -80.00000000000007105, 455.2851289680178866 ) ) ;
#423 = VECTOR ( 'NONE', #352, 1000.000000000000000 ) ;
#424 = DIRECTION ( 'NONE',  ( 0.000000000000000000, 1.000000000000000000, 0.000000000000000000 ) ) ;
#425 = ORIENTED_EDGE ( 'NONE', *, *, #789, .T. ) ;
#426 = CC_DESIGN_DATE_AND_TIME_ASSIGNMENT ( #1273, #1298, ( #927 ) ) ;
#427 = VECTOR ( 'NONE', #1158, 1000.000000000000227 ) ;
#428 = PLANE ( 'NONE',  #1013 ) ;
#429 = CARTESIAN_POINT ( 'NONE',  ( -90.00000000000002842, 64.99999999999992895, 443.2851289680178866 ) ) ;
#430 = VECTOR ( 'NONE', #199, 1000.000000000000114 ) ;
#431 = DIRECTION ( 'NONE',  ( 0.000000000000000000, -1.000000000000000000, 0.000000000000000000 ) ) ;
#432 = DIRECTION ( 'NONE',  ( -1.000000000000000000, 0.000000000000000000, 0.000000000000000000 ) ) ;
#433 = DIRECTION ( 'NONE',  ( -1.120806244748273646E-16, 1.000000000000000000, 0.000000000000000000 ) ) ;
#434 = ORIENTED_EDGE ( 'NONE', *, *, #934, .T. ) ;
#435 = ADVANCED_FACE ( 'NONE', ( #923 ), #603, .T. ) ;
#436 = ORIENTED_EDGE ( 'NONE', *, *, #729, .F. ) ;
#437 = DIRECTION ( 'NONE',  ( -1.000000000000000000, -6.753856733136368626E-16, 0.000000000000000000 ) ) ;
#438 = DIRECTION ( 'NONE',  ( 0.000000000000000000, 0.000000000000000000, 1.000000000000000000 ) ) ;
#439 = CARTESIAN_POINT ( 'NONE',  ( 87.50000000000000000, 87.99999999999991473, 460.2851289680178866 ) ) ;
#440 = VERTEX_POINT ( 'NONE', #370 ) ;
#441 = DIRECTION ( 'NONE',  ( 0.000000000000000000, 1.000000000000000000, 0.000000000000000000 ) ) ;
#442 = VERTEX_POINT ( 'NONE', #794 ) ;
#443 = EDGE_LOOP ( 'NONE', ( #947, #1410 ) ) ;
#444 = DIRECTION ( 'NONE',  ( -6.753856733136369612E-16, 1.000000000000000000, 0.000000000000000000 ) ) ;
#445 = DIRECTION ( 'NONE',  ( 0.000000000000000000, 1.000000000000000000, 0.000000000000000000 ) ) ;
#446 = EDGE_CURVE ( 'NONE', #1202, #1394, #355, .T. ) ;
#447 = VECTOR ( 'NONE', #784, 1000.000000000000000 ) ;
#448 = CARTESIAN_POINT ( 'NONE',  ( -87.50000000000001421, -72.00000000000007105, 455.2851289680178866 ) ) ;
#449 = CARTESIAN_POINT ( 'NONE',  ( -87.50000000000001421, -72.00000000000007105, 460.2851289680178866 ) ) ;
#450 = AXIS2_PLACEMENT_3D ( 'NONE', #954, #848, #188 ) ;
#451 = LINE ( 'NONE', #674, #38 ) ;
#452 = AXIS2_PLACEMENT_3D ( 'NONE', #822, #1245, #382 ) ;
#453 = ORIENTED_EDGE ( 'NONE', *, *, #1297, .T. ) ;
#454 = VERTEX_POINT ( 'NONE', #254 ) ;
#455 = CARTESIAN_POINT ( 'NONE',  ( -80.00000000000001421, -80.00000000000005684, 448.2851289680178866 ) ) ;
#456 = EDGE_CURVE ( 'NONE', #893, #119, #1376, .T. ) ;
#457 = ORIENTED_EDGE ( 'NONE', *, *, #487, .F. ) ;
#458 = CIRCLE ( 'NONE', #689, 5.000000000000004441 ) ;
#459 = DIRECTION ( 'NONE',  ( 0.000000000000000000, -0.000000000000000000, 1.000000000000000000 ) ) ;
#460 = ORIENTED_EDGE ( 'NONE', *, *, #1357, .T. ) ;
#461 = ORIENTED_EDGE ( 'NONE', *, *, #348, .T. ) ;
#462 = DIRECTION ( 'NONE',  ( -1.000000000000000000, 1.734723475976807094E-16, 0.000000000000000000 ) ) ;
#463 = DIRECTION ( 'NONE',  ( 1.734723475976807341E-16, 1.000000000000000000, 0.000000000000000000 ) ) ;
#464 = CARTESIAN_POINT ( 'NONE',  ( -80.00000000000001421, 79.99999999999992895, 448.2851289680178866 ) ) ;
#465 = DIRECTION ( 'NONE',  ( 0.000000000000000000, 1.000000000000000000, 0.000000000000000000 ) ) ;
#466 = ORIENTED_EDGE ( 'NONE', *, *, #1205, .F. ) ;
#467 = EDGE_CURVE ( 'NONE', #554, #1255, #563, .T. ) ;
#468 = ORIENTED_EDGE ( 'NONE', *, *, #827, .F. ) ;
#469 = DIRECTION ( 'NONE',  ( -0.000000000000000000, -0.000000000000000000, -1.000000000000000000 ) ) ;
#470 = FACE_OUTER_BOUND ( 'NONE', #1110, .T. ) ;
#471 = CARTESIAN_POINT ( 'NONE',  ( -87.50000000000000000, -88.00000000000008527, 460.2851289680178866 ) ) ;
#472 = CARTESIAN_POINT ( 'NONE',  ( -80.00000000000001421, 79.99999999999992895, 448.2851289680178866 ) ) ;
#473 = VECTOR ( 'NONE', #408, 1000.000000000000000 ) ;
#474 = EDGE_LOOP ( 'NONE', ( #135, #786 ) ) ;
#475 = CIRCLE ( 'NONE', #1184, 8.999999999999994671 ) ;
#476 = CARTESIAN_POINT ( 'NONE',  ( 87.50000000000000000, 79.99999999999990052, 460.2851289680178866 ) ) ;
#477 = APPROVAL ( #152, 'UNSPECIFIED' ) ;
#478 = AXIS2_PLACEMENT_3D ( 'NONE', #260, #1153, #1131 ) ;
#479 = CIRCLE ( 'NONE', #1007, 5.000000000000004441 ) ;
#480 = CIRCLE ( 'NONE', #865, 5.000000000000004441 ) ;
#481 = CARTESIAN_POINT ( 'NONE',  ( 69.99999999999998579, -95.00000000000005684, 448.2851289680178866 ) ) ;
#482 = AXIS2_PLACEMENT_3D ( 'NONE', #1152, #1403, #388 ) ;
#483 = LINE ( 'NONE', #590, #835 ) ;
#484 = VECTOR ( 'NONE', #59, 1000.000000000000000 ) ;
#485 = ORIENTED_EDGE ( 'NONE', *, *, #1357, .F. ) ;
#486 = AXIS2_PLACEMENT_3D ( 'NONE', #1295, #77, #1411 ) ;
#487 = EDGE_CURVE ( 'NONE', #1315, #454, #878, .T. ) ;
#488 = DIRECTION ( 'NONE',  ( 0.000000000000000000, 0.000000000000000000, -1.000000000000000000 ) ) ;
#489 = ADVANCED_FACE ( 'NONE', ( #1200 ), #672, .F. ) ;
#490 = CARTESIAN_POINT ( 'NONE',  ( 79.99999999999998579, 79.99999999999992895, 448.2851289680178866 ) ) ;
#491 = DIRECTION ( 'NONE',  ( -1.000000000000000000, -6.753856733136369612E-16, 0.000000000000000000 ) ) ;
#492 = ORIENTED_EDGE ( 'NONE', *, *, #1182, .T. ) ;
#493 = DIRECTION ( 'NONE',  ( -0.000000000000000000, -0.000000000000000000, -1.000000000000000000 ) ) ;
#494 = DIRECTION ( 'NONE',  ( -1.000000000000000000, 1.734723475976807094E-16, 0.000000000000000000 ) ) ;
#495 = ORIENTED_EDGE ( 'NONE', *, *, #594, .F. ) ;
#496 = CALENDAR_DATE ( 2020, 29, 11 ) ;
#497 = CARTESIAN_POINT ( 'NONE',  ( -70.00000000000001421, 94.99999999999992895, 448.2851289680178866 ) ) ;
#498 = DIRECTION ( 'NONE',  ( 1.000000000000000000, 0.000000000000000000, 0.000000000000000000 ) ) ;
#499 = AXIS2_PLACEMENT_3D ( 'NONE', #741, #66, #1187 ) ;
#500 = EDGE_CURVE ( 'NONE', #562, #283, #1066, .T. ) ;
#501 = ORIENTED_EDGE ( 'NONE', *, *, #262, .F. ) ;
#502 = VECTOR ( 'NONE', #1418, 1000.000000000000000 ) ;
#503 = VECTOR ( 'NONE', #788, 1000.000000000000114 ) ;
#504 = CARTESIAN_POINT ( 'NONE',  ( 76.63523454626125897, -83.69842580584318625, 443.2851289680178866 ) ) ;
#505 = CARTESIAN_POINT ( 'NONE',  ( 69.99999999999998579, -88.00000000000005684, 443.2851289680178866 ) ) ;
#506 = ORIENTED_EDGE ( 'NONE', *, *, #1238, .F. ) ;
#507 = CARTESIAN_POINT ( 'NONE',  ( -70.00000000000001421, 64.99999999999992895, 448.2851289680178866 ) ) ;
#508 = ADVANCED_FACE ( 'NONE', ( #860 ), #680, .F. ) ;
#509 = DIRECTION ( 'NONE',  ( 0.000000000000000000, -1.000000000000000000, 0.000000000000000000 ) ) ;
#510 = DIRECTION ( 'NONE',  ( 0.000000000000000000, 0.000000000000000000, 1.000000000000000000 ) ) ;
#511 = PLANE ( 'NONE',  #1140 ) ;
#512 = ORIENTED_EDGE ( 'NONE', *, *, #1015, .F. ) ;
#513 = ORIENTED_EDGE ( 'NONE', *, *, #713, .T. ) ;
#514 = CYLINDRICAL_SURFACE ( 'NONE', #219, 5.000000000000004441 ) ;
#515 = CARTESIAN_POINT ( 'NONE',  ( 72.50000000000000000, 87.99999999999990052, 460.2851289680178866 ) ) ;
#516 = DIRECTION ( 'NONE',  ( 0.000000000000000000, 0.000000000000000000, 1.000000000000000000 ) ) ;
#517 = LINE ( 'NONE', #165, #817 ) ;
#518 = EDGE_LOOP ( 'NONE', ( #657, #710 ) ) ;
#519 = CARTESIAN_POINT ( 'NONE',  ( -80.00000000000001421, -80.00000000000005684, 448.2851289680178866 ) ) ;
#520 = EDGE_CURVE ( 'NONE', #893, #1390, #987, .T. ) ;
#521 = CARTESIAN_POINT ( 'NONE',  ( -70.00000000000001421, 71.07496207581515080, 448.2851289680178866 ) ) ;
#522 = ADVANCED_FACE ( 'NONE', ( #1326 ), #337, .T. ) ;
#523 = CARTESIAN_POINT ( 'NONE',  ( 79.99999999999998579, -80.00000000000005684, 448.2851289680178866 ) ) ;
#524 = VERTEX_POINT ( 'NONE', #1343 ) ;
#525 = EDGE_LOOP ( 'NONE', ( #1166, #1207, #80, #675 ) ) ;
#526 = DIRECTION ( 'NONE',  ( 0.000000000000000000, 0.000000000000000000, -1.000000000000000000 ) ) ;
#527 = PLANE ( 'NONE',  #1388 ) ;
#528 = ADVANCED_FACE ( 'NONE', ( #326 ), #1217, .T. ) ;
#529 = EDGE_CURVE ( 'NONE', #533, #715, #300, .T. ) ;
#530 = APPROVAL_ROLE ( '' ) ;
#531 = DIRECTION ( 'NONE',  ( -1.000000000000000000, -6.753856733136368626E-16, 0.000000000000000000 ) ) ;
#532 = ORIENTED_EDGE ( 'NONE', *, *, #446, .F. ) ;
#533 = VERTEX_POINT ( 'NONE', #546 ) ;
#534 = PLANE ( 'NONE',  #961 ) ;
#535 = FACE_OUTER_BOUND ( 'NONE', #268, .T. ) ;
#536 = AXIS2_PLACEMENT_3D ( 'NONE', #1122, #1310, #217 ) ;
#537 = DIRECTION ( 'NONE',  ( 6.753856733136368626E-16, -1.000000000000000000, 0.000000000000000000 ) ) ;
#538 = LINE ( 'NONE', #28, #447 ) ;
#539 = EDGE_CURVE ( 'NONE', #770, #924, #1358, .T. ) ;
#540 = DIRECTION ( 'NONE',  ( 0.000000000000000000, 1.000000000000000000, 0.000000000000000000 ) ) ;
#541 = ORIENTED_EDGE ( 'NONE', *, *, #249, .T. ) ;
#542 = CARTESIAN_POINT ( 'NONE',  ( 80.00000000000000000, 84.99999999999991473, 455.2851289680178866 ) ) ;
#543 = DIRECTION ( 'NONE',  ( 0.000000000000000000, 0.000000000000000000, 1.000000000000000000 ) ) ;
#544 = VECTOR ( 'NONE', #1215, 1000.000000000000000 ) ;
#545 = LOCAL_TIME ( 14, 37, 5.000000000000000000, #386 ) ;
#546 = CARTESIAN_POINT ( 'NONE',  ( -76.63523454626128739, 76.30157419415679954, 448.2851289680178866 ) ) ;
#547 = ORIENTED_EDGE ( 'NONE', *, *, #1198, .T. ) ;
#548 = DIRECTION ( 'NONE',  ( 0.000000000000000000, 1.000000000000000000, 0.000000000000000000 ) ) ;
#549 = ORIENTED_EDGE ( 'NONE', *, *, #182, .F. ) ;
#550 = ORIENTED_EDGE ( 'NONE', *, *, #789, .F. ) ;
#551 = DIRECTION ( 'NONE',  ( 0.000000000000000000, 0.000000000000000000, -1.000000000000000000 ) ) ;
#552 = CARTESIAN_POINT ( 'NONE',  ( 87.50000000000001421, 71.99999999999990052, 460.2851289680178866 ) ) ;
#553 = CARTESIAN_POINT ( 'NONE',  ( 69.99999999999998579, -71.07496207581527869, 448.2851289680178866 ) ) ;
#554 = VERTEX_POINT ( 'NONE', #996 ) ;
#555 = DIRECTION ( 'NONE',  ( 0.000000000000000000, 0.000000000000000000, 1.000000000000000000 ) ) ;
#556 = EDGE_LOOP ( 'NONE', ( #1272, #685 ) ) ;
#557 = ORIENTED_EDGE ( 'NONE', *, *, #467, .F. ) ;
#558 = DIRECTION ( 'NONE',  ( 0.000000000000000000, 0.000000000000000000, -1.000000000000000000 ) ) ;
#559 = EDGE_CURVE ( 'NONE', #1277, #593, #646, .T. ) ;
#560 = CARTESIAN_POINT ( 'NONE',  ( 69.99999999999998579, -65.00000000000005684, 448.2851289680178866 ) ) ;
#561 = AXIS2_PLACEMENT_3D ( 'NONE', #472, #363, #804 ) ;
#562 = VERTEX_POINT ( 'NONE', #448 ) ;
#563 = CIRCLE ( 'NONE', #1211, 8.000000000000007105 ) ;
#564 = DIRECTION ( 'NONE',  ( -0.000000000000000000, -0.000000000000000000, -1.000000000000000000 ) ) ;
#565 = ORIENTED_EDGE ( 'NONE', *, *, #780, .T. ) ;
#566 = ORIENTED_EDGE ( 'NONE', *, *, #182, .T. ) ;
#567 = CYLINDRICAL_SURFACE ( 'NONE', #43, 5.000000000000004441 ) ;
#568 = EDGE_CURVE ( 'NONE', #222, #384, #897, .T. ) ;
#569 = DIRECTION ( 'NONE',  ( -1.000000000000000000, 0.000000000000000000, 0.000000000000000000 ) ) ;
#570 = FACE_OUTER_BOUND ( 'NONE', #313, .T. ) ;
#571 = EDGE_CURVE ( 'NONE', #1409, #1246, #776, .T. ) ;
#572 = CC_DESIGN_APPROVAL ( #270, ( #366 ) ) ;
#573 = CARTESIAN_POINT ( 'NONE',  ( 80.00000000000000000, 79.99999999999990052, 450.2851289680178866 ) ) ;
#574 = EDGE_LOOP ( 'NONE', ( #466, #501, #58, #937 ) ) ;
#575 = ORIENTED_EDGE ( 'NONE', *, *, #994, .T. ) ;
#576 = FACE_OUTER_BOUND ( 'NONE', #983, .T. ) ;
#577 = LINE ( 'NONE', #913, #1264 ) ;
#578 = CC_DESIGN_PERSON_AND_ORGANIZATION_ASSIGNMENT ( #938, #264, ( #952 ) ) ;
#579 = CARTESIAN_POINT ( 'NONE',  ( 79.99999999999998579, -80.00000000000005684, 443.2851289680178866 ) ) ;
#580 = ORIENTED_EDGE ( 'NONE', *, *, #800, .T. ) ;
#581 = DIRECTION ( 'NONE',  ( 0.7855577629879422208, -0.6187883329615871952, 0.000000000000000000 ) ) ;
#582 = CARTESIAN_POINT ( 'NONE',  ( -76.63523454626128739, 83.69842580584307257, 448.2851289680178866 ) ) ;
#583 = AXIS2_PLACEMENT_3D ( 'NONE', #730, #287, #424 ) ;
#584 = AXIS2_PLACEMENT_3D ( 'NONE', #422, #871, #783 ) ;
#585 = ORIENTED_EDGE ( 'NONE', *, *, #153, .F. ) ;
#586 = EDGE_CURVE ( 'NONE', #1347, #1432, #1114, .T. ) ;
#587 = VECTOR ( 'NONE', #888, 1000.000000000000000 ) ;
#588 = DIRECTION ( 'NONE',  ( 1.000000000000000000, 0.000000000000000000, 0.000000000000000000 ) ) ;
#589 = DIRECTION ( 'NONE',  ( 0.000000000000000000, -0.000000000000000000, 1.000000000000000000 ) ) ;
#590 = CARTESIAN_POINT ( 'NONE',  ( 69.99999999999998579, -95.00000000000005684, 443.2851289680178866 ) ) ;
#591 = CIRCLE ( 'NONE', #129, 5.000000000000004441 ) ;
#592 = ORIENTED_EDGE ( 'NONE', *, *, #965, .F. ) ;
#593 = VERTEX_POINT ( 'NONE', #317 ) ;
#594 = EDGE_CURVE ( 'NONE', #770, #1212, #362, .T. ) ;
#595 = CARTESIAN_POINT ( 'NONE',  ( 79.99999999999998579, 79.99999999999992895, 448.2851289680178866 ) ) ;
#596 = CARTESIAN_POINT ( 'NONE',  ( -70.00000000000001421, 87.99999999999992895, 443.2851289680178866 ) ) ;
#597 = EDGE_LOOP ( 'NONE', ( #1118, #130, #371, #95, #513, #166, #1127, #356 ) ) ;
#598 = ORIENTED_EDGE ( 'NONE', *, *, #376, .T. ) ;
#599 = APPROVAL_STATUS ( 'not_yet_approved' ) ;
#600 = DIRECTION ( 'NONE',  ( -0.000000000000000000, -0.000000000000000000, -1.000000000000000000 ) ) ;
#601 = ADVANCED_FACE ( 'NONE', ( #576 ), #791, .F. ) ;
#602 = LINE ( 'NONE', #953, #1363 ) ;
#603 = PLANE ( 'NONE',  #328 ) ;
#604 = EDGE_LOOP ( 'NONE', ( #1285, #1067 ) ) ;
#605 = VECTOR ( 'NONE', #79, 1000.000000000000000 ) ;
#606 = CIRCLE ( 'NONE', #765, 8.000000000000007105 ) ;
#607 = DIRECTION ( 'NONE',  ( 0.000000000000000000, 0.000000000000000000, -1.000000000000000000 ) ) ;
#608 = APPLICATION_CONTEXT ( 'configuration controlled 3d designs of mechanical parts and assemblies' ) ;
#609 = CARTESIAN_POINT ( 'NONE',  ( -80.00000000000000000, -85.00000000000007105, 450.2851289680178866 ) ) ;
#610 = EDGE_CURVE ( 'NONE', #1018, #417, #475, .T. ) ;
#611 = ORIENTED_EDGE ( 'NONE', *, *, #456, .F. ) ;
#612 = DIRECTION ( 'NONE',  ( 0.000000000000000000, 0.000000000000000000, -1.000000000000000000 ) ) ;
#613 = AXIS2_PLACEMENT_3D ( 'NONE', #1129, #488, #932 ) ;
#614 = AXIS2_PLACEMENT_3D ( 'NONE', #1169, #828, #176 ) ;
#615 = FACE_OUTER_BOUND ( 'NONE', #1265, .T. ) ;
#616 = DIRECTION ( 'NONE',  ( -0.000000000000000000, -0.000000000000000000, -1.000000000000000000 ) ) ;
#617 = FACE_BOUND ( 'NONE', #658, .T. ) ;
#618 = ORIENTED_EDGE ( 'NONE', *, *, #728, .T. ) ;
#619 = VERTEX_POINT ( 'NONE', #1361 ) ;
#620 = DIRECTION ( 'NONE',  ( 1.000000000000000000, 0.000000000000000000, -0.000000000000000000 ) ) ;
#621 = PLANE ( 'NONE',  #164 ) ;
#622 = APPROVAL_ROLE ( '' ) ;
#623 = DIRECTION ( 'NONE',  ( -1.000000000000000000, 0.000000000000000000, 0.000000000000000000 ) ) ;
#624 = VERTEX_POINT ( 'NONE', #481 ) ;
#625 = EDGE_CURVE ( 'NONE', #981, #593, #693, .T. ) ;
#626 = ORIENTED_EDGE ( 'NONE', *, *, #18, .F. ) ;
#627 = CARTESIAN_POINT ( 'NONE',  ( -70.00000000000001421, 87.99999999999992895, 448.2851289680178866 ) ) ;
#628 = EDGE_CURVE ( 'NONE', #624, #384, #1035, .T. ) ;
#629 = CARTESIAN_POINT ( 'NONE',  ( 79.99999999999998579, 79.99999999999992895, 413.2851289680178297 ) ) ;
#630 = CIRCLE ( 'NONE', #1095, 5.000000000000004441 ) ;
#631 = SHAPE_DEFINITION_REPRESENTATION ( #843, #280 ) ;
#632 = LINE ( 'NONE', #1072, #605 ) ;
#633 = AXIS2_PLACEMENT_3D ( 'NONE', #215, #1094, #774 ) ;
#634 = EDGE_LOOP ( 'NONE', ( #745, #566, #618, #1000 ) ) ;
#635 = AXIS2_PLACEMENT_3D ( 'NONE', #1034, #240, #910 ) ;
#636 = FACE_OUTER_BOUND ( 'NONE', #1322, .T. ) ;
#637 = VECTOR ( 'NONE', #772, 1000.000000000000000 ) ;
#638 = CARTESIAN_POINT ( 'NONE',  ( 72.50000000000001421, 71.99999999999990052, 455.2851289680178866 ) ) ;
#639 = APPROVAL_STATUS ( 'not_yet_approved' ) ;
#640 = DIRECTION ( 'NONE',  ( 1.000000000000000000, 0.000000000000000000, 0.000000000000000000 ) ) ;
#641 = ORIENTED_EDGE ( 'NONE', *, *, #1274, .T. ) ;
#642 = ORIENTED_EDGE ( 'NONE', *, *, #780, .F. ) ;
#643 = CARTESIAN_POINT ( 'NONE',  ( -87.50000000000001421, -72.00000000000007105, 460.2851289680178866 ) ) ;
#644 = DIRECTION ( 'NONE',  ( 0.000000000000000000, 0.000000000000000000, 1.000000000000000000 ) ) ;
#645 = EDGE_CURVE ( 'NONE', #830, #761, #795, .T. ) ;
#646 = LINE ( 'NONE', #664, #276 ) ;
#647 = DIRECTION ( 'NONE',  ( -0.000000000000000000, 0.000000000000000000, -1.000000000000000000 ) ) ;
#648 = LINE ( 'NONE', #1429, #1381 ) ;
#649 = VERTEX_POINT ( 'NONE', #267 ) ;
#650 = LINE ( 'NONE', #82, #748 ) ;
#651 = CARTESIAN_POINT ( 'NONE',  ( 80.00000000000000000, 74.99999999999990052, 460.2851289680178866 ) ) ;
#652 = DIRECTION ( 'NONE',  ( -2.855529720725080741E-16, 1.000000000000000000, 0.000000000000000000 ) ) ;
#653 = EDGE_LOOP ( 'NONE', ( #255, #1294, #246, #12 ) ) ;
#654 = ADVANCED_FACE ( 'NONE', ( #803 ), #1028, .T. ) ;
#655 = CIRCLE ( 'NONE', #499, 5.000000000000004441 ) ;
#656 = LINE ( 'NONE', #1100, #911 ) ;
#657 = ORIENTED_EDGE ( 'NONE', *, *, #766, .T. ) ;
#658 = EDGE_LOOP ( 'NONE', ( #684, #1115 ) ) ;
#659 = FACE_OUTER_BOUND ( 'NONE', #100, .T. ) ;
#660 = AXIS2_PLACEMENT_3D ( 'NONE', #712, #607, #509 ) ;
#661 = CARTESIAN_POINT ( 'NONE',  ( 76.63523454626125897, -83.69842580584318625, 448.2851289680178866 ) ) ;
#662 = VECTOR ( 'NONE', #831, 1000.000000000000000 ) ;
#663 = LOCAL_TIME ( 14, 37, 5.000000000000000000, #1407 ) ;
#664 = CARTESIAN_POINT ( 'NONE',  ( 87.50000000000001421, 71.99999999999990052, 460.2851289680178866 ) ) ;
#665 = DIRECTION ( 'NONE',  ( 0.000000000000000000, 1.000000000000000000, 0.000000000000000000 ) ) ;
#666 = CYLINDRICAL_SURFACE ( 'NONE', #740, 5.000000000000004441 ) ;
#667 = ORIENTED_EDGE ( 'NONE', *, *, #277, .T. ) ;
#668 = ADVANCED_FACE ( 'NONE', ( #156 ), #1253, .T. ) ;
#669 = ORIENTED_EDGE ( 'NONE', *, *, #1406, .F. ) ;
#670 = LINE ( 'NONE', #754, #405 ) ;
#671 = CARTESIAN_POINT ( 'NONE',  ( -80.00000000000000000, -80.00000000000007105, 450.2851289680178866 ) ) ;
#672 = PLANE ( 'NONE',  #1027 ) ;
#673 = EDGE_LOOP ( 'NONE', ( #1091, #1340, #988, #849 ) ) ;
#674 = CARTESIAN_POINT ( 'NONE',  ( -72.50000000000000000, -88.00000000000008527, 460.2851289680178866 ) ) ;
#675 = ORIENTED_EDGE ( 'NONE', *, *, #391, .T. ) ;
#676 = EDGE_CURVE ( 'NONE', #282, #1427, #630, .T. ) ;
#677 = EDGE_LOOP ( 'NONE', ( #1330, #321, #836, #146 ) ) ;
#678 = EDGE_CURVE ( 'NONE', #619, #1230, #27, .T. ) ;
#679 = LINE ( 'NONE', #122, #285 ) ;
#680 = PLANE ( 'NONE',  #142 ) ;
#681 = CARTESIAN_POINT ( 'NONE',  ( 72.50000000000000000, 87.99999999999990052, 460.2851289680178866 ) ) ;
#682 = VECTOR ( 'NONE', #1208, 1000.000000000000000 ) ;
#683 = LINE ( 'NONE', #1125, #885 ) ;
#684 = ORIENTED_EDGE ( 'NONE', *, *, #676, .F. ) ;
#685 = ORIENTED_EDGE ( 'NONE', *, *, #446, .T. ) ;
#686 = EDGE_CURVE ( 'NONE', #81, #1347, #479, .T. ) ;
#687 = DIRECTION ( 'NONE',  ( 0.000000000000000000, 0.000000000000000000, 1.000000000000000000 ) ) ;
#688 = CARTESIAN_POINT ( 'NONE',  ( -89.00000000000001421, -80.00000000000005684, 448.2851289680178866 ) ) ;
#689 = AXIS2_PLACEMENT_3D ( 'NONE', #940, #306, #1324 ) ;
#690 = ORIENTED_EDGE ( 'NONE', *, *, #586, .F. ) ;
#691 = EDGE_LOOP ( 'NONE', ( #1103, #377, #1107, #881 ) ) ;
#692 = CARTESIAN_POINT ( 'NONE',  ( -70.00000000000001421, 71.07496207581515080, 448.2851289680178866 ) ) ;
#693 = LINE ( 'NONE', #374, #1214 ) ;
#694 = ADVANCED_FACE ( 'NONE', ( #132 ), #1351, .F. ) ;
#695 = ORIENTED_EDGE ( 'NONE', *, *, #1348, .T. ) ;
#696 = DIRECTION ( 'NONE',  ( -0.000000000000000000, -0.000000000000000000, -1.000000000000000000 ) ) ;
#697 = CARTESIAN_POINT ( 'NONE',  ( 79.99999999999998579, 79.99999999999992895, 413.2851289680178297 ) ) ;
#698 = DIRECTION ( 'NONE',  ( -6.753856733136369612E-16, 1.000000000000000000, 0.000000000000000000 ) ) ;
#699 = ORIENTED_EDGE ( 'NONE', *, *, #57, .T. ) ;
#700 =( LENGTH_UNIT ( ) NAMED_UNIT ( * ) SI_UNIT ( .MILLI., .METRE. ) );
#701 = DIRECTION ( 'NONE',  ( 0.000000000000000000, 0.000000000000000000, 1.000000000000000000 ) ) ;
#702 = DIRECTION ( 'NONE',  ( 0.000000000000000000, 1.000000000000000000, 0.000000000000000000 ) ) ;
#703 = AXIS2_PLACEMENT_3D ( 'NONE', #258, #701, #1146 ) ;
#704 = AXIS2_PLACEMENT_3D ( 'NONE', #497, #1177, #1268 ) ;
#705 = VERTEX_POINT ( 'NONE', #471 ) ;
#706 = SECURITY_CLASSIFICATION_LEVEL ( 'unclassified' ) ;
#707 = EDGE_CURVE ( 'NONE', #1394, #1202, #190, .T. ) ;
#708 = LINE ( 'NONE', #183, #773 ) ;
#709 = DIRECTION ( 'NONE',  ( 1.000000000000000000, 0.000000000000000000, 0.000000000000000000 ) ) ;
#710 = ORIENTED_EDGE ( 'NONE', *, *, #1144, .T. ) ;
#711 = CALENDAR_DATE ( 2020, 29, 11 ) ;
#712 = CARTESIAN_POINT ( 'NONE',  ( 72.50000000000001421, 79.99999999999990052, 460.2851289680178866 ) ) ;
#713 = EDGE_CURVE ( 'NONE', #1183, #1409, #1137, .T. ) ;
#714 = LINE ( 'NONE', #727, #427 ) ;
#715 = VERTEX_POINT ( 'NONE', #582 ) ;
#716 = PLANE ( 'NONE',  #1291 ) ;
#717 = VECTOR ( 'NONE', #616, 1000.000000000000000 ) ;
#718 = DIRECTION ( 'NONE',  ( 0.000000000000000000, 0.000000000000000000, 1.000000000000000000 ) ) ;
#719 = ADVANCED_FACE ( 'NONE', ( #1258 ), #921, .F. ) ;
#720 = VECTOR ( 'NONE', #177, 1000.000000000000000 ) ;
#721 = ORIENTED_EDGE ( 'NONE', *, *, #7, .T. ) ;
#722 = LINE ( 'NONE', #196, #1398 ) ;
#723 = VECTOR ( 'NONE', #696, 1000.000000000000000 ) ;
#724 = EDGE_LOOP ( 'NONE', ( #1335, #781, #1283, #900 ) ) ;
#725 = ORIENTED_EDGE ( 'NONE', *, *, #407, .T. ) ;
#726 = CARTESIAN_POINT ( 'NONE',  ( 89.99999999999998579, -65.00000000000005684, 448.2851289680178866 ) ) ;
#727 = CARTESIAN_POINT ( 'NONE',  ( -70.00000000000001421, 87.99999999999992895, 443.2851289680178866 ) ) ;
#728 = EDGE_CURVE ( 'NONE', #417, #1018, #939, .T. ) ;
#729 = EDGE_CURVE ( 'NONE', #295, #1390, #1382, .T. ) ;
#730 = CARTESIAN_POINT ( 'NONE',  ( 80.00000000000000000, 79.99999999999990052, 455.2851289680178866 ) ) ;
#731 = VERTEX_POINT ( 'NONE', #521 ) ;
#732 = PLANE ( 'NONE',  #704 ) ;
#733 = DIRECTION ( 'NONE',  ( 0.000000000000000000, 0.000000000000000000, 1.000000000000000000 ) ) ;
#734 = APPROVAL_ROLE ( '' ) ;
#735 = DIRECTION ( 'NONE',  ( 0.5439808700237850347, -0.8390976183068129535, 0.000000000000000000 ) ) ;
#736 = ORIENTED_EDGE ( 'NONE', *, *, #520, .T. ) ;
#737 = ADVANCED_FACE ( 'NONE', ( #1296 ), #621, .F. ) ;
#738 = CLOSED_SHELL ( 'NONE', ( #1052, #528, #1173, #155, #1145, #220 ) ) ;
#739 = DIRECTION ( 'NONE',  ( 0.000000000000000000, 0.000000000000000000, -1.000000000000000000 ) ) ;
#740 = AXIS2_PLACEMENT_3D ( 'NONE', #573, #1321, #465 ) ;
#741 = CARTESIAN_POINT ( 'NONE',  ( 79.99999999999998579, 79.99999999999992895, 448.2851289680178866 ) ) ;
#742 = APPROVAL_DATE_TIME ( #301, #270 ) ;
#743 = CARTESIAN_POINT ( 'NONE',  ( -71.00000000000002842, -80.00000000000005684, 448.2851289680178866 ) ) ;
#744 = ORIENTED_EDGE ( 'NONE', *, *, #676, .T. ) ;
#745 = ORIENTED_EDGE ( 'NONE', *, *, #1144, .F. ) ;
#746 = EDGE_CURVE ( 'NONE', #36, #1349, #1389, .T. ) ;
#747 = CARTESIAN_POINT ( 'NONE',  ( 74.99999999999998579, 79.99999999999992895, 448.2851289680178866 ) ) ;
#748 = VECTOR ( 'NONE', #437, 1000.000000000000000 ) ;
#749 = DIRECTION ( 'NONE',  ( -1.000000000000000000, 0.000000000000000000, 0.000000000000000000 ) ) ;
#750 = APPLICATION_CONTEXT ( 'configuration controlled 3d designs of mechanical parts and assemblies' ) ;
#751 = UNCERTAINTY_MEASURE_WITH_UNIT (LENGTH_MEASURE( 1.000000000000000082E-05 ), #700, 'distance_accuracy_value', 'NONE');
#752 = DIRECTION ( 'NONE',  ( 0.000000000000000000, 0.000000000000000000, 1.000000000000000000 ) ) ;
#753 = EDGE_LOOP ( 'NONE', ( #1248, #1195, #1009, #180 ) ) ;
#754 = CARTESIAN_POINT ( 'NONE',  ( 69.99999999999998579, -65.00000000000005684, 448.2851289680178866 ) ) ;
#755 = CARTESIAN_POINT ( 'NONE',  ( -80.00000000000001421, -80.00000000000005684, 413.2851289680178866 ) ) ;
#756 = EDGE_CURVE ( 'NONE', #1347, #81, #655, .T. ) ;
#757 = DIRECTION ( 'NONE',  ( 0.000000000000000000, 1.000000000000000000, 0.000000000000000000 ) ) ;
#758 = DIRECTION ( 'NONE',  ( 0.000000000000000000, 1.000000000000000000, 0.000000000000000000 ) ) ;
#759 = CARTESIAN_POINT ( 'NONE',  ( 90.00000000000000000, -95.00000000000005684, 448.2851289680178866 ) ) ;
#760 = VERTEX_POINT ( 'NONE', #170 ) ;
#761 = VERTEX_POINT ( 'NONE', #272 ) ;
#762 = CARTESIAN_POINT ( 'NONE',  ( -70.00000000000001421, 87.99999999999992895, 448.2851289680178866 ) ) ;
#763 = CIRCLE ( 'NONE', #141, 8.999999999999994671 ) ;
#764 = DIRECTION ( 'NONE',  ( -1.000000000000000000, 1.734723475976807094E-16, 0.000000000000000000 ) ) ;
#765 = AXIS2_PLACEMENT_3D ( 'NONE', #1116, #109, #873 ) ;
#766 = EDGE_CURVE ( 'NONE', #157, #1075, #214, .T. ) ;
#767 = LINE ( 'NONE', #1089, #815 ) ;
#768 = VECTOR ( 'NONE', #1276, 1000.000000000000000 ) ;
#769 = CARTESIAN_POINT ( 'NONE',  ( -72.50000000000001421, -72.00000000000005684, 460.2851289680178866 ) ) ;
#770 = VERTEX_POINT ( 'NONE', #1304 ) ;
#771 = EDGE_LOOP ( 'NONE', ( #882, #506 ) ) ;
#772 = DIRECTION ( 'NONE',  ( -0.000000000000000000, -0.000000000000000000, -1.000000000000000000 ) ) ;
#773 = VECTOR ( 'NONE', #837, 1000.000000000000000 ) ;
#774 = DIRECTION ( 'NONE',  ( 1.000000000000000000, 0.000000000000000000, 0.000000000000000000 ) ) ;
#775 = VECTOR ( 'NONE', #1104, 1000.000000000000000 ) ;
#776 = LINE ( 'NONE', #1227, #330 ) ;
#777 = CARTESIAN_POINT ( 'NONE',  ( -76.63523454626128739, 83.69842580584307257, 448.2851289680178866 ) ) ;
#778 = EDGE_CURVE ( 'NONE', #1218, #715, #389, .T. ) ;
#779 = ORIENTED_EDGE ( 'NONE', *, *, #171, .F. ) ;
#780 = EDGE_CURVE ( 'NONE', #619, #1054, #714, .T. ) ;
#781 = ORIENTED_EDGE ( 'NONE', *, *, #114, .T. ) ;
#782 = CARTESIAN_POINT ( 'NONE',  ( 69.99999999999998579, -71.07496207581527869, 443.2851289680178866 ) ) ;
#783 = DIRECTION ( 'NONE',  ( 0.000000000000000000, 1.000000000000000000, 0.000000000000000000 ) ) ;
#784 = DIRECTION ( 'NONE',  ( 0.000000000000000000, 0.000000000000000000, -1.000000000000000000 ) ) ;
#785 = CARTESIAN_POINT ( 'NONE',  ( 80.00000000000000000, 79.99999999999990052, 455.2851289680178866 ) ) ;
#786 = ORIENTED_EDGE ( 'NONE', *, *, #1032, .T. ) ;
#787 = ORIENTED_EDGE ( 'NONE', *, *, #594, .T. ) ;
#788 = DIRECTION ( 'NONE',  ( -0.7855577629879422208, 0.6187883329615871952, 0.000000000000000000 ) ) ;
#789 = EDGE_CURVE ( 'NONE', #1006, #1168, #160, .T. ) ;
#790 = AXIS2_PLACEMENT_3D ( 'NONE', #3, #555, #441 ) ;
#791 = PLANE ( 'NONE',  #452 ) ;
#792 = CARTESIAN_POINT ( 'NONE',  ( 89.99999999999998579, -65.00000000000005684, 448.2851289680178866 ) ) ;
#793 = CIRCLE ( 'NONE', #790, 8.000000000000007105 ) ;
#794 = CARTESIAN_POINT ( 'NONE',  ( 80.00000000000000000, 74.99999999999990052, 455.2851289680178866 ) ) ;
#795 = CIRCLE ( 'NONE', #162, 8.999999999999994671 ) ;
#796 = ORIENTED_EDGE ( 'NONE', *, *, #869, .F. ) ;
#797 = ORIENTED_EDGE ( 'NONE', *, *, #412, .T. ) ;
#798 = CARTESIAN_POINT ( 'NONE',  ( -80.00000000000000000, -85.00000000000007105, 460.2851289680178866 ) ) ;
#799 = AXIS2_PLACEMENT_3D ( 'NONE', #1405, #510, #1397 ) ;
#800 = EDGE_CURVE ( 'NONE', #1349, #981, #361, .T. ) ;
#801 = LINE ( 'NONE', #247, #1337 ) ;
#802 = CIRCLE ( 'NONE', #840, 8.999999999999994671 ) ;
#803 = FACE_OUTER_BOUND ( 'NONE', #1134, .T. ) ;
#804 = DIRECTION ( 'NONE',  ( 1.000000000000000000, -1.734723475976807094E-16, 0.000000000000000000 ) ) ;
#805 = EDGE_LOOP ( 'NONE', ( #273, #331, #611, #736 ) ) ;
#806 = DIRECTION ( 'NONE',  ( 0.000000000000000000, 0.000000000000000000, 1.000000000000000000 ) ) ;
#807 = FACE_OUTER_BOUND ( 'NONE', #416, .T. ) ;
#808 = CARTESIAN_POINT ( 'NONE',  ( 80.00000000000000000, 79.99999999999990052, 450.2851289680178866 ) ) ;
#809 = PRODUCT_RELATED_PRODUCT_CATEGORY ( 'detail', '', ( #952 ) ) ;
#810 = CARTESIAN_POINT ( 'NONE',  ( -80.00000000000000000, -80.00000000000007105, 455.2851289680178866 ) ) ;
#811 = EDGE_LOOP ( 'NONE', ( #1097, #1176, #4, #699 ) ) ;
#812 = DIRECTION ( 'NONE',  ( 0.000000000000000000, 0.000000000000000000, -1.000000000000000000 ) ) ;
#813 = DIRECTION ( 'NONE',  ( 0.000000000000000000, -1.000000000000000000, 0.000000000000000000 ) ) ;
#814 = DIRECTION ( 'NONE',  ( 1.000000000000000000, 0.000000000000000000, 0.000000000000000000 ) ) ;
#815 = VECTOR ( 'NONE', #665, 1000.000000000000000 ) ;
#816 = EDGE_CURVE ( 'NONE', #1202, #1427, #399, .T. ) ;
#817 = VECTOR ( 'NONE', #612, 1000.000000000000000 ) ;
#818 = EDGE_LOOP ( 'NONE', ( #485, #779, #874, #32 ) ) ;
#819 = APPROVAL_DATE_TIME ( #413, #477 ) ;
#820 = CLOSED_SHELL ( 'NONE', ( #1099, #56, #111, #601, #1252, #654, #889, #737, #93, #1334 ) ) ;
#821 = CARTESIAN_POINT ( 'NONE',  ( -70.00000000000001421, 94.99999999999992895, 443.2851289680178866 ) ) ;
#822 = CARTESIAN_POINT ( 'NONE',  ( -70.00000000000001421, 87.99999999999992895, 448.2851289680178866 ) ) ;
#823 = AXIS2_PLACEMENT_3D ( 'NONE', #476, #806, #251 ) ;
#824 = EDGE_LOOP ( 'NONE', ( #1344, #163, #390, #495 ) ) ;
#825 = EDGE_CURVE ( 'NONE', #1218, #1183, #602, .T. ) ;
#826 = CARTESIAN_POINT ( 'NONE',  ( 0.000000000000000000, 0.000000000000000000, 0.000000000000000000 ) ) ;
#827 = EDGE_CURVE ( 'NONE', #341, #761, #411, .T. ) ;
#828 = DIRECTION ( 'NONE',  ( 1.000000000000000000, 0.000000000000000000, -0.000000000000000000 ) ) ;
#829 = DIRECTION ( 'NONE',  ( -0.8390976183068128424, -0.5439808700237850347, 0.000000000000000000 ) ) ;
#830 = VERTEX_POINT ( 'NONE', #55 ) ;
#831 = DIRECTION ( 'NONE',  ( 0.000000000000000000, 0.000000000000000000, -1.000000000000000000 ) ) ;
#832 = DIRECTION ( 'NONE',  ( -1.120806244748273646E-16, 1.000000000000000000, 0.000000000000000000 ) ) ;
#833 = ORIENTED_EDGE ( 'NONE', *, *, #171, .T. ) ;
#834 = FACE_OUTER_BOUND ( 'NONE', #805, .T. ) ;
#835 = VECTOR ( 'NONE', #1247, 1000.000000000000000 ) ;
#836 = ORIENTED_EDGE ( 'NONE', *, *, #568, .T. ) ;
#837 = DIRECTION ( 'NONE',  ( 2.855529720725080741E-16, -1.000000000000000000, 0.000000000000000000 ) ) ;
#838 = EDGE_CURVE ( 'NONE', #1267, #1168, #1163, .T. ) ;
#839 = CARTESIAN_POINT ( 'NONE',  ( 71.00000000000000000, 79.99999999999992895, 448.2851289680178866 ) ) ;
#840 = AXIS2_PLACEMENT_3D ( 'NONE', #1372, #373, #1262 ) ;
#841 = CARTESIAN_POINT ( 'NONE',  ( 76.63523454626125897, -76.30157419415692743, 448.2851289680178866 ) ) ;
#842 = CIRCLE ( 'NONE', #486, 5.000000000000004441 ) ;
#843 = PRODUCT_DEFINITION_SHAPE ( 'NONE', 'NONE',  #927 ) ;
#844 = ORIENTED_EDGE ( 'NONE', *, *, #1274, .F. ) ;
#845 = FACE_OUTER_BOUND ( 'NONE', #403, .T. ) ;
#846 = CARTESIAN_POINT ( 'NONE',  ( 76.63523454626125897, -83.69842580584318625, 448.2851289680178866 ) ) ;
#847 = CALENDAR_DATE ( 2020, 29, 11 ) ;
#848 = DIRECTION ( 'NONE',  ( -0.000000000000000000, -0.000000000000000000, -1.000000000000000000 ) ) ;
#849 = ORIENTED_EDGE ( 'NONE', *, *, #559, .T. ) ;
#850 = DIRECTION ( 'NONE',  ( -0.000000000000000000, -0.000000000000000000, -1.000000000000000000 ) ) ;
#851 = CARTESIAN_POINT ( 'NONE',  ( -70.00000000000001421, 64.99999999999992895, 448.2851289680178866 ) ) ;
#852 = PERSON_AND_ORGANIZATION ( #1080, #195 ) ;
#853 = EDGE_CURVE ( 'NONE', #1255, #562, #958, .T. ) ;
#854 = DIRECTION ( 'NONE',  ( -0.000000000000000000, -0.000000000000000000, -1.000000000000000000 ) ) ;
#855 = EDGE_LOOP ( 'NONE', ( #1371, #930 ) ) ;
#856 = EDGE_LOOP ( 'NONE', ( #549, #901, #1365, #879 ) ) ;
#857 = CIRCLE ( 'NONE', #1045, 5.000000000000004441 ) ;
#858 = CARTESIAN_POINT ( 'NONE',  ( 72.50000000000001421, 71.99999999999990052, 460.2851289680178866 ) ) ;
#859 = CYLINDRICAL_SURFACE ( 'NONE', #1250, 5.000000000000004441 ) ;
#860 = FACE_OUTER_BOUND ( 'NONE', #2, .T. ) ;
#861 = AXIS2_PLACEMENT_3D ( 'NONE', #1141, #1368, #589 ) ;
#862 = PERSON_AND_ORGANIZATION ( #1080, #195 ) ;
#863 = CARTESIAN_POINT ( 'NONE',  ( -72.50000000000001421, -72.00000000000005684, 460.2851289680178866 ) ) ;
#864 = ORIENTED_EDGE ( 'NONE', *, *, #1164, .F. ) ;
#865 = AXIS2_PLACEMENT_3D ( 'NONE', #1412, #1071, #298 ) ;
#866 = ORIENTED_EDGE ( 'NONE', *, *, #7, .F. ) ;
#867 = VECTOR ( 'NONE', #995, 1000.000000000000114 ) ;
#868 = DIRECTION ( 'NONE',  ( -1.000000000000000000, 0.000000000000000000, 0.000000000000000000 ) ) ;
#869 = EDGE_CURVE ( 'NONE', #1432, #967, #41, .T. ) ;
#870 = CARTESIAN_POINT ( 'NONE',  ( 87.50000000000000000, 79.99999999999990052, 460.2851289680178866 ) ) ;
#871 = DIRECTION ( 'NONE',  ( 0.000000000000000000, 0.000000000000000000, 1.000000000000000000 ) ) ;
#872 = CARTESIAN_POINT ( 'NONE',  ( 72.50000000000001421, 79.99999999999990052, 460.2851289680178866 ) ) ;
#873 = DIRECTION ( 'NONE',  ( 0.000000000000000000, 1.000000000000000000, 0.000000000000000000 ) ) ;
#874 = ORIENTED_EDGE ( 'NONE', *, *, #827, .T. ) ;
#875 = ORIENTED_EDGE ( 'NONE', *, *, #1120, .F. ) ;
#876 = CARTESIAN_POINT ( 'NONE',  ( -72.50000000000001421, -72.00000000000005684, 460.2851289680178866 ) ) ;
#877 = CARTESIAN_POINT ( 'NONE',  ( -80.00000000000001421, -80.00000000000005684, 448.2851289680178866 ) ) ;
#878 = LINE ( 'NONE', #207, #1399 ) ;
#879 = ORIENTED_EDGE ( 'NONE', *, *, #610, .T. ) ;
#880 = LINE ( 'NONE', #769, #159 ) ;
#881 = ORIENTED_EDGE ( 'NONE', *, *, #1164, .T. ) ;
#882 = ORIENTED_EDGE ( 'NONE', *, *, #908, .F. ) ;
#883 = CARTESIAN_POINT ( 'NONE',  ( 87.50000000000000000, 87.99999999999991473, 460.2851289680178866 ) ) ;
#884 = LINE ( 'NONE', #83, #1188 ) ;
#885 = VECTOR ( 'NONE', #1017, 1000.000000000000000 ) ;
#886 = EDGE_CURVE ( 'NONE', #238, #731, #964, .T. ) ;
#887 = CARTESIAN_POINT ( 'NONE',  ( 69.99999999999998579, -71.07496207581527869, 448.2851289680178866 ) ) ;
#888 = DIRECTION ( 'NONE',  ( 0.000000000000000000, 0.000000000000000000, -1.000000000000000000 ) ) ;
#889 = ADVANCED_FACE ( 'NONE', ( #278 ), #1178, .T. ) ;
#890 = VECTOR ( 'NONE', #463, 1000.000000000000000 ) ;
#891 = CARTESIAN_POINT ( 'NONE',  ( -80.00000000000000000, -75.00000000000007105, 460.2851289680178866 ) ) ;
#892 = ORIENTED_EDGE ( 'NONE', *, *, #625, .T. ) ;
#893 = VERTEX_POINT ( 'NONE', #184 ) ;
#894 = LINE ( 'NONE', #692, #503 ) ;
#895 = AXIS2_PLACEMENT_3D ( 'NONE', #671, #543, #445 ) ;
#896 = PLANE ( 'NONE',  #1033 ) ;
#897 = LINE ( 'NONE', #1319, #1092 ) ;
#898 = ORIENTED_EDGE ( 'NONE', *, *, #1391, .F. ) ;
#899 = FACE_OUTER_BOUND ( 'NONE', #634, .T. ) ;
#900 = ORIENTED_EDGE ( 'NONE', *, *, #1025, .T. ) ;
#901 = ORIENTED_EDGE ( 'NONE', *, *, #766, .F. ) ;
#902 = CARTESIAN_POINT ( 'NONE',  ( -90.00000000000002842, 94.99999999999992895, 448.2851289680178866 ) ) ;
#903 = DIRECTION ( 'NONE',  ( -4.440892098500626162E-16, 1.000000000000000000, 0.000000000000000000 ) ) ;
#904 = CARTESIAN_POINT ( 'NONE',  ( -80.00000000000000000, -80.00000000000007105, 460.2851289680178866 ) ) ;
#905 = DIRECTION ( 'NONE',  ( 0.000000000000000000, 0.000000000000000000, -1.000000000000000000 ) ) ;
#906 = CARTESIAN_POINT ( 'NONE',  ( 69.99999999999998579, -71.07496207581527869, 448.2851289680178866 ) ) ;
#907 = ORIENTED_EDGE ( 'NONE', *, *, #713, .F. ) ;
#908 = EDGE_CURVE ( 'NONE', #454, #973, #480, .T. ) ;
#909 = VERTEX_POINT ( 'NONE', #78 ) ;
#910 = DIRECTION ( 'NONE',  ( -4.440892098500626162E-16, 1.000000000000000000, 0.000000000000000000 ) ) ;
#911 = VECTOR ( 'NONE', #101, 1000.000000000000000 ) ;
#912 = DIRECTION ( 'NONE',  ( 0.000000000000000000, 0.000000000000000000, 1.000000000000000000 ) ) ;
#913 = CARTESIAN_POINT ( 'NONE',  ( 69.99999999999998579, -95.00000000000005684, 448.2851289680178866 ) ) ;
#914 = EDGE_LOOP ( 'NONE', ( #104, #1401, #402, #20 ) ) ;
#915 = VECTOR ( 'NONE', #946, 1000.000000000000000 ) ;
#916 = CARTESIAN_POINT ( 'NONE',  ( 79.99999999999998579, -80.00000000000005684, 448.2851289680178866 ) ) ;
#917 = EDGE_CURVE ( 'NONE', #761, #830, #919, .T. ) ;
#918 = DIRECTION ( 'NONE',  ( -0.000000000000000000, -0.000000000000000000, -1.000000000000000000 ) ) ;
#919 = CIRCLE ( 'NONE', #633, 8.999999999999994671 ) ;
#920 = VECTOR ( 'NONE', #764, 1000.000000000000000 ) ;
#921 = PLANE ( 'NONE',  #861 ) ;
#922 = CC_DESIGN_SECURITY_CLASSIFICATION ( #942, ( #366 ) ) ;
#923 = FACE_OUTER_BOUND ( 'NONE', #1030, .T. ) ;
#924 = VERTEX_POINT ( 'NONE', #343 ) ;
#925 = APPLICATION_PROTOCOL_DEFINITION ( 'international standard', 'config_control_design', 1994, #750 ) ;
#926 = CARTESIAN_POINT ( 'NONE',  ( 90.00000000000000000, -95.00000000000005684, 448.2851289680178866 ) ) ;
#927 = PRODUCT_DEFINITION ( 'UNKNOWN', '', #366, #1191 ) ;
#928 = EDGE_CURVE ( 'NONE', #128, #1255, #884, .T. ) ;
#929 = DIRECTION ( 'NONE',  ( 1.000000000000000000, 0.000000000000000000, 0.000000000000000000 ) ) ;
#930 = ORIENTED_EDGE ( 'NONE', *, *, #869, .T. ) ;
#931 = EDGE_LOOP ( 'NONE', ( #1138, #956 ) ) ;
#932 = DIRECTION ( 'NONE',  ( 0.000000000000000000, -1.000000000000000000, 0.000000000000000000 ) ) ;
#933 = DIRECTION ( 'NONE',  ( 0.000000000000000000, 0.000000000000000000, 1.000000000000000000 ) ) ;
#934 = EDGE_CURVE ( 'NONE', #924, #770, #1051, .T. ) ;
#935 = EDGE_CURVE ( 'NONE', #1277, #1048, #1098, .T. ) ;
#936 = VECTOR ( 'NONE', #1096, 1000.000000000000000 ) ;
#937 = ORIENTED_EDGE ( 'NONE', *, *, #908, .T. ) ;
#938 = PERSON_AND_ORGANIZATION ( #1080, #195 ) ;
#939 = CIRCLE ( 'NONE', #1286, 8.999999999999994671 ) ;
#940 = CARTESIAN_POINT ( 'NONE',  ( 79.99999999999998579, -80.00000000000005684, 443.2851289680178866 ) ) ;
#941 = DIRECTION ( 'NONE',  ( -1.734723475976807094E-16, -1.000000000000000000, 0.000000000000000000 ) ) ;
#942 = SECURITY_CLASSIFICATION ( '', '', #706 ) ;
#943 = ORIENTED_EDGE ( 'NONE', *, *, #1219, .F. ) ;
#944 = CC_DESIGN_PERSON_AND_ORGANIZATION_ASSIGNMENT ( #862, #1386, ( #942 ) ) ;
#945 = FACE_BOUND ( 'NONE', #172, .T. ) ;
#946 = DIRECTION ( 'NONE',  ( -1.000000000000000000, -6.753856733136368626E-16, 0.000000000000000000 ) ) ;
#947 = ORIENTED_EDGE ( 'NONE', *, *, #262, .T. ) ;
#948 = FACE_OUTER_BOUND ( 'NONE', #1416, .T. ) ;
#949 = ORIENTED_EDGE ( 'NONE', *, *, #1259, .F. ) ;
#950 = ADVANCED_FACE ( 'NONE', ( #200 ), #896, .T. ) ;
#951 = PLANE ( 'NONE',  #482 ) ;
#952 = PRODUCT ( 'barres_plate_haut_Défaut_sldprt', 'barres_plate_haut_Défaut_sldprt', '', ( #1150 ) ) ;
#953 = CARTESIAN_POINT ( 'NONE',  ( -70.00000000000001421, 87.99999999999992895, 448.2851289680178866 ) ) ;
#954 = CARTESIAN_POINT ( 'NONE',  ( 79.99999999999998579, 79.99999999999992895, 448.2851289680178866 ) ) ;
#955 = ORIENTED_EDGE ( 'NONE', *, *, #1077, .T. ) ;
#956 = ORIENTED_EDGE ( 'NONE', *, *, #645, .F. ) ;
#957 = PLANE ( 'NONE',  #614 ) ;
#958 = LINE ( 'NONE', #291, #915 ) ;
#959 = PERSON_AND_ORGANIZATION_ROLE ( 'creator' ) ;
#960 = CARTESIAN_POINT ( 'NONE',  ( -89.00000000000001421, -80.00000000000005684, 448.2851289680178866 ) ) ;
#961 = AXIS2_PLACEMENT_3D ( 'NONE', #6, #444, #225 ) ;
#962 = ORIENTED_EDGE ( 'NONE', *, *, #838, .T. ) ;
#963 = PLANE ( 'NONE',  #263 ) ;
#964 = LINE ( 'NONE', #1280, #400 ) ;
#965 = EDGE_CURVE ( 'NONE', #1390, #110, #324, .T. ) ;
#966 = DIRECTION ( 'NONE',  ( 0.8390976183068129535, 0.5439808700237850347, 0.000000000000000000 ) ) ;
#967 = VERTEX_POINT ( 'NONE', #1318 ) ;
#968 = DIRECTION ( 'NONE',  ( -0.000000000000000000, -0.000000000000000000, -1.000000000000000000 ) ) ;
#969 = DIRECTION ( 'NONE',  ( 1.000000000000000000, 0.000000000000000000, -0.000000000000000000 ) ) ;
#970 = PERSON_AND_ORGANIZATION_ROLE ( 'design_supplier' ) ;
#971 = EDGE_CURVE ( 'NONE', #1074, #224, #206, .T. ) ;
#972 = DIRECTION ( 'NONE',  ( 0.000000000000000000, 1.000000000000000000, 0.000000000000000000 ) ) ;
#973 = VERTEX_POINT ( 'NONE', #651 ) ;
#974 = AXIS2_PLACEMENT_3D ( 'NONE', #1154, #698, #491 ) ;
#975 = CARTESIAN_POINT ( 'NONE',  ( 69.99999999999998579, -71.07496207581527869, 443.2851289680178866 ) ) ;
#976 = CARTESIAN_POINT ( 'NONE',  ( -90.00000000000002842, 64.99999999999992895, 448.2851289680178866 ) ) ;
#977 = DIRECTION ( 'NONE',  ( 1.000000000000000000, 0.000000000000000000, 0.000000000000000000 ) ) ;
#978 = VECTOR ( 'NONE', #393, 1000.000000000000000 ) ;
#979 = ORIENTED_EDGE ( 'NONE', *, *, #645, .T. ) ;
#980 = CARTESIAN_POINT ( 'NONE',  ( 69.99999999999998579, -88.00000000000005684, 448.2851289680178866 ) ) ;
#981 = VERTEX_POINT ( 'NONE', #638 ) ;
#982 = EDGE_CURVE ( 'NONE', #25, #1409, #986, .T. ) ;
#983 = EDGE_LOOP ( 'NONE', ( #1222, #943, #1385, #42 ) ) ;
#984 = CARTESIAN_POINT ( 'NONE',  ( 69.99999999999998579, -88.00000000000005684, 448.2851289680178866 ) ) ;
#985 = APPROVAL_PERSON_ORGANIZATION ( #379, #477, #622 ) ;
#986 = LINE ( 'NONE', #976, #502 ) ;
#987 = LINE ( 'NONE', #553, #936 ) ;
#988 = ORIENTED_EDGE ( 'NONE', *, *, #935, .F. ) ;
#989 = PLANE ( 'NONE',  #421 ) ;
#990 = ORIENTED_EDGE ( 'NONE', *, *, #746, .F. ) ;
#991 = ADVANCED_FACE ( 'NONE', ( #115 ), #98, .F. ) ;
#992 = ORIENTED_EDGE ( 'NONE', *, *, #50, .F. ) ;
#993 = FACE_OUTER_BOUND ( 'NONE', #691, .T. ) ;
#994 = EDGE_CURVE ( 'NONE', #1230, #1246, #419, .T. ) ;
#995 = DIRECTION ( 'NONE',  ( -0.7855577629879422208, 0.6187883329615871952, 0.000000000000000000 ) ) ;
#996 = CARTESIAN_POINT ( 'NONE',  ( -72.50000000000000000, -88.00000000000008527, 455.2851289680178866 ) ) ;
#997 = DIRECTION ( 'NONE',  ( 1.734723475976807094E-16, -1.000000000000000000, 0.000000000000000000 ) ) ;
#998 = CARTESIAN_POINT ( 'NONE',  ( 69.99999999999998579, -65.00000000000005684, 448.2851289680178866 ) ) ;
#999 = VERTEX_POINT ( 'NONE', #315 ) ;
#1000 = ORIENTED_EDGE ( 'NONE', *, *, #69, .F. ) ;
#1001 = DIRECTION ( 'NONE',  ( 1.000000000000000000, 0.000000000000000000, 0.000000000000000000 ) ) ;
#1002 = CIRCLE ( 'NONE', #259, 8.000000000000007105 ) ;
#1003 = DIRECTION ( 'NONE',  ( 1.000000000000000000, 0.000000000000000000, 0.000000000000000000 ) ) ;
#1004 = AXIS2_PLACEMENT_3D ( 'NONE', #86, #294, #972 ) ;
#1005 = CARTESIAN_POINT ( 'NONE',  ( -72.50000000000001421, -80.00000000000007105, 455.2851289680178866 ) ) ;
#1006 = VERTEX_POINT ( 'NONE', #661 ) ;
#1007 = AXIS2_PLACEMENT_3D ( 'NONE', #490, #687, #51 ) ;
#1008 = CARTESIAN_POINT ( 'NONE',  ( 79.99999999999998579, 79.99999999999992895, 413.2851289680178297 ) ) ;
#1009 = ORIENTED_EDGE ( 'NONE', *, *, #1157, .T. ) ;
#1010 = VERTEX_POINT ( 'NONE', #429 ) ;
#1011 = AXIS2_PLACEMENT_3D ( 'NONE', #1257, #1359, #581 ) ;
#1012 = DIRECTION ( 'NONE',  ( -1.000000000000000000, 1.734723475976807094E-16, 0.000000000000000000 ) ) ;
#1013 = AXIS2_PLACEMENT_3D ( 'NONE', #876, #1076, #96 ) ;
#1014 = DIRECTION ( 'NONE',  ( 0.000000000000000000, -1.000000000000000000, 0.000000000000000000 ) ) ;
#1015 = EDGE_CURVE ( 'NONE', #909, #222, #1342, .T. ) ;
#1016 = CYLINDRICAL_SURFACE ( 'NONE', #332, 5.000000000000004441 ) ;
#1017 = DIRECTION ( 'NONE',  ( 0.000000000000000000, 0.000000000000000000, 1.000000000000000000 ) ) ;
#1018 = VERTEX_POINT ( 'NONE', #106 ) ;
#1019 = ORIENTED_EDGE ( 'NONE', *, *, #994, .F. ) ;
#1020 = FACE_BOUND ( 'NONE', #443, .T. ) ;
#1021 = DIRECTION ( 'NONE',  ( 0.000000000000000000, 0.000000000000000000, 1.000000000000000000 ) ) ;
#1022 = CARTESIAN_POINT ( 'NONE',  ( 74.99999999999998579, 79.99999999999992895, 448.2851289680178866 ) ) ;
#1023 = DIRECTION ( 'NONE',  ( 0.000000000000000000, 1.000000000000000000, 0.000000000000000000 ) ) ;
#1024 = EDGE_LOOP ( 'NONE', ( #892, #1301, #14, #1261 ) ) ;
#1025 = EDGE_CURVE ( 'NONE', #139, #1277, #1113, .T. ) ;
#1026 = CARTESIAN_POINT ( 'NONE',  ( -76.63523454626128739, 83.69842580584307257, 443.2851289680178866 ) ) ;
#1027 = AXIS2_PLACEMENT_3D ( 'NONE', #439, #537, #202 ) ;
#1028 = PLANE ( 'NONE',  #478 ) ;
#1029 = CARTESIAN_POINT ( 'NONE',  ( -71.00000000000002842, -80.00000000000005684, 413.2851289680178866 ) ) ;
#1030 = EDGE_LOOP ( 'NONE', ( #592, #436, #1402, #349, #303, #875, #962, #949 ) ) ;
#1031 = AXIS2_PLACEMENT_3D ( 'NONE', #629, #733, #498 ) ;
#1032 = EDGE_CURVE ( 'NONE', #1194, #1212, #385, .T. ) ;
#1033 = AXIS2_PLACEMENT_3D ( 'NONE', #1204, #1426, #1435 ) ;
#1034 = CARTESIAN_POINT ( 'NONE',  ( 87.50000000000000000, 79.99999999999990052, 455.2851289680178866 ) ) ;
#1035 = LINE ( 'NONE', #1270, #1244 ) ;
#1036 = ORIENTED_EDGE ( 'NONE', *, *, #1279, .F. ) ;
#1037 = ADVANCED_FACE ( 'NONE', ( #535, #1199 ), #527, .F. ) ;
#1038 = CYLINDRICAL_SURFACE ( 'NONE', #1102, 8.999999999999994671 ) ;
#1039 = ADVANCED_FACE ( 'NONE', ( #17 ), #859, .F. ) ;
#1040 = CARTESIAN_POINT ( 'NONE',  ( -85.00000000000001421, -80.00000000000005684, 448.2851289680178866 ) ) ;
#1041 = ORIENTED_EDGE ( 'NONE', *, *, #84, .T. ) ;
#1042 = PERSON_AND_ORGANIZATION ( #1080, #195 ) ;
#1043 = DIRECTION ( 'NONE',  ( -1.734723475976807094E-16, 1.000000000000000000, 0.000000000000000000 ) ) ;
#1044 = DIRECTION ( 'NONE',  ( 1.734723475976807341E-16, 1.000000000000000000, 0.000000000000000000 ) ) ;
#1045 = AXIS2_PLACEMENT_3D ( 'NONE', #1408, #752, #1174 ) ;
#1046 = DIRECTION ( 'NONE',  ( -0.000000000000000000, 0.000000000000000000, -1.000000000000000000 ) ) ;
#1047 = VECTOR ( 'NONE', #1336, 1000.000000000000000 ) ;
#1048 = VERTEX_POINT ( 'NONE', #1086 ) ;
#1049 = CARTESIAN_POINT ( 'NONE',  ( 80.00000000000000000, 74.99999999999990052, 450.2851289680178866 ) ) ;
#1050 = CARTESIAN_POINT ( 'NONE',  ( -70.00000000000001421, 64.99999999999992895, 448.2851289680178866 ) ) ;
#1051 = CIRCLE ( 'NONE', #126, 5.000000000000004441 ) ;
#1052 = ADVANCED_FACE ( 'NONE', ( #308 ), #567, .F. ) ;
#1053 = LOCAL_TIME ( 14, 37, 5.000000000000000000, #1266 ) ;
#1054 = VERTEX_POINT ( 'NONE', #1026 ) ;
#1055 = DIRECTION ( 'NONE',  ( 0.000000000000000000, 0.000000000000000000, 1.000000000000000000 ) ) ;
#1056 = FACE_OUTER_BOUND ( 'NONE', #288, .T. ) ;
#1057 = CARTESIAN_POINT ( 'NONE',  ( 69.99999999999998579, -65.00000000000005684, 443.2851289680178866 ) ) ;
#1058 = PLANE ( 'NONE',  #186 ) ;
#1059 = ORIENTED_EDGE ( 'NONE', *, *, #398, .T. ) ;
#1060 = ORIENTED_EDGE ( 'NONE', *, *, #1383, .F. ) ;
#1061 = ADVANCED_FACE ( 'NONE', ( #381 ), #351, .T. ) ;
#1062 = LINE ( 'NONE', #1049, #387 ) ;
#1063 = CARTESIAN_POINT ( 'NONE',  ( 72.50000000000001421, 79.99999999999990052, 455.2851289680178866 ) ) ;
#1064 = CALENDAR_DATE ( 2020, 29, 11 ) ;
#1065 = CARTESIAN_POINT ( 'NONE',  ( 79.99999999999998579, 79.99999999999992895, 448.2851289680178866 ) ) ;
#1066 = CIRCLE ( 'NONE', #584, 8.000000000000007105 ) ;
#1067 = ORIENTED_EDGE ( 'NONE', *, *, #756, .F. ) ;
#1068 = EDGE_CURVE ( 'NONE', #1212, #1194, #194, .T. ) ;
#1069 = CARTESIAN_POINT ( 'NONE',  ( -75.00000000000001421, -80.00000000000005684, 413.2851289680178866 ) ) ;
#1070 = VECTOR ( 'NONE', #531, 1000.000000000000000 ) ;
#1071 = DIRECTION ( 'NONE',  ( 0.000000000000000000, 0.000000000000000000, 1.000000000000000000 ) ) ;
#1072 = CARTESIAN_POINT ( 'NONE',  ( -90.00000000000002842, 64.99999999999992895, 448.2851289680178866 ) ) ;
#1073 = VECTOR ( 'NONE', #1093, 1000.000000000000000 ) ;
#1074 = VERTEX_POINT ( 'NONE', #360 ) ;
#1075 = VERTEX_POINT ( 'NONE', #1136 ) ;
#1076 = DIRECTION ( 'NONE',  ( 6.753856733136368626E-16, -1.000000000000000000, 0.000000000000000000 ) ) ;
#1077 = EDGE_CURVE ( 'NONE', #999, #1010, #801, .T. ) ;
#1078 = DIRECTION ( 'NONE',  ( 0.000000000000000000, 0.000000000000000000, 1.000000000000000000 ) ) ;
#1079 = ADVANCED_FACE ( 'NONE', ( #1020, #1121 ), #1379, .F. ) ;
#1080 = PERSON ( 'UNSPECIFIED', 'UNSPECIFIED', 'UNSPECIFIED', ('UNSPECIFIED'), ('UNSPECIFIED'), ('UNSPECIFIED') ) ;
#1081 = APPROVAL_DATE_TIME ( #187, #1413 ) ;
#1082 = CYLINDRICAL_SURFACE ( 'NONE', #450, 5.000000000000004441 ) ;
#1083 = ORIENTED_EDGE ( 'NONE', *, *, #1406, .T. ) ;
#1084 = ORIENTED_EDGE ( 'NONE', *, *, #1112, .F. ) ;
#1085 = LINE ( 'NONE', #883, #1223 ) ;
#1086 = CARTESIAN_POINT ( 'NONE',  ( 87.50000000000000000, 87.99999999999991473, 460.2851289680178866 ) ) ;
#1087 = DIRECTION ( 'NONE',  ( 0.000000000000000000, 0.000000000000000000, -1.000000000000000000 ) ) ;
#1088 = ADVANCED_FACE ( 'NONE', ( #367, #470 ), #1233, .F. ) ;
#1089 = CARTESIAN_POINT ( 'NONE',  ( -90.00000000000002842, 64.99999999999992895, 443.2851289680178866 ) ) ;
#1090 = CARTESIAN_POINT ( 'NONE',  ( 90.00000000000000000, -95.00000000000005684, 443.2851289680178866 ) ) ;
#1091 = ORIENTED_EDGE ( 'NONE', *, *, #223, .T. ) ;
#1092 = VECTOR ( 'NONE', #310, 1000.000000000000000 ) ;
#1093 = DIRECTION ( 'NONE',  ( 0.000000000000000000, 0.000000000000000000, -1.000000000000000000 ) ) ;
#1094 = DIRECTION ( 'NONE',  ( 0.000000000000000000, 0.000000000000000000, 1.000000000000000000 ) ) ;
#1095 = AXIS2_PLACEMENT_3D ( 'NONE', #904, #242, #47 ) ;
#1096 = DIRECTION ( 'NONE',  ( -0.000000000000000000, -0.000000000000000000, -1.000000000000000000 ) ) ;
#1097 = ORIENTED_EDGE ( 'NONE', *, *, #325, .F. ) ;
#1098 = CIRCLE ( 'NONE', #216, 8.000000000000007105 ) ;
#1099 = ADVANCED_FACE ( 'NONE', ( #807 ), #39, .F. ) ;
#1100 = CARTESIAN_POINT ( 'NONE',  ( -72.50000000000000000, -88.00000000000008527, 460.2851289680178866 ) ) ;
#1101 = EDGE_LOOP ( 'NONE', ( #121, #460, #979, #468 ) ) ;
#1102 = AXIS2_PLACEMENT_3D ( 'NONE', #49, #493, #232 ) ;
#1103 = ORIENTED_EDGE ( 'NONE', *, *, #153, .T. ) ;
#1104 = DIRECTION ( 'NONE',  ( -0.000000000000000000, -0.000000000000000000, -1.000000000000000000 ) ) ;
#1105 = CARTESIAN_POINT ( 'NONE',  ( -70.00000000000001421, 71.07496207581515080, 443.2851289680178866 ) ) ;
#1106 = DIRECTION ( 'NONE',  ( 0.000000000000000000, 0.000000000000000000, -1.000000000000000000 ) ) ;
#1107 = ORIENTED_EDGE ( 'NONE', *, *, #249, .F. ) ;
#1108 = DIRECTION ( 'NONE',  ( 1.000000000000000000, 0.000000000000000000, 0.000000000000000000 ) ) ;
#1109 = ORIENTED_EDGE ( 'NONE', *, *, #746, .T. ) ;
#1110 = EDGE_LOOP ( 'NONE', ( #557, #585, #1424, #1160 ) ) ;
#1111 = FACE_OUTER_BOUND ( 'NONE', #856, .T. ) ;
#1112 = EDGE_CURVE ( 'NONE', #384, #365, #252, .T. ) ;
#1113 = LINE ( 'NONE', #552, #168 ) ;
#1114 = LINE ( 'NONE', #90, #1360 ) ;
#1115 = ORIENTED_EDGE ( 'NONE', *, *, #140, .F. ) ;
#1116 = CARTESIAN_POINT ( 'NONE',  ( -87.50000000000000000, -80.00000000000007105, 460.2851289680178866 ) ) ;
#1117 = EDGE_LOOP ( 'NONE', ( #690, #151, #453, #796 ) ) ;
#1118 = ORIENTED_EDGE ( 'NONE', *, *, #1434, .T. ) ;
#1119 = CIRCLE ( 'NONE', #583, 5.000000000000004441 ) ;
#1120 = EDGE_CURVE ( 'NONE', #1267, #440, #1139, .T. ) ;
#1121 = FACE_OUTER_BOUND ( 'NONE', #914, .T. ) ;
#1122 = CARTESIAN_POINT ( 'NONE',  ( -80.00000000000001421, 79.99999999999992895, 448.2851289680178866 ) ) ;
#1123 = CARTESIAN_POINT ( 'NONE',  ( 89.99999999999998579, -65.00000000000005684, 443.2851289680178866 ) ) ;
#1124 = VECTOR ( 'NONE', #406, 1000.000000000000000 ) ;
#1125 = CARTESIAN_POINT ( 'NONE',  ( -80.00000000000000000, -75.00000000000007105, 450.2851289680178866 ) ) ;
#1126 = ORIENTED_EDGE ( 'NONE', *, *, #539, .F. ) ;
#1127 = ORIENTED_EDGE ( 'NONE', *, *, #1157, .F. ) ;
#1128 =( NAMED_UNIT ( * ) PLANE_ANGLE_UNIT ( ) SI_UNIT ( $, .RADIAN. ) );
#1129 = CARTESIAN_POINT ( 'NONE',  ( -72.50000000000001421, -80.00000000000007105, 460.2851289680178866 ) ) ;
#1130 = APPROVAL_PERSON_ORGANIZATION ( #1171, #1413, #734 ) ;
#1131 = DIRECTION ( 'NONE',  ( 0.000000000000000000, -1.000000000000000000, 0.000000000000000000 ) ) ;
#1132 = FACE_OUTER_BOUND ( 'NONE', #597, .T. ) ;
#1133 = EDGE_CURVE ( 'NONE', #353, #341, #802, .T. ) ;
#1134 = EDGE_LOOP ( 'NONE', ( #626, #1370, #234, #208 ) ) ;
#1135 = ORIENTED_EDGE ( 'NONE', *, *, #778, .T. ) ;
#1136 = CARTESIAN_POINT ( 'NONE',  ( -71.00000000000002842, -80.00000000000005684, 448.2851289680178866 ) ) ;
#1137 = LINE ( 'NONE', #138, #383 ) ;
#1138 = ORIENTED_EDGE ( 'NONE', *, *, #917, .F. ) ;
#1139 = LINE ( 'NONE', #143, #1289 ) ;
#1140 = AXIS2_PLACEMENT_3D ( 'NONE', #906, #1229, #346 ) ;
#1141 = CARTESIAN_POINT ( 'NONE',  ( 69.99999999999998579, -95.00000000000005684, 448.2851289680178866 ) ) ;
#1142 = AXIS2_PLACEMENT_3D ( 'NONE', #218, #647, #432 ) ;
#1143 = ORIENTED_EDGE ( 'NONE', *, *, #1420, .F. ) ;
#1144 = EDGE_CURVE ( 'NONE', #1075, #157, #1190, .T. ) ;
#1145 = ADVANCED_FACE ( 'NONE', ( #149 ), #1038, .T. ) ;
#1146 = DIRECTION ( 'NONE',  ( 1.000000000000000000, 0.000000000000000000, 0.000000000000000000 ) ) ;
#1147 = VECTOR ( 'NONE', #850, 1000.000000000000000 ) ;
#1148 = DIRECTION ( 'NONE',  ( 0.000000000000000000, 0.000000000000000000, 1.000000000000000000 ) ) ;
#1149 = ORIENTED_EDGE ( 'NONE', *, *, #1182, .F. ) ;
#1150 = MECHANICAL_CONTEXT ( 'NONE', #750, 'mechanical' ) ;
#1151 = CC_DESIGN_DATE_AND_TIME_ASSIGNMENT ( #178, #311, ( #942 ) ) ;
#1152 = CARTESIAN_POINT ( 'NONE',  ( 79.99999999999998579, 79.99999999999992895, 448.2851289680178866 ) ) ;
#1153 = DIRECTION ( 'NONE',  ( -1.000000000000000000, 0.000000000000000000, 0.000000000000000000 ) ) ;
#1154 = CARTESIAN_POINT ( 'NONE',  ( 87.50000000000001421, 71.99999999999990052, 460.2851289680178866 ) ) ;
#1155 = ORIENTED_EDGE ( 'NONE', *, *, #1345, .T. ) ;
#1156 = FACE_OUTER_BOUND ( 'NONE', #824, .T. ) ;
#1157 = EDGE_CURVE ( 'NONE', #238, #25, #679, .T. ) ;
#1158 = DIRECTION ( 'NONE',  ( -0.8390976183068128424, -0.5439808700237850347, 0.000000000000000000 ) ) ;
#1159 = AXIS2_PLACEMENT_3D ( 'NONE', #9, #107, #569 ) ;
#1160 = ORIENTED_EDGE ( 'NONE', *, *, #853, .F. ) ;
#1161 = AXIS2_PLACEMENT_3D ( 'NONE', #1063, #72, #1170 ) ;
#1162 = DIRECTION ( 'NONE',  ( 0.000000000000000000, 0.000000000000000000, 1.000000000000000000 ) ) ;
#1163 = LINE ( 'NONE', #505, #97 ) ;
#1164 = EDGE_CURVE ( 'NONE', #705, #283, #26, .T. ) ;
#1165 = VECTOR ( 'NONE', #600, 1000.000000000000000 ) ;
#1166 = ORIENTED_EDGE ( 'NONE', *, *, #467, .T. ) ;
#1167 = DIRECTION ( 'NONE',  ( 0.000000000000000000, 0.000000000000000000, 1.000000000000000000 ) ) ;
#1168 = VERTEX_POINT ( 'NONE', #504 ) ;
#1169 = CARTESIAN_POINT ( 'NONE',  ( 69.99999999999998579, -88.00000000000005684, 448.2851289680178866 ) ) ;
#1170 = DIRECTION ( 'NONE',  ( 0.000000000000000000, 1.000000000000000000, 0.000000000000000000 ) ) ;
#1171 = PERSON_AND_ORGANIZATION ( #1080, #195 ) ;
#1172 = ADVANCED_FACE ( 'NONE', ( #615 ), #392, .T. ) ;
#1173 = ADVANCED_FACE ( 'NONE', ( #71, #271 ), #951, .T. ) ;
#1174 = DIRECTION ( 'NONE',  ( 0.000000000000000000, 1.000000000000000000, 0.000000000000000000 ) ) ;
#1175 = ORIENTED_EDGE ( 'NONE', *, *, #934, .F. ) ;
#1176 = ORIENTED_EDGE ( 'NONE', *, *, #1345, .F. ) ;
#1177 = DIRECTION ( 'NONE',  ( -1.734723475976807094E-16, -1.000000000000000000, 0.000000000000000000 ) ) ;
#1178 = PLANE ( 'NONE',  #1216 ) ;
#1179 = CALENDAR_DATE ( 2020, 29, 11 ) ;
#1180 = DIRECTION ( 'NONE',  ( -4.440892098500626162E-16, 1.000000000000000000, 0.000000000000000000 ) ) ;
#1181 = CIRCLE ( 'NONE', #397, 5.000000000000004441 ) ;
#1182 = EDGE_CURVE ( 'NONE', #909, #893, #708, .T. ) ;
#1183 = VERTEX_POINT ( 'NONE', #1278 ) ;
#1184 = AXIS2_PLACEMENT_3D ( 'NONE', #40, #912, #929 ) ;
#1185 = DIRECTION ( 'NONE',  ( 0.000000000000000000, -1.000000000000000000, 0.000000000000000000 ) ) ;
#1186 = ADVANCED_FACE ( 'NONE', ( #1156 ), #514, .F. ) ;
#1187 = DIRECTION ( 'NONE',  ( 1.000000000000000000, 0.000000000000000000, 0.000000000000000000 ) ) ;
#1188 = VECTOR ( 'NONE', #1226, 1000.000000000000000 ) ;
#1189 = COORDINATED_UNIVERSAL_TIME_OFFSET ( 1, 0, .AHEAD. ) ;
#1190 = CIRCLE ( 'NONE', #703, 8.999999999999994671 ) ;
#1191 = DESIGN_CONTEXT ( 'detailed design', #608, 'design' ) ;
#1192 = FACE_OUTER_BOUND ( 'NONE', #931, .T. ) ;
#1193 = APPROVAL_PERSON_ORGANIZATION ( #1042, #270, #530 ) ;
#1194 = VERTEX_POINT ( 'NONE', #1069 ) ;
#1195 = ORIENTED_EDGE ( 'NONE', *, *, #29, .F. ) ;
#1196 = DIRECTION ( 'NONE',  ( 1.000000000000000000, -1.734723475976807094E-16, 0.000000000000000000 ) ) ;
#1197 = ADVANCED_FACE ( 'NONE', ( #154, #945 ), #963, .T. ) ;
#1198 = EDGE_CURVE ( 'NONE', #342, #1267, #396, .T. ) ;
#1199 = FACE_BOUND ( 'NONE', #474, .T. ) ;
#1200 = FACE_OUTER_BOUND ( 'NONE', #347, .T. ) ;
#1201 = DIRECTION ( 'NONE',  ( 1.000000000000000000, 6.753856733136369612E-16, 0.000000000000000000 ) ) ;
#1202 = VERTEX_POINT ( 'NONE', #1392 ) ;
#1203 = DIRECTION ( 'NONE',  ( -0.000000000000000000, -0.000000000000000000, -1.000000000000000000 ) ) ;
#1204 = CARTESIAN_POINT ( 'NONE',  ( 69.99999999999998579, -88.00000000000005684, 448.2851289680178866 ) ) ;
#1205 = EDGE_CURVE ( 'NONE', #442, #973, #1062, .T. ) ;
#1206 = CARTESIAN_POINT ( 'NONE',  ( 69.99999999999998579, -65.00000000000005684, 448.2851289680178866 ) ) ;
#1207 = ORIENTED_EDGE ( 'NONE', *, *, #928, .F. ) ;
#1208 = DIRECTION ( 'NONE',  ( -0.000000000000000000, -0.000000000000000000, -1.000000000000000000 ) ) ;
#1209 = CLOSED_SHELL ( 'NONE', ( #1186, #304, #1197, #1037, #1316, #1039 ) ) ;
#1210 = ORIENTED_EDGE ( 'NONE', *, *, #348, .F. ) ;
#1211 = AXIS2_PLACEMENT_3D ( 'NONE', #1005, #233, #757 ) ;
#1212 = VERTEX_POINT ( 'NONE', #1275 ) ;
#1213 = CARTESIAN_POINT ( 'NONE',  ( 87.50000000000001421, 71.99999999999990052, 460.2851289680178866 ) ) ;
#1214 = VECTOR ( 'NONE', #369, 1000.000000000000000 ) ;
#1215 = DIRECTION ( 'NONE',  ( 1.000000000000000000, 0.000000000000000000, 0.000000000000000000 ) ) ;
#1216 = AXIS2_PLACEMENT_3D ( 'NONE', #851, #941, #718 ) ;
#1217 = CYLINDRICAL_SURFACE ( 'NONE', #1159, 8.999999999999994671 ) ;
#1218 = VERTEX_POINT ( 'NONE', #627 ) ;
#1219 = EDGE_CURVE ( 'NONE', #1183, #1230, #284, .T. ) ;
#1220 = FACE_OUTER_BOUND ( 'NONE', #811, .T. ) ;
#1221 = VECTOR ( 'NONE', #226, 1000.000000000000114 ) ;
#1222 = ORIENTED_EDGE ( 'NONE', *, *, #678, .T. ) ;
#1223 = VECTOR ( 'NONE', #551, 1000.000000000000000 ) ;
#1224 = ORIENTED_EDGE ( 'NONE', *, *, #838, .F. ) ;
#1225 = CARTESIAN_POINT ( 'NONE',  ( -80.00000000000001421, 79.99999999999992895, 443.2851289680178866 ) ) ;
#1226 = DIRECTION ( 'NONE',  ( 0.000000000000000000, 0.000000000000000000, -1.000000000000000000 ) ) ;
#1227 = CARTESIAN_POINT ( 'NONE',  ( -90.00000000000002842, 94.99999999999992895, 448.2851289680178866 ) ) ;
#1228 = PLANE ( 'NONE',  #1142 ) ;
#1229 = DIRECTION ( 'NONE',  ( 0.6187883329615870842, 0.7855577629879423318, -0.000000000000000000 ) ) ;
#1230 = VERTEX_POINT ( 'NONE', #821 ) ;
#1231 = ADVANCED_FACE ( 'NONE', ( #1287 ), #716, .T. ) ;
#1232 = ORIENTED_EDGE ( 'NONE', *, *, #376, .F. ) ;
#1233 = PLANE ( 'NONE',  #1312 ) ;
#1234 = CARTESIAN_POINT ( 'NONE',  ( -80.00000000000001421, -80.00000000000005684, 448.2851289680178866 ) ) ;
#1235 = ORIENTED_EDGE ( 'NONE', *, *, #1434, .F. ) ;
#1236 = CARTESIAN_POINT ( 'NONE',  ( -87.50000000000000000, -88.00000000000008527, 455.2851289680178866 ) ) ;
#1237 = ORIENTED_EDGE ( 'NONE', *, *, #529, .F. ) ;
#1238 = EDGE_CURVE ( 'NONE', #973, #454, #842, .T. ) ;
#1239 = EDGE_LOOP ( 'NONE', ( #189, #305, #1302, #1378 ) ) ;
#1240 = LINE ( 'NONE', #1256, #339 ) ;
#1241 = VECTOR ( 'NONE', #997, 1000.000000000000000 ) ;
#1242 = ADVANCED_FACE ( 'NONE', ( #1056 ), #957, .F. ) ;
#1243 = AXIS2_PLACEMENT_3D ( 'NONE', #1353, #564, #210 ) ;
#1244 = VECTOR ( 'NONE', #814, 1000.000000000000000 ) ;
#1245 = DIRECTION ( 'NONE',  ( -1.000000000000000000, 1.734723475976807094E-16, -0.000000000000000000 ) ) ;
#1246 = VERTEX_POINT ( 'NONE', #54 ) ;
#1247 = DIRECTION ( 'NONE',  ( 1.000000000000000000, 0.000000000000000000, 0.000000000000000000 ) ) ;
#1248 = ORIENTED_EDGE ( 'NONE', *, *, #1077, .F. ) ;
#1249 = ORIENTED_EDGE ( 'NONE', *, *, #1299, .F. ) ;
#1250 = AXIS2_PLACEMENT_3D ( 'NONE', #455, #1309, #749 ) ;
#1251 = DIRECTION ( 'NONE',  ( -1.000000000000000000, 0.000000000000000000, 0.000000000000000000 ) ) ;
#1252 = ADVANCED_FACE ( 'NONE', ( #845 ), #732, .F. ) ;
#1253 = CYLINDRICAL_SURFACE ( 'NONE', #19, 8.000000000000007105 ) ;
#1254 = PLANE ( 'NONE',  #974 ) ;
#1255 = VERTEX_POINT ( 'NONE', #266 ) ;
#1256 = CARTESIAN_POINT ( 'NONE',  ( -76.63523454626128739, 76.30157419415679954, 448.2851289680178866 ) ) ;
#1257 = CARTESIAN_POINT ( 'NONE',  ( -70.00000000000001421, 71.07496207581515080, 448.2851289680178866 ) ) ;
#1258 = FACE_OUTER_BOUND ( 'NONE', #1307, .T. ) ;
#1259 = EDGE_CURVE ( 'NONE', #110, #1168, #458, .T. ) ;
#1260 = DIRECTION ( 'NONE',  ( 0.000000000000000000, 0.000000000000000000, 1.000000000000000000 ) ) ;
#1261 = ORIENTED_EDGE ( 'NONE', *, *, #1279, .T. ) ;
#1262 = DIRECTION ( 'NONE',  ( 1.000000000000000000, 0.000000000000000000, 0.000000000000000000 ) ) ;
#1263 = DIRECTION ( 'NONE',  ( 0.000000000000000000, 0.000000000000000000, 1.000000000000000000 ) ) ;
#1264 = VECTOR ( 'NONE', #35, 1000.000000000000000 ) ;
#1265 = EDGE_LOOP ( 'NONE', ( #580, #1036, #117, #1109 ) ) ;
#1266 = COORDINATED_UNIVERSAL_TIME_OFFSET ( 1, 0, .AHEAD. ) ;
#1267 = VERTEX_POINT ( 'NONE', #418 ) ;
#1268 = DIRECTION ( 'NONE',  ( 0.000000000000000000, 0.000000000000000000, 1.000000000000000000 ) ) ;
#1269 = VECTOR ( 'NONE', #1185, 1000.000000000000000 ) ;
#1270 = CARTESIAN_POINT ( 'NONE',  ( 69.99999999999998579, -95.00000000000005684, 448.2851289680178866 ) ) ;
#1271 = FACE_OUTER_BOUND ( 'NONE', #1024, .T. ) ;
#1272 = ORIENTED_EDGE ( 'NONE', *, *, #707, .T. ) ;
#1273 = DATE_AND_TIME ( #847, #663 ) ;
#1274 = EDGE_CURVE ( 'NONE', #342, #1006, #1425, .T. ) ;
#1275 = CARTESIAN_POINT ( 'NONE',  ( -85.00000000000001421, -80.00000000000005684, 413.2851289680178866 ) ) ;
#1276 = DIRECTION ( 'NONE',  ( 2.855529720725080741E-16, -1.000000000000000000, 0.000000000000000000 ) ) ;
#1277 = VERTEX_POINT ( 'NONE', #1213 ) ;
#1278 = CARTESIAN_POINT ( 'NONE',  ( -70.00000000000001421, 94.99999999999992895, 448.2851289680178866 ) ) ;
#1279 = EDGE_CURVE ( 'NONE', #139, #981, #192, .T. ) ;
#1280 = CARTESIAN_POINT ( 'NONE',  ( -70.00000000000001421, 64.99999999999992895, 448.2851289680178866 ) ) ;
#1281 = MANIFOLD_SOLID_BREP ( 'Maintien2-2-solid1', #1380 ) ;
#1282 = AXIS2_PLACEMENT_3D ( 'NONE', #1008, #203, #1108 ) ;
#1283 = ORIENTED_EDGE ( 'NONE', *, *, #63, .T. ) ;
#1284 = CARTESIAN_POINT ( 'NONE',  ( 79.99999999999998579, 79.99999999999992895, 413.2851289680178297 ) ) ;
#1285 = ORIENTED_EDGE ( 'NONE', *, *, #686, .F. ) ;
#1286 = AXIS2_PLACEMENT_3D ( 'NONE', #1373, #1148, #150 ) ;
#1287 = FACE_OUTER_BOUND ( 'NONE', #677, .T. ) ;
#1288 = DIRECTION ( 'NONE',  ( 1.120806244748273646E-16, -1.000000000000000000, 0.000000000000000000 ) ) ;
#1289 = VECTOR ( 'NONE', #813, 1000.000000000000000 ) ;
#1290 = ADVANCED_FACE ( 'NONE', ( #636 ), #428, .F. ) ;
#1291 = AXIS2_PLACEMENT_3D ( 'NONE', #726, #167, #1043 ) ;
#1292 = FACE_OUTER_BOUND ( 'NONE', #296, .T. ) ;
#1293 = ORIENTED_EDGE ( 'NONE', *, *, #853, .T. ) ;
#1294 = ORIENTED_EDGE ( 'NONE', *, *, #191, .F. ) ;
#1295 = CARTESIAN_POINT ( 'NONE',  ( 80.00000000000000000, 79.99999999999990052, 460.2851289680178866 ) ) ;
#1296 = FACE_OUTER_BOUND ( 'NONE', #653, .T. ) ;
#1297 = EDGE_CURVE ( 'NONE', #81, #967, #334, .T. ) ;
#1298 = DATE_TIME_ROLE ( 'creation_date' ) ;
#1299 = EDGE_CURVE ( 'NONE', #1218, #619, #322, .T. ) ;
#1300 = CARTESIAN_POINT ( 'NONE',  ( 89.99999999999998579, -65.00000000000005684, 448.2851289680178866 ) ) ;
#1301 = ORIENTED_EDGE ( 'NONE', *, *, #559, .F. ) ;
#1302 = ORIENTED_EDGE ( 'NONE', *, *, #307, .F. ) ;
#1303 = FACE_BOUND ( 'NONE', #771, .T. ) ;
#1304 = CARTESIAN_POINT ( 'NONE',  ( -85.00000000000001421, -80.00000000000005684, 448.2851289680178866 ) ) ;
#1305 = DIRECTION ( 'NONE',  ( 1.000000000000000000, 0.000000000000000000, 0.000000000000000000 ) ) ;
#1306 = FACE_OUTER_BOUND ( 'NONE', #1423, .T. ) ;
#1307 = EDGE_LOOP ( 'NONE', ( #797, #1084, #175, #1041 ) ) ;
#1308 = CARTESIAN_POINT ( 'NONE',  ( 69.99999999999998579, -88.00000000000005684, 448.2851289680178866 ) ) ;
#1309 = DIRECTION ( 'NONE',  ( -0.000000000000000000, -0.000000000000000000, -1.000000000000000000 ) ) ;
#1310 = DIRECTION ( 'NONE',  ( 0.000000000000000000, 0.000000000000000000, -1.000000000000000000 ) ) ;
#1311 = APPLICATION_PROTOCOL_DEFINITION ( 'international standard', 'config_control_design', 1994, #608 ) ;
#1312 = AXIS2_PLACEMENT_3D ( 'NONE', #137, #33, #903 ) ;
#1313 = FACE_BOUND ( 'NONE', #855, .T. ) ;
#1314 = CC_DESIGN_APPROVAL ( #1413, ( #942 ) ) ;
#1315 = VERTEX_POINT ( 'NONE', #542 ) ;
#1316 = ADVANCED_FACE ( 'NONE', ( #1111 ), #213, .T. ) ;
#1317 = CARTESIAN_POINT ( 'NONE',  ( -80.00000000000001421, 79.99999999999992895, 443.2851289680178866 ) ) ;
#1318 = CARTESIAN_POINT ( 'NONE',  ( 74.99999999999998579, 79.99999999999992895, 413.2851289680178297 ) ) ;
#1319 = CARTESIAN_POINT ( 'NONE',  ( 89.99999999999998579, -65.00000000000005684, 448.2851289680178866 ) ) ;
#1320 = LINE ( 'NONE', #792, #299 ) ;
#1321 = DIRECTION ( 'NONE',  ( 0.000000000000000000, 0.000000000000000000, 1.000000000000000000 ) ) ;
#1322 = EDGE_LOOP ( 'NONE', ( #1293, #866, #231, #1431 ) ) ;
#1323 = ORIENTED_EDGE ( 'NONE', *, *, #456, .T. ) ;
#1324 = DIRECTION ( 'NONE',  ( -1.000000000000000000, 0.000000000000000000, 0.000000000000000000 ) ) ;
#1325 = DIRECTION ( 'NONE',  ( 0.000000000000000000, 0.000000000000000000, 1.000000000000000000 ) ) ;
#1326 = FACE_OUTER_BOUND ( 'NONE', #136, .T. ) ;
#1327 = LINE ( 'NONE', #449, #587 ) ;
#1328 = FACE_OUTER_BOUND ( 'NONE', #181, .T. ) ;
#1329 = ORIENTED_EDGE ( 'NONE', *, *, #628, .T. ) ;
#1330 = ORIENTED_EDGE ( 'NONE', *, *, #37, .F. ) ;
#1331 = LINE ( 'NONE', #113, #637 ) ;
#1332 = DIRECTION ( 'NONE',  ( 1.000000000000000000, 6.753856733136369612E-16, 0.000000000000000000 ) ) ;
#1333 = DIRECTION ( 'NONE',  ( 1.000000000000000000, 2.855529720725080741E-16, -0.000000000000000000 ) ) ;
#1334 = ADVANCED_FACE ( 'NONE', ( #659 ), #1433, .T. ) ;
#1335 = ORIENTED_EDGE ( 'NONE', *, *, #935, .T. ) ;
#1336 = DIRECTION ( 'NONE',  ( 1.000000000000000000, 0.000000000000000000, 0.000000000000000000 ) ) ;
#1337 = VECTOR ( 'NONE', #462, 1000.000000000000000 ) ;
#1338 = ORIENTED_EDGE ( 'NONE', *, *, #133, .F. ) ;
#1339 = AXIS2_PLACEMENT_3D ( 'NONE', #314, #1203, #868 ) ;
#1340 = ORIENTED_EDGE ( 'NONE', *, *, #1366, .F. ) ;
#1341 = DIRECTION ( 'NONE',  ( -1.000000000000000000, 0.000000000000000000, 0.000000000000000000 ) ) ;
#1342 = LINE ( 'NONE', #560, #544 ) ;
#1343 = CARTESIAN_POINT ( 'NONE',  ( -72.50000000000000000, -88.00000000000008527, 460.2851289680178866 ) ) ;
#1344 = ORIENTED_EDGE ( 'NONE', *, *, #539, .T. ) ;
#1345 = EDGE_CURVE ( 'NONE', #909, #295, #670, .T. ) ;
#1346 = DIRECTION ( 'NONE',  ( 0.000000000000000000, 1.000000000000000000, 0.000000000000000000 ) ) ;
#1347 = VERTEX_POINT ( 'NONE', #1417 ) ;
#1348 = EDGE_CURVE ( 'NONE', #342, #624, #297, .T. ) ;
#1349 = VERTEX_POINT ( 'NONE', #205 ) ;
#1350 = DIRECTION ( 'NONE',  ( 0.000000000000000000, 0.000000000000000000, 1.000000000000000000 ) ) ;
#1351 = CYLINDRICAL_SURFACE ( 'NONE', #1364, 5.000000000000004441 ) ;
#1352 = DIRECTION ( 'NONE',  ( 1.000000000000000000, 0.000000000000000000, 0.000000000000000000 ) ) ;
#1353 = CARTESIAN_POINT ( 'NONE',  ( -80.00000000000001421, -80.00000000000005684, 448.2851289680178866 ) ) ;
#1354 = VERTEX_POINT ( 'NONE', #643 ) ;
#1355 = ORIENTED_EDGE ( 'NONE', *, *, #140, .T. ) ;
#1356 = EDGE_CURVE ( 'NONE', #649, #1349, #650, .T. ) ;
#1357 = EDGE_CURVE ( 'NONE', #353, #830, #88, .T. ) ;
#1358 = CIRCLE ( 'NONE', #92, 5.000000000000004441 ) ;
#1359 = DIRECTION ( 'NONE',  ( -0.6187883329615871952, -0.7855577629879422208, 0.000000000000000000 ) ) ;
#1360 = VECTOR ( 'NONE', #116, 1000.000000000000000 ) ;
#1361 = CARTESIAN_POINT ( 'NONE',  ( -70.00000000000001421, 87.99999999999992895, 443.2851289680178866 ) ) ;
#1362 = DIRECTION ( 'NONE',  ( -0.000000000000000000, -0.000000000000000000, -1.000000000000000000 ) ) ;
#1363 = VECTOR ( 'NONE', #1044, 1000.000000000000000 ) ;
#1364 = AXIS2_PLACEMENT_3D ( 'NONE', #808, #933, #702 ) ;
#1365 = ORIENTED_EDGE ( 'NONE', *, *, #69, .T. ) ;
#1366 = EDGE_CURVE ( 'NONE', #1048, #649, #1085, .T. ) ;
#1367 = LOCAL_TIME ( 14, 37, 5.000000000000000000, #269 ) ;
#1368 = DIRECTION ( 'NONE',  ( 0.000000000000000000, 1.000000000000000000, 0.000000000000000000 ) ) ;
#1369 = DIRECTION ( 'NONE',  ( -1.000000000000000000, 0.000000000000000000, 0.000000000000000000 ) ) ;
#1370 = ORIENTED_EDGE ( 'NONE', *, *, #161, .F. ) ;
#1371 = ORIENTED_EDGE ( 'NONE', *, *, #307, .T. ) ;
#1372 = CARTESIAN_POINT ( 'NONE',  ( 79.99999999999998579, 79.99999999999992895, 448.2851289680178866 ) ) ;
#1373 = CARTESIAN_POINT ( 'NONE',  ( -80.00000000000001421, -80.00000000000005684, 413.2851289680178866 ) ) ;
#1374 = CC_DESIGN_PERSON_AND_ORGANIZATION_ASSIGNMENT ( #852, #959, ( #927 ) ) ;
#1375 = ADVANCED_FACE ( 'NONE', ( #993 ), #534, .F. ) ;
#1376 = LINE ( 'NONE', #887, #209 ) ;
#1377 = ORIENTED_EDGE ( 'NONE', *, *, #18, .T. ) ;
#1378 = ORIENTED_EDGE ( 'NONE', *, *, #1297, .F. ) ;
#1379 = PLANE ( 'NONE',  #635 ) ;
#1380 = CLOSED_SHELL ( 'NONE', ( #239, #148, #950, #1242, #719, #1231, #265, #508, #21, #435 ) ) ;
#1381 = VECTOR ( 'NONE', #433, 1000.000000000000000 ) ;
#1382 = LINE ( 'NONE', #1057, #768 ) ;
#1383 = EDGE_CURVE ( 'NONE', #924, #1194, #1331, .T. ) ;
#1384 = DIRECTION ( 'NONE',  ( -1.000000000000000000, -6.753856733136368626E-16, 0.000000000000000000 ) ) ;
#1385 = ORIENTED_EDGE ( 'NONE', *, *, #825, .F. ) ;
#1386 = PERSON_AND_ORGANIZATION_ROLE ( 'classification_officer' ) ;
#1387 = DIRECTION ( 'NONE',  ( 0.000000000000000000, 0.000000000000000000, 1.000000000000000000 ) ) ;
#1388 = AXIS2_PLACEMENT_3D ( 'NONE', #755, #644, #969 ) ;
#1389 = LINE ( 'NONE', #515, #1124 ) ;
#1390 = VERTEX_POINT ( 'NONE', #975 ) ;
#1391 = EDGE_CURVE ( 'NONE', #224, #1054, #245, .T. ) ;
#1392 = CARTESIAN_POINT ( 'NONE',  ( -80.00000000000000000, -85.00000000000007105, 455.2851289680178866 ) ) ;
#1393 = DIRECTION ( 'NONE',  ( 0.8390976183068128424, 0.5439808700237851458, 0.000000000000000000 ) ) ;
#1394 = VERTEX_POINT ( 'NONE', #410 ) ;
#1395 = LINE ( 'NONE', #743, #473 ) ;
#1396 = CARTESIAN_POINT ( 'NONE',  ( -70.00000000000001421, 94.99999999999992895, 448.2851289680178866 ) ) ;
#1397 = DIRECTION ( 'NONE',  ( 1.000000000000000000, 0.000000000000000000, 0.000000000000000000 ) ) ;
#1398 = VECTOR ( 'NONE', #1421, 1000.000000000000000 ) ;
#1399 = VECTOR ( 'NONE', #1, 1000.000000000000000 ) ;
#1400 = LINE ( 'NONE', #1414, #1070 ) ;
#1401 = ORIENTED_EDGE ( 'NONE', *, *, #625, .F. ) ;
#1402 = ORIENTED_EDGE ( 'NONE', *, *, #325, .T. ) ;
#1403 = DIRECTION ( 'NONE',  ( 0.000000000000000000, 0.000000000000000000, 1.000000000000000000 ) ) ;
#1404 = ADVANCED_FACE ( 'NONE', ( #1303, #15 ), #358, .T. ) ;
#1405 = CARTESIAN_POINT ( 'NONE',  ( -80.00000000000001421, -80.00000000000005684, 448.2851289680178866 ) ) ;
#1406 = EDGE_CURVE ( 'NONE', #533, #224, #1240, .T. ) ;
#1407 = COORDINATED_UNIVERSAL_TIME_OFFSET ( 1, 0, .AHEAD. ) ;
#1408 = CARTESIAN_POINT ( 'NONE',  ( -80.00000000000000000, -80.00000000000007105, 460.2851289680178866 ) ) ;
#1409 = VERTEX_POINT ( 'NONE', #902 ) ;
#1410 = ORIENTED_EDGE ( 'NONE', *, *, #133, .T. ) ;
#1411 = DIRECTION ( 'NONE',  ( 0.000000000000000000, 1.000000000000000000, 0.000000000000000000 ) ) ;
#1412 = CARTESIAN_POINT ( 'NONE',  ( 80.00000000000000000, 79.99999999999990052, 460.2851289680178866 ) ) ;
#1413 = APPROVAL ( #639, 'UNSPECIFIED' ) ;
#1414 = CARTESIAN_POINT ( 'NONE',  ( 87.50000000000000000, 87.99999999999991473, 460.2851289680178866 ) ) ;
#1415 = EDGE_LOOP ( 'NONE', ( #1323, #333, #844, #695, #1329, #70, #512, #492 ) ) ;
#1416 = EDGE_LOOP ( 'NONE', ( #642, #1249, #1135, #338 ) ) ;
#1417 = CARTESIAN_POINT ( 'NONE',  ( 84.99999999999998579, 79.99999999999992895, 448.2851289680178866 ) ) ;
#1418 = DIRECTION ( 'NONE',  ( 0.000000000000000000, 1.000000000000000000, 0.000000000000000000 ) ) ;
#1419 = DIRECTION ( 'NONE',  ( 0.7855577629879423318, -0.6187883329615870842, 0.000000000000000000 ) ) ;
#1420 = EDGE_CURVE ( 'NONE', #119, #1006, #591, .T. ) ;
#1421 = DIRECTION ( 'NONE',  ( 1.000000000000000000, 6.753856733136369612E-16, 0.000000000000000000 ) ) ;
#1422 = CIRCLE ( 'NONE', #1004, 8.000000000000007105 ) ;
#1423 = EDGE_LOOP ( 'NONE', ( #1059, #725, #598, #541 ) ) ;
#1424 = ORIENTED_EDGE ( 'NONE', *, *, #500, .F. ) ;
#1425 = LINE ( 'NONE', #984, #430 ) ;
#1426 = DIRECTION ( 'NONE',  ( -0.5439808700237851458, 0.8390976183068128424, 0.000000000000000000 ) ) ;
#1427 = VERTEX_POINT ( 'NONE', #798 ) ;
#1428 = AXIS2_PLACEMENT_3D ( 'NONE', #45, #1350, #588 ) ;
#1429 = CARTESIAN_POINT ( 'NONE',  ( -70.00000000000001421, 64.99999999999992895, 443.2851289680178866 ) ) ;
#1430 =( GEOMETRIC_REPRESENTATION_CONTEXT ( 3 ) GLOBAL_UNCERTAINTY_ASSIGNED_CONTEXT ( ( #751 ) ) GLOBAL_UNIT_ASSIGNED_CONTEXT ( ( #700, #1128, #131 ) ) REPRESENTATION_CONTEXT ( 'NONE', 'WORKASPACE' ) );
#1431 = ORIENTED_EDGE ( 'NONE', *, *, #928, .T. ) ;
#1432 = VERTEX_POINT ( 'NONE', #350 ) ;
#1433 = PLANE ( 'NONE',  #60 ) ;
#1434 = EDGE_CURVE ( 'NONE', #731, #533, #894, .T. ) ;
#1435 = DIRECTION ( 'NONE',  ( -0.8390976183068128424, -0.5439808700237851458, 0.000000000000000000 ) ) ;
ENDSEC;
END-ISO-10303-21;
